62484375,23.94,8.807383,4.100700,0.391825,0.671341,-1.479439,0.191124
9766,23.94,9.683754,4.250850,0.681955,1.032820,-2.420248,0.884304
8789,24.12,9.650254,4.459025,0.519841,1.737683,-2.094886,-1.009608
9765,24.12,9.254243,5.105685,-0.528814,1.164691,-1.605125,-1.393536
9766,24.25,8.995817,5.444868,-0.803390,1.196150,-1.972178,-1.673083
9766,24.25,8.322238,5.842077,-1.146162,1.299921,-2.159638,-2.024637
9765,24.25,8.095518,5.559125,-1.417747,1.459892,-2.170862,-2.347479
9766,24.25,7.663015,5.427520,2.555535,2.022575,-2.026851,-2.496530
9766,24.31,6.423533,5.929415,-6.482157,2.391690,-2.501951,-2.501951
9765,24.31,6.530612,6.415158,-5.820541,2.031509,-2.501951,-2.482709
8789,24.31,6.151349,5.619545,-5.041080,1.861154,-2.501951,-2.379015
9766,24.31,7.749157,6.375078,-4.907680,1.918804,-2.501951,-2.264859
9766,24.31,5.705686,6.152546,-5.267799,2.048995,-2.501951,-2.222709
9765,24.31,5.673383,6.406185,-8.316256,1.119563,-2.501951,-2.175749
9766,24.31,5.916255,6.654440,-7.186245,0.552909,-2.501951,-2.135890
9766,24.31,5.779265,8.245070,-11.681162,-1.299387,-2.501951,-1.884061
9765,24.31,3.664010,6.628119,-5.906085,-0.467923,-2.501951,-1.612455
9766,24.31,3.417549,6.213562,-5.251647,0.402866,-2.501951,-1.745929
9765,24.31,2.821736,5.180461,-4.059423,0.313985,-2.501951,-1.788232
8789,24.31,2.970690,5.641678,-4.967500,0.406073,-2.501951,-1.860085
9766,24.25,2.075176,6.616754,-6.881759,0.170202,-2.501951,-1.745776
9766,24.25,2.296512,6.894321,-6.150153,0.198684,-2.337323,-1.174236
9765,24.31,2.126023,6.659225,-5.820541,0.237703,-1.621236,-0.696692
9766,24.31,2.077569,6.321239,-6.628119,0.296651,-1.103757,-0.533438
9766,24.31,2.682354,6.708877,-6.709475,0.096517,-0.964938,-0.323377
9765,24.31,2.997011,6.832705,-6.151349,-0.137750,-1.039769,-0.263054
9766,24.38,2.398805,6.632905,-6.591030,-0.194561,-1.140104,-0.360640
9765,24.38,2.055435,6.619146,-6.581459,-0.216781,-1.326723,-0.396681
9766,24.31,2.373680,6.064011,-5.077570,-0.367283,-1.305572,-0.248469
8789,24.31,3.181258,5.838488,-5.160122,-0.492586,-1.076039,-0.157756
9766,24.31,3.221338,5.515457,-5.455636,-0.604451,-1.067945,-0.123471
9765,24.31,3.059224,5.850451,-5.934201,-0.710894,-1.161789,-0.006032
9766,24.38,4.225127,7.149156,-6.209973,-0.730824,-1.050306,0.193186
9766,24.38,2.085345,6.745368,-7.323833,-0.629191,-0.660956,-0.101938
9765,24.31,0.468395,7.524231,-7.524829,-0.568028,-0.356669,0.205098
9766,24.31,2.315056,7.635498,-7.536794,-0.461280,-0.198378,0.409738
9766,24.31,1.963909,8.358130,-7.448259,-0.119577,-0.259923,0.678595
9765,24.31,2.135594,8.416754,-7.356135,-0.090103,-0.264276,1.161331
9766,24.31,2.566302,7.792826,-7.524231,0.024587,-0.422184,1.518153
8789,24.31,1.814956,7.603195,-7.226923,0.077885,-0.728075,1.812819
9765,24.38,2.191227,7.184451,-7.192227,0.060781,-1.097725,1.893759
9766,24.38,2.748157,6.926624,-7.401599,0.196393,-1.261971,1.748907
9766,24.31,2.955136,6.596415,-7.316056,0.285503,-1.086424,1.640020
9765,24.31,3.153740,6.239285,-7.475777,0.390267,-0.721966,1.212338
9766,24.38,3.114259,7.024730,-7.072586,0.216934,-0.370032,0.719905
9766,24.38,2.535196,6.848259,-7.016953,0.398742,-0.482125,0.848645
9765,24.38,2.455036,6.516254,-7.159326,1.065731,-1.052903,1.123152
9766,24.38,2.622534,6.553344,-8.356336,1.660790,-1.784566,1.174770
8789,24.38,2.559124,6.407979,-9.084950,1.710652,-2.080378,1.108797
9766,24.38,3.200400,6.497710,-8.700304,1.242271,-1.744631,0.986318
9765,24.38,3.513860,6.229116,-8.382656,0.682184,-1.153390,0.841543
9766,24.38,3.667599,5.891728,-8.182257,0.451811,-0.873614,0.885373
9765,24.38,4.450052,5.673981,-8.072188,0.479987,-0.894918,0.870636
9766,24.38,4.575675,5.656035,-8.105089,0.504422,-0.929050,0.848339
9766,24.44,4.648058,5.924031,-8.108679,0.355524,-0.748692,0.826653
9765,24.44,5.106882,5.664410,-8.076376,0.349415,-0.416305,0.732580
9766,24.38,5.247460,4.847859,-8.488539,0.467083,-0.367741,0.701121
9766,24.38,4.431508,4.860422,-9.328420,0.316123,-0.542143,0.768468
8789,24.38,3.608377,6.408577,-9.856037,-0.074602,-0.602771,0.816880
9765,24.38,3.973881,7.133005,-10.220345,-0.207694,-0.258931,0.736703
9766,24.44,5.134400,6.692127,-9.853644,-0.009316,-0.009163,0.869719
9765,24.44,5.725427,5.583652,-9.415758,0.217010,-0.112323,1.024879
9766,24.31,5.164908,4.883751,-8.781660,0.373697,-0.407982,1.065120
9766,24.31,4.682156,4.509873,-8.190034,0.599106,-0.703564,1.258153
9765,24.38,4.198806,4.174279,-7.177272,0.939129,-1.128955,1.431028
9766,24.38,5.370691,4.581059,-8.368299,2.164754,-2.298304,1.376050
9766,24.38,3.427120,3.502494,-7.907083,2.501951,-2.501951,1.320309
8789,24.38,1.925624,2.599204,-6.151349,2.501951,-2.501951,1.299387
9765,24.38,1.366302,2.111068,-5.949754,2.493476,-2.501951,1.337795
9765,24.44,1.604388,2.398805,-9.517453,0.725097,-0.232282,0.900186
9766,24.38,2.580061,2.311467,-9.312267,0.869185,-0.853073,1.045038
9765,24.38,1.302294,2.398805,-9.460025,0.867429,-0.787482,0.992809
9766,24.44,0.640080,1.708475,-9.266206,0.842918,-0.914007,0.963945
9766,24.44,1.767698,1.584647,-9.177073,0.881860,-1.035875,0.664087
9765,24.38,1.143171,0.811765,-8.950952,0.657749,-1.284268,0.358349
8789,24.38,1.459024,0.369093,-9.524632,0.628351,-1.630018,0.073686
9766,24.38,0.449252,2.253441,-11.193624,0.741972,-1.758681,0.028100
9766,24.38,0.500100,1.561317,-10.188042,0.643165,-1.781130,-0.167759
9765,24.44,1.355534,0.811765,-9.367901,0.318261,-1.099863,-0.310549
9766,24.44,1.086342,0.589233,-9.117851,0.358731,-0.563065,-0.216704
9765,24.44,1.315454,1.048056,-9.425329,0.468152,-0.202273,-0.186543
9766,24.44,1.024128,0.610768,-8.866605,0.460363,0.329180,-0.187612
9766,24.44,1.188036,0.864407,-9.154343,0.438678,0.685162,-0.156076
9765,24.44,0.289532,1.441676,-9.752547,0.322155,0.810542,-0.112094
8789,24.38,-0.164507,1.666601,-9.841082,0.165315,0.808862,0.007636
9766,24.38,0.430708,1.380061,-9.839287,0.015424,0.695317,0.139125
9766,24.44,2.027917,0.851845,-9.520444,-0.113545,0.496786,0.172875
9765,24.44,2.790629,0.487538,-9.008978,-0.155236,0.377515,0.061545
9766,24.38,2.613561,0.559322,-8.732607,-0.059407,0.321926,-0.084987
9766,24.38,2.194817,0.824926,-8.602797,0.034667,0.392634,-0.181503
9765,24.31,1.810769,0.887737,-8.793026,0.034514,0.514196,-0.233274
9766,24.31,1.504487,0.989432,-8.867203,0.038408,0.516639,-0.233121
9765,24.50,1.892723,1.001396,-8.676973,0.040241,0.412181,-0.215101
9766,24.50,2.464009,0.920040,-8.603992,-0.039859,0.280311,-0.258320
8789,24.44,2.532803,0.943969,-8.467003,-0.171653,0.157680,-0.380187
9766,24.44,2.518446,0.891326,-8.187043,-0.242361,0.005498,-0.497626
9765,24.38,2.730211,0.912264,-8.191830,-0.208000,-0.196317,-0.602160
9766,24.38,2.542374,1.046860,-8.270194,-0.124464,-0.311083,-0.718683
9766,24.38,2.543571,1.052244,-8.178070,-0.010614,-0.365603,-0.805808
9765,24.38,2.714658,1.094118,-8.111670,0.039172,-0.329256,-0.903164
9766,24.44,2.070390,1.176072,-8.114660,-0.001527,-0.341092,-1.039769
9765,24.44,2.314458,1.366302,-8.495717,-0.002749,-0.499382,-1.147358
9766,24.38,1.846661,1.968097,-9.012567,-0.072082,-0.526260,-1.206764
8789,24.38,2.672783,1.511666,-9.139386,-0.339259,-0.678824,-1.105590
9766,24.38,2.833102,1.300499,-9.704691,-0.626290,-1.037784,-1.089020
9765,24.38,1.858625,1.441676,-9.399607,-1.008004,-1.328479,-1.248303
9766,24.38,2.716452,1.048655,-9.287143,-1.560302,-1.956907,-1.371621
9766,24.38,1.158126,1.094118,-8.511868,-1.518764,-1.762957,-1.609172
9765,24.44,0.246461,1.962713,-8.673983,-1.457448,-1.909030,-1.796478
9766,24.44,-0.223131,2.599802,-9.191430,-1.297554,-1.640097,-1.871767
9766,24.38,-0.049651,2.873182,-9.041879,-0.927293,-0.941191,-1.603139
9765,24.38,0.041874,3.110071,-8.990434,-0.648663,-0.375377,-1.293965
9766,24.44,0.320040,2.889333,-8.980264,-0.536951,0.019242,-1.069625
8789,24.44,0.086142,2.887539,-8.463414,-0.601550,0.227242,-0.984486
9765,24.38,-0.059222,2.953940,-8.382656,-0.704251,0.342466,-0.935846
9766,24.38,-0.004786,3.184249,-8.416754,-0.744492,0.398131,-0.851699
9766,24.44,-0.190828,3.153142,-8.368897,-0.777784,0.514043,-0.747623
9765,24.44,-0.427717,3.457031,-8.282158,-0.719217,0.543594,-0.686765
9766,24.50,-0.784846,3.553342,-7.981260,-0.647823,0.528017,-0.570090
9766,24.50,-0.717249,3.667599,-7.924431,-0.634231,0.494343,-0.413479
9765,24.50,-1.065404,3.771687,-7.719246,-0.561614,0.356745,-0.270002
9766,24.50,-0.774078,3.766901,-7.545767,-0.426995,0.232282,-0.167682
9765,24.44,0.069990,3.517449,-7.433304,-0.233045,0.095219,-0.102549
8790,24.44,0.232104,3.511467,-7.542177,-0.128511,-0.030543,-0.114079
9765,24.44,0.013759,3.641876,-7.784451,-0.005880,-0.147295,-0.166766
9766,24.44,0.056830,3.689733,-7.749755,0.181198,-0.293063,-0.211436
9765,24.44,0.004187,3.783651,-8.078768,0.299248,-0.390496,-0.224722
9766,24.44,-0.015553,3.857230,-8.325229,0.333303,-0.373391,-0.205862
9766,24.44,0.017946,3.891328,-8.613564,0.328035,-0.310625,-0.178220
9766,24.44,-0.078365,3.874578,-7.975278,0.310701,-0.539699,-0.205403
8789,24.44,-0.064606,3.995416,-7.874182,0.244804,-0.561996,-0.201738
9765,24.44,-0.064008,4.019344,-7.911271,0.233427,-0.624839,-0.207694
9766,24.44,-0.139382,3.991827,-7.859227,0.231289,-0.708069,-0.239230
9765,24.44,0.032303,4.365107,-8.166704,0.211588,-0.769614,-0.279929
9766,24.50,-0.211765,4.166502,-8.075777,0.165086,-0.643470,-0.269850
9766,24.50,-0.363111,4.332206,-8.503493,0.183260,-0.582842,-0.261985
9765,24.44,-0.490529,4.454838,-8.663215,0.147371,-0.587729,-0.269544
9766,24.44,-0.717249,4.457829,-8.528619,0.074907,-0.797179,-0.291001
9766,24.44,-0.580260,4.347759,-8.743973,0.025351,-0.910571,-0.310625
9765,24.44,-0.333201,4.320241,-8.786446,0.087888,-1.126665,-0.352393
8789,24.38,-0.682553,4.563113,-9.038888,0.045509,-1.253266,-0.408440
9766,24.38,-0.892523,4.533801,-8.965309,0.026496,-1.298165,-0.407676
9766,24.44,-0.827917,4.405785,-8.860622,0.019090,-1.283733,-0.376827
9765,24.44,-0.677767,4.296911,-8.976675,0.011530,-1.246318,-0.354302
9766,24.44,-0.665205,4.322635,-9.296715,0.000916,-1.228374,-0.374613
9765,24.44,-0.614955,4.260421,-9.621540,-0.029932,-1.197678,-0.416686
9766,24.50,-0.761516,4.008576,-9.671192,-0.037874,-1.179428,-0.468686
9766,24.50,-0.888934,4.028317,-9.845269,-0.044364,-1.132773,-0.529315
9765,24.44,-1.537987,4.290331,-10.045070,-0.067348,-1.001514,-0.542372
8789,24.44,-2.327618,4.527221,-10.213764,-0.104992,-0.863000,-0.480980
9766,24.50,-2.558526,4.573881,-10.332210,-0.110032,-0.821232,-0.319024
9766,24.50,-2.405983,4.304090,-10.280166,-0.169973,-0.753502,-0.144088
9765,24.44,-1.527817,2.527419,-10.270594,-0.222355,-0.650113,-0.056963
9766,24.44,-2.473580,4.554140,-9.924232,-0.129962,-0.420504,-0.321315
9765,24.44,-3.206383,4.542774,-9.720244,-0.311923,-0.298789,-0.222431
9766,24.44,-2.875575,4.040880,-9.517453,-0.492739,-0.483271,0.141568
9766,24.44,-2.577668,3.754937,-8.765508,-0.639041,-0.540921,0.349339
9765,24.44,-2.324627,2.897708,-8.238489,-0.760833,-0.418443,0.489914
9766,24.50,-1.578067,2.632105,-8.042875,-0.665843,-0.393932,0.544892
8789,24.50,-1.093520,2.501098,-8.076973,-0.504040,-0.453644,0.484874
9766,24.50,-1.098306,2.484348,-7.975877,-0.327729,-0.512974,0.391488
9765,24.50,-1.316651,2.741577,-7.890931,-0.217621,-0.513890,0.272828
9766,24.50,-1.904687,3.230909,-8.056036,-0.207465,-0.413327,0.158901
9766,24.50,-2.240879,3.445067,-8.171490,-0.224340,-0.335365,0.098884
9765,24.50,-2.544767,3.514459,-8.160124,-0.278555,-0.355447,0.044135
9766,24.50,-2.734398,3.598805,-8.146963,-0.334754,-0.319712,0.064446
9765,24.50,-2.710470,3.762116,-8.365309,-0.426002,-0.162414,0.121028
9766,24.50,-2.626123,3.704688,-8.821740,-0.462578,0.008858,0.165850
8789,24.50,-2.500500,4.514060,-9.473186,-0.391183,0.150349,0.188146
9766,24.50,-3.253043,4.097111,-9.563515,-0.369573,0.250989,0.189979
9765,24.44,-3.151348,4.417749,-9.937991,-0.210443,0.212963,0.187459
9766,24.44,-3.086741,4.727620,-10.455439,-0.083154,0.392175,0.294742
9766,24.50,-3.375077,4.730611,-10.496117,0.167530,0.380951,0.362549
9765,24.50,-3.568297,4.633701,-11.041083,0.512134,0.190666,0.348957
9766,24.50,-3.550351,4.874180,-10.106087,0.960433,0.072769,0.433256
9765,24.50,-2.876173,4.491328,-9.693924,1.140027,0.019090,0.535347
9766,24.50,-1.995016,3.984050,-9.358330,1.109408,0.203418,0.579787
9766,24.50,-1.377069,3.334399,-8.950952,1.168051,0.187688,0.536721
8789,24.44,-1.578067,3.830311,-9.288340,1.199434,0.256869,0.408592
9765,24.44,-2.246263,3.915854,-8.961720,1.226465,0.205403,0.315817
9766,24.50,-2.497509,3.559922,-8.331211,1.094747,0.228616,0.384769
9766,24.50,-2.477768,3.461218,-8.011768,0.826348,0.393321,0.397750
9765,24.44,-1.832304,3.179463,-7.450652,0.576657,0.538325,0.326431
9766,24.44,-1.476970,3.162714,-7.741978,0.440052,0.498542,0.269621
9766,24.56,-1.179063,3.375077,-7.963912,0.279394,0.388052,0.186085
9765,24.56,-1.035494,3.512066,-8.072188,0.096364,0.397597,0.161192
9766,24.50,-0.089731,3.387041,-8.164311,-0.059483,0.417603,0.154473
9765,24.50,-0.017348,3.413960,-8.129616,-0.278784,0.296880,0.001833
9766,24.44,-0.059222,3.325425,-6.676574,-0.837038,-0.044440,-0.479911
9765,24.44,-0.254237,3.171687,-6.167500,-0.900492,-0.223882,-0.586812
9766,24.50,0.021535,2.975475,-6.094520,-0.828791,-0.410196,-0.659276
9766,24.50,0.037687,2.901896,-6.394819,-0.678137,-0.509156,-0.727922
9765,24.50,-0.594616,3.080161,-6.551548,-0.544586,-0.492968,-0.816040
9766,24.50,-1.004387,3.398407,-6.720841,-0.505720,-0.343764,-0.876515
9765,24.50,-1.550549,3.473780,-6.964909,-0.544434,-0.012446,-0.852692
8790,24.50,-2.145166,3.768098,-7.083354,-0.568028,0.370184,-0.831388
9765,24.44,-2.365904,3.734598,-7.191031,-0.544128,0.601931,-0.824515
9766,24.44,-2.033900,3.784249,-7.285547,-0.468305,0.589103,-0.903470
9765,24.56,-1.091127,4.917251,-8.691929,-0.475788,0.837114,-0.949208
9766,24.56,-1.337588,4.655237,-8.941978,-0.754800,1.556866,-0.898812
9766,24.50,-1.736591,5.465207,-8.951550,-1.071610,2.156125,-0.903088
9765,24.50,-6.681958,7.635498,-10.455439,-1.796631,2.491032,-1.039922
9766,24.56,1.724029,5.428119,-7.646266,-2.419255,2.500271,-2.206140
9766,24.56,-0.226122,7.015158,-11.839088,-2.423150,2.500042,-2.325411
9765,24.50,-10.995619,6.214161,-11.140385,-1.689959,1.615815,-1.678123
8789,24.50,2.198406,11.355739,-11.553745,-0.544357,-0.101633,-0.782442
9766,24.50,0.144168,4.626523,-7.953743,-1.886123,0.534278,-1.411710
9765,24.50,-0.492323,1.134198,-4.463212,-1.874745,0.062079,-1.744936
9766,24.50,3.001796,2.860620,-6.351150,-1.185995,0.011225,-1.894751
9766,24.50,-0.002991,5.054838,-8.253444,-0.727693,0.305585,-2.040366
9765,24.56,-2.374278,7.789834,-10.194023,-0.510454,0.253204,-2.121459
9766,24.56,-3.283551,9.037691,-10.481162,-0.718378,0.143324,-2.106874
9766,24.44,-3.895515,8.144570,-9.141779,-0.987311,-0.051313,-2.049606
9765,24.44,-3.829115,7.272985,-8.126026,-0.993572,-0.277715,-1.906358
9766,24.56,-2.621337,8.082356,-8.701500,-0.844598,-0.386220,-1.740813
8789,24.56,-2.425126,9.045468,-9.433703,-0.817567,-0.301462,-1.576720
9766,24.56,-2.655435,9.521042,-9.343973,-0.978988,-0.144011,-1.493031
9765,24.56,-3.468995,8.679964,-8.451449,-1.223105,-0.013821,-1.453859
9766,24.50,-3.318247,7.641479,-7.338190,-1.314506,-0.069333,-1.393689
9765,24.50,-2.461616,6.436693,-6.152546,-1.223181,-0.119042,-1.321607
9766,24.50,-1.532005,5.938388,-5.553741,-0.987311,0.000305,-1.234559
9766,24.50,-1.029512,5.600401,-5.508876,-0.712956,0.214032,-1.149037
9765,24.50,-0.972084,5.694918,-5.660821,-0.444710,0.349568,-0.974788
9766,24.50,-0.212961,5.645865,-5.798408,-0.194408,0.314596,-0.863458
8789,24.56,0.554537,5.047061,-5.774479,0.038255,0.286114,-0.945467
9766,24.56,1.570888,4.308277,-5.361718,0.261603,0.278173,-1.095892
9765,24.50,1.411765,5.002794,-6.132805,0.536874,0.410349,-1.114905
9766,24.50,-0.558126,5.161319,-7.176075,0.596892,0.983951,-0.941725
9765,24.56,0.047856,5.973084,-7.666006,0.750448,1.110247,-0.795041
9766,24.56,0.885344,5.290531,-7.362118,0.792750,1.130788,-0.770148
9766,24.56,0.640080,4.553542,-7.322038,0.765872,1.163393,-0.807335
9765,24.56,2.815754,4.005586,-7.250851,0.914542,1.353143,-0.809396
9766,24.50,1.542174,3.876373,-7.998608,1.018160,1.881618,-0.821766
9766,24.50,0.119043,4.865207,-9.144173,1.075963,2.320295,-0.772974
8789,24.50,-0.547358,7.119844,-10.721043,1.015029,2.495766,-0.666607
9765,24.50,-1.194019,6.805786,-10.538589,0.740674,2.461634,-0.652480
9766,24.56,-1.789832,6.365507,-9.961322,0.463494,2.238058,-0.608727
9766,24.56,-1.717449,5.965906,-9.443275,0.384540,1.902540,-0.484951
9765,24.50,-1.110270,5.684749,-9.463614,0.319941,1.643762,-0.340939
9766,24.50,0.289532,5.658428,-9.530614,0.276569,1.547780,-0.204563
9765,24.50,0.017348,5.728418,-9.346366,0.143782,1.614822,-0.137826
9766,24.50,-0.566501,5.703293,-9.041879,0.012828,1.647504,-0.117057
9766,24.44,-1.159921,6.263812,-9.159127,-0.014890,1.501659,-0.073838
8789,24.44,-1.497309,6.638886,-9.020344,-0.004887,1.216462,-0.026344
9765,24.56,-1.381257,6.560522,-8.765508,-0.063988,0.987158,0.065210
9766,24.56,-0.911067,6.268000,-8.495119,-0.136910,0.870178,0.208763
9766,24.50,-0.150150,6.256633,-8.496316,-0.254883,0.873156,0.342390
9765,24.50,1.010369,5.850451,-8.309675,-0.365908,0.865443,0.397291
9766,24.44,2.271985,5.368896,-7.723434,-0.268246,0.685544,0.115988
9766,24.44,2.711667,5.417351,-8.129017,-0.184100,0.579711,0.003436
9765,24.56,2.432304,5.632106,-7.780263,-0.103465,0.398513,-0.120646
8789,24.56,2.117050,5.624330,-7.588239,-0.111483,0.370642,-0.205480
9766,24.50,2.199602,5.382655,-7.286744,-0.106443,0.339947,-0.226249
9766,24.50,2.328217,5.173283,-7.502696,-0.119348,0.330860,-0.229304
9765,24.50,2.453242,5.212166,-7.310074,-0.122937,0.195019,-0.291459
9766,24.50,1.991427,4.969295,-7.047461,-0.193339,0.088805,-0.395612
9766,24.50,1.935195,4.736593,-6.850054,-0.214032,0.059407,-0.443030
9765,24.50,2.030908,4.649853,-6.929017,-0.182649,0.060399,-0.465479
9766,24.62,1.808974,4.696513,-6.976274,-0.143706,0.051465,-0.511294
9765,24.62,1.328615,4.794021,-6.955338,-0.084223,-0.022755,-0.566959
8789,24.56,1.498505,4.950750,-7.153942,0.001527,-0.152716,-0.611094
9766,24.56,1.650450,4.941777,-7.159326,0.037721,-0.229533,-0.660345
9766,24.44,1.519443,4.802993,-7.083354,0.063988,-0.264886,-0.715552
9765,24.44,1.263410,4.771887,-7.175478,0.114919,-0.269392,-0.752433
9766,24.50,0.948156,5.011169,-7.348359,0.157909,-0.252822,-0.758542
9766,24.50,0.796810,5.199604,-7.464411,0.181580,-0.220370,-0.733191
9765,24.56,0.707677,5.219345,-7.616953,0.186390,-0.156840,-0.700662
9766,24.56,0.623929,5.355137,-7.752148,0.199524,-0.097051,-0.663400
9765,24.56,0.359522,5.304888,-7.589436,0.204563,-0.064904,-0.630795
9766,24.56,-0.011964,5.629116,-7.900503,0.178296,0.029474,-0.574137
8789,24.56,0.119043,5.735596,-7.939985,0.158978,0.072922,-0.528093
9766,24.56,0.429512,5.492725,-7.670194,0.125456,0.023289,-0.533056
9765,24.56,0.614955,5.454439,-7.588239,0.117592,-0.045357,-0.569403
9766,24.56,0.446860,5.608178,-7.780263,0.125151,-0.119730,-0.618196
9766,24.50,0.713659,5.766703,-7.859824,0.144317,-0.192881,-0.644005
9765,24.50,0.677169,5.742774,-7.804192,0.134161,-0.196088,-0.660956
9766,24.56,0.536591,5.836693,-7.824531,0.124693,-0.147524,-0.644386
9766,24.56,0.543769,5.976075,-8.017153,0.131871,-0.101709,-0.594983
9765,24.50,0.704686,6.040083,-7.981260,0.121791,-0.101404,-0.556804
9766,24.50,0.788435,5.759524,-7.672586,0.092164,-0.111177,-0.548252
8789,24.56,0.990629,5.699106,-7.634301,0.094760,-0.090561,-0.550771
9765,24.56,0.900300,5.790631,-7.673783,0.105298,-0.082009,-0.578108
9766,24.56,0.580858,5.738587,-7.547562,0.088805,-0.093462,-0.621861
9766,24.56,0.485145,5.809175,-7.601998,0.067806,-0.091935,-0.646601
9765,24.50,0.332602,5.910871,-7.776674,0.075595,-0.105680,-0.673250
9766,24.50,0.137587,5.990432,-7.953743,0.091248,-0.137826,-0.691270
9766,24.50,-0.226720,6.128019,-8.131410,0.105985,-0.192881,-0.681038
9765,24.50,-0.462413,6.186045,-8.012966,0.127747,-0.271759,-0.634613
9766,24.50,-0.541974,6.065806,-7.889735,0.122631,-0.252440,-0.526566
8789,24.50,-0.367896,5.871987,-7.716255,0.117592,-0.144241,-0.382020
9766,24.56,-0.364905,5.979664,-7.891530,0.105222,0.001374,-0.252135
9765,24.56,-0.371486,5.854639,-7.694720,0.102014,0.053909,-0.160581
9766,24.56,0.043669,5.620142,-7.578668,0.094990,0.083994,-0.088957
9765,24.56,0.600000,5.434699,-7.493723,0.107054,0.099571,-0.072998
9766,24.50,0.754337,5.450252,-7.550552,0.131107,0.101251,-0.128740
9766,24.50,0.537189,5.589634,-7.789237,0.160963,0.074144,-0.215788
9765,24.56,0.472582,5.899505,-8.123633,0.184939,0.008781,-0.283900
9766,24.56,0.510868,5.975477,-8.126026,0.166995,-0.026802,-0.314596
9766,24.56,0.525225,5.875576,-8.115857,0.108047,0.011530,-0.313832
8789,24.56,0.482752,5.839684,-7.960922,0.089644,0.022755,-0.293215
9765,24.56,0.611366,5.783453,-7.969296,0.069562,0.070326,-0.258472
9766,24.56,0.622134,5.530412,-7.660622,0.051160,0.114766,-0.237016
9765,24.56,0.653241,5.397012,-7.628917,0.017486,0.169515,-0.228158
9766,24.56,0.937987,5.325227,-7.554739,0.016952,0.185703,-0.247553
9766,24.50,1.022932,5.190033,-7.395617,0.028176,0.193492,-0.292146
9765,24.50,0.932005,5.315057,-7.509874,0.045586,0.213268,-0.338572
9766,24.56,0.838684,5.355736,-7.507482,0.051313,0.205174,-0.381485
9766,24.56,0.805783,5.233702,-7.366305,0.060857,0.171348,-0.423330
9766,24.56,0.610170,5.435895,-7.705488,0.107589,0.211207,-0.481209
9766,24.56,0.847657,5.513063,-7.811968,0.113163,0.175700,-0.507400
9765,24.56,0.824926,5.577670,-7.981859,0.112628,0.134772,-0.539623
9766,24.56,0.722632,5.708078,-8.143374,0.122326,0.093615,-0.563676
9765,24.62,0.732802,5.813363,-8.260024,0.112017,0.087277,-0.568028
9766,24.62,0.799801,5.910272,-8.359326,0.080023,0.111177,-0.568181
9766,24.50,0.765703,5.989235,-8.430512,0.060170,0.137139,-0.555735
9765,24.50,0.842274,5.974280,-8.531610,0.031001,0.171042,-0.533591
8789,24.56,0.970888,5.879166,-8.458629,0.006949,0.158443,-0.533896
9766,24.56,0.867996,5.752346,-8.283953,-0.011683,0.132940,-0.552604
9766,24.56,0.832702,5.832506,-8.312068,-0.031536,0.138437,-0.560011
9765,24.56,0.697508,5.822934,-8.297710,-0.032147,0.113392,-0.569556
9766,24.50,0.496511,5.822336,-8.149954,-0.042073,0.089797,-0.569479
9765,24.50,0.437288,5.921638,-8.206185,-0.076969,0.105909,-0.550695
9766,24.56,0.468993,5.881558,-8.194221,-0.101480,0.103465,-0.526489
9766,24.56,0.372084,5.879764,-8.106884,-0.105680,0.073151,-0.509614
9765,24.56,0.374477,5.931210,-8.066206,-0.113850,0.049938,-0.491747
8789,24.56,0.442672,5.866005,-7.902895,-0.138437,0.035507,-0.471893
9766,24.62,0.465404,5.871987,-7.683354,-0.159818,0.038332,-0.454713
9766,24.62,0.484547,5.901299,-7.693523,-0.193950,0.077274,-0.431194
9765,24.56,0.534198,5.828318,-7.521838,-0.204945,0.083841,-0.412563
9766,24.56,0.517448,5.732605,-7.384251,-0.214414,0.085292,-0.400880
9766,24.56,0.729811,5.860621,-7.533205,-0.200669,0.083154,-0.397139
9765,24.56,0.701097,5.868996,-7.484750,-0.189215,0.059407,-0.413250
9766,24.56,0.553938,5.888737,-7.453643,-0.166079,0.022373,-0.430584
9765,24.56,0.591027,5.993423,-7.482357,-0.148135,-0.014508,-0.443106
9766,24.56,0.433699,6.067002,-7.558329,-0.158290,-0.036957,-0.461051
8789,24.56,0.332602,6.017351,-7.638489,-0.173333,-0.036194,-0.457385
9766,24.56,0.388834,5.978468,-7.654640,-0.186772,-0.025275,-0.437380
9765,24.56,0.235693,5.868398,-7.651051,-0.197539,-0.015043,-0.422566
9766,24.56,0.134596,5.830711,-7.507482,-0.189826,-0.032758,-0.403171
9766,24.56,0.117847,5.703293,-7.517651,-0.213956,0.005651,-0.373086
9765,24.50,0.245264,5.605786,-7.485946,-0.223271,0.025045,-0.365374
9766,24.50,0.132802,5.589634,-7.441679,-0.200593,-0.020388,-0.387441
9765,24.56,-0.064606,5.624928,-7.392626,-0.173715,-0.074220,-0.395001
9766,24.56,-0.160319,5.569295,-7.216156,-0.150349,-0.113163,-0.373468
8789,24.50,-0.244666,5.438288,-6.949356,-0.130191,-0.138132,-0.343001
9766,24.50,-0.171685,5.429913,-6.720243,-0.090408,-0.145691,-0.304669
9765,24.56,-0.320040,5.396414,-6.562316,-0.057192,-0.153098,-0.277027
9766,24.56,-0.426521,5.493323,-6.480362,-0.034285,-0.182191,-0.253204
9766,24.50,-0.425324,5.510671,-6.420542,-0.004581,-0.231136,-0.223729
9765,24.50,-0.410967,5.578269,-6.442676,0.015424,-0.290161,-0.205251
9766,24.56,-0.366102,5.709275,-6.483952,0.045739,-0.376675,-0.196240
9766,24.56,-0.490529,5.770890,-6.520442,0.073380,-0.446619,-0.184176
9765,24.50,-0.200997,5.885746,-6.737591,0.093462,-0.456240,-0.149433
9766,24.50,-0.115454,5.955736,-6.828518,0.115454,-0.400193,-0.125151
8789,24.56,-0.375673,6.126225,-7.007381,0.139277,-0.342314,-0.105374
9765,24.56,-0.656232,6.299705,-7.192825,0.157985,-0.312687,-0.078191
9766,24.56,-0.944567,6.319445,-7.241280,0.159283,-0.332845,-0.049633
9766,24.56,-1.328615,6.261419,-7.223334,0.140041,-0.394237,-0.010079
9765,24.50,-1.823929,6.193822,-7.234102,0.106596,-0.473573,0.052993
9766,24.50,-2.368895,6.008378,-7.156933,0.089797,-0.530918,0.145310
9766,24.56,-2.989234,6.044270,-7.198209,0.068111,-0.569479,0.259007
9765,24.56,-3.678965,5.827121,-7.136594,0.050244,-0.629268,0.404622
9766,24.56,-4.618746,5.896513,-7.158728,0.054138,-0.799164,0.572686
8789,24.56,-5.029115,5.774479,-7.214959,0.070020,-1.093067,0.757855
9766,24.56,-3.535994,5.732007,-7.582257,0.027413,-1.377730,0.913396
9765,24.56,-2.155335,4.897510,-7.344171,-0.044288,-1.557477,0.970818
9766,24.56,-1.381257,4.323233,-6.765108,-0.088423,-1.527774,0.943176
9765,24.56,-2.053640,4.540979,-6.931409,-0.050702,-1.321531,0.914160
9765,24.56,-4.010969,8.343773,-10.615758,0.010690,-1.457219,1.088944
9766,24.56,-4.392026,9.196217,-11.191831,-0.300164,-1.715615,1.166905
9766,24.56,-3.563511,8.766107,-10.484153,-0.635376,-1.927356,1.346652
8789,24.56,-2.344966,8.467003,-9.959526,-0.938442,-1.954616,1.586799
9765,24.56,-1.336392,7.854441,-9.128619,-1.108415,-1.817400,1.809383
9766,24.56,-0.194417,7.033703,-8.218150,-1.141631,-1.616960,1.976378
9765,24.50,1.516451,6.510871,-7.642078,-1.042747,-1.457983,2.038381
9766,24.50,2.825325,6.052645,-7.174880,-0.897972,-1.296791,1.976607
9766,24.56,4.211368,5.935397,-6.831509,-0.710665,-1.079552,1.834123
9765,24.56,4.957331,5.389833,-6.237491,-0.528475,-0.760833,1.641777
9766,24.56,5.264210,4.832305,-5.556135,-0.320322,-0.403553,1.448362
9766,24.56,5.597411,4.983053,-6.074181,-0.121180,-0.015959,1.244791
9765,24.62,6.119644,4.983053,-6.105886,0.112094,0.189521,0.953942
8789,24.62,6.024529,4.140182,-5.280362,0.326355,0.265726,0.578489
9766,24.62,5.372486,3.624528,-5.030312,0.588492,0.330631,0.214185
9766,24.62,4.096513,4.009773,-5.972486,0.850401,0.432951,-0.089568
9765,24.56,3.080759,5.485546,-8.310274,0.903546,0.436540,-0.379958
9766,24.56,2.572883,6.111269,-8.474182,0.759382,0.023900,-0.772057
9765,24.56,1.253241,5.315656,-7.190433,0.428369,-0.452575,-1.194929
9766,24.56,0.051446,5.592027,-7.332207,0.158367,-0.730595,-1.433548
9766,24.56,-0.806979,5.803193,-7.076774,0.005040,-0.968145,-1.521131
9765,24.56,-1.193420,5.855237,-6.930811,-0.087506,-1.125977,-1.467451
8789,24.56,-1.081556,6.187840,-7.001400,-0.107665,-1.095892,-1.291598
9766,24.56,-1.429712,6.604789,-7.028917,-0.102014,-1.030224,-1.102535
9766,24.62,-1.622932,7.317252,-7.339386,-0.086208,-0.974025,-0.920421
9765,24.62,-1.743770,7.926226,-7.338190,-0.067653,-0.953255,-0.759229
9766,24.56,-2.222334,8.047662,-7.007381,-0.075365,-0.931646,-0.611094
9765,24.56,-2.356930,8.312667,-6.803992,-0.048946,-0.907211,-0.458302
9766,24.56,-2.654837,8.865409,-7.318449,-0.034743,-0.799012,-0.271301
9766,24.56,-2.693720,9.139985,-7.165308,-0.033979,-0.832228,-0.117668
9765,24.56,-2.983252,8.834900,-6.586245,-0.071395,-0.929355,-0.011148
9766,24.56,-2.936592,8.885150,-6.660422,-0.030391,-0.966771,0.139735
8789,24.56,-1.825126,9.306286,-6.997212,0.019319,-0.837878,0.312916
9766,24.56,-2.215754,9.318849,-7.081559,-0.123242,-0.560545,0.446924
9765,24.62,-2.876173,9.235698,-6.794421,-0.344299,-0.455858,0.548099
9766,24.62,-2.300699,8.886346,-6.821938,-0.574748,-0.428751,0.625144
9766,24.69,-1.348356,8.400602,-6.282356,-0.690125,-0.555735,0.636063
9765,24.69,-0.617947,8.693126,-6.830911,-0.764345,-0.623617,0.590401
9766,24.56,-0.226720,9.104093,-7.082157,-0.878730,-0.575130,0.482125
9765,24.56,-0.553340,8.883355,-6.711868,-0.974177,-0.563294,0.311847
9766,24.62,-1.278964,8.234900,-5.986843,-0.970970,-0.532445,0.206396
8789,24.62,-1.067797,7.955537,-5.818149,-0.867963,-0.386601,0.213497
9766,24.56,0.100499,7.519446,-5.560322,-0.646448,-0.198455,0.242132
9765,24.56,0.458824,7.195218,-5.160720,-0.394543,-0.028405,0.202884
9766,24.62,0.741177,6.773483,-4.816154,-0.117439,0.068875,0.102854
9766,24.62,1.133002,6.244669,-4.559524,0.208916,0.245873,0.003436
9765,24.62,1.269991,5.920442,-4.575675,0.541379,0.409585,-0.115912
9766,24.62,1.876571,5.124230,-3.736991,0.909196,0.612698,-0.209145
9765,24.62,1.776671,5.035696,-4.214958,1.274876,1.023734,-0.254654
9766,24.62,0.800997,6.084949,-6.445068,1.428661,1.365131,-0.381485
9766,24.56,1.014557,7.261619,-7.091729,1.387046,1.197601,-0.621250
8789,24.56,-0.265005,7.073782,-6.397212,1.081384,0.842307,-0.883540
9765,24.56,-2.633900,7.588838,-7.071988,0.686765,0.598495,-0.935387
9766,24.56,-2.941976,7.794022,-7.287342,0.389808,0.509385,-0.694477
9766,24.62,-1.636093,6.504889,-6.572486,0.132023,0.860709,-0.281456
9765,24.62,-0.132802,6.178268,-6.344570,0.023518,1.488526,0.050855
9766,24.62,-1.407578,6.982855,-6.738189,0.062690,1.952173,0.207923
9766,24.62,-2.334797,6.389435,-6.611968,0.168904,2.084501,0.265803
9765,24.62,0.848854,5.545965,-5.437091,0.344299,2.165059,0.143324
9766,24.62,2.193022,4.515256,-4.703691,0.469221,2.419026,-0.144546
9766,24.62,0.993620,8.596814,-8.463414,0.848874,1.435839,0.102778
9766,24.62,1.230509,8.094919,-8.469397,0.536569,1.146594,-0.250073
9765,24.56,0.211765,7.194022,-8.328220,0.388128,0.769919,-0.445168
9766,24.56,0.124427,8.021340,-7.643872,0.659353,0.138132,-0.256029
9766,24.62,0.141775,7.063613,-6.674779,0.692721,-0.106978,-0.264963
9765,24.62,-0.058624,6.664011,-6.074779,0.568486,0.039935,-0.296193
9766,24.56,-0.602991,7.265807,-6.632905,0.497626,0.181961,-0.247782
9765,24.56,-0.716650,7.588838,-7.442277,0.533973,0.002062,-0.206167
8790,24.62,-0.960718,7.987841,-7.674979,0.450666,-0.388587,-0.237856
9765,24.62,0.047856,6.632905,-7.019944,0.285045,-0.625602,-0.259541
9766,24.62,-0.866800,7.291529,-7.464411,0.257022,-0.728151,-0.284587
9765,24.62,-0.084347,6.403792,-9.037691,0.237474,-0.748004,-0.275577
9766,24.56,-4.570292,7.219745,-8.076376,0.236787,-1.106353,-0.278325
9766,24.56,0.253041,5.146364,-6.075975,0.031918,-0.679969,-0.226478
9765,24.62,0.336790,5.673981,-6.117251,0.248393,-0.254502,-0.069486
9766,24.62,0.279960,6.635297,-6.890731,0.365908,-0.073457,0.030391
9766,24.62,0.564706,6.605387,-6.830313,0.271301,-0.125686,-0.010003
8789,24.62,1.491925,6.319445,-6.486344,0.126678,-0.125991,-0.059407
9765,24.62,1.698306,6.236295,-6.930811,0.125915,-0.076053,-0.096822
9766,24.62,1.896312,7.339386,-7.450652,0.229380,-0.099113,-0.096288
9765,24.62,2.375475,7.514660,-7.989037,0.190285,-0.121409,-0.217163
9766,24.62,2.423929,7.352546,-7.959127,0.150655,-0.211894,-0.341397
9766,24.62,1.873580,7.237690,-7.934002,0.169362,-0.292681,-0.362930
9765,24.62,1.417149,6.652646,-7.584052,0.179136,-0.280769,-0.303982
9766,24.62,0.782453,6.383453,-7.410572,0.179289,-0.113774,-0.210061
9766,24.62,1.414756,6.942775,-7.808379,0.181885,-0.023595,-0.208534
9765,24.56,-0.184247,6.867402,-7.727023,0.113392,-0.092088,-0.395612
8789,24.56,-0.651446,6.919445,-7.740782,0.088423,-0.175853,-0.510454
9766,24.56,-0.870389,7.415956,-8.117651,0.028253,-0.172340,-0.497244
9766,24.56,-0.260219,6.905687,-7.869994,-0.066813,-0.159512,-0.453262
9765,24.56,0.675374,6.342176,-7.442277,-0.128587,-0.024206,-0.378431
9766,24.56,0.603590,6.517451,-7.362118,-0.116904,0.132863,-0.375453
9765,24.56,0.999003,6.154938,-7.158728,-0.091172,0.185169,-0.398971
9766,24.56,0.546162,6.294919,-7.133005,-0.098349,0.149586,-0.483347
9766,24.62,0.430708,7.063015,-8.013563,-0.088194,0.036270,-0.579635
9765,24.62,0.141775,6.482755,-7.510472,-0.088270,-0.172646,-0.601091
9766,24.62,0.050847,6.282356,-7.253244,-0.059788,-0.424399,-0.640263
8789,24.62,5.004589,5.590830,-7.802995,-0.076664,-0.474337,-0.641409
9766,24.62,7.269395,4.496712,-6.804590,0.001909,-0.567341,-0.657749
9765,24.62,-3.552145,7.253842,-7.713863,0.314519,-0.622930,-0.858495
9766,24.56,0.757927,6.059226,-7.029515,0.094837,-0.173944,-0.653244
9765,24.56,0.885943,5.393423,-6.407381,0.019013,-0.090026,-0.582002
9766,24.56,-1.810170,5.690133,-6.016155,0.042684,-0.177380,-0.661567
9766,24.56,-1.647459,5.845068,-6.095118,0.083459,-0.243201,-0.524580
9765,24.62,-2.812165,5.690731,-5.863014,0.081016,-0.450131,-0.489227
9766,24.62,-2.727220,5.443672,-5.851648,0.134772,-0.589180,-0.418061
8789,24.56,-2.042872,5.489135,-6.329614,0.227929,-0.646372,-0.331013
9766,24.56,-0.987039,5.670392,-6.716055,0.313527,-0.664316,-0.311999
9765,24.56,-2.182853,5.948557,-6.847063,0.403171,-0.705244,-0.389045
9766,24.56,-2.555535,6.658030,-7.538588,0.517708,-0.762742,-0.388663
9766,24.62,-1.948954,7.203593,-8.211570,0.584369,-0.836275,-0.343001
9765,24.62,-1.520639,7.203593,-8.345568,0.578337,-0.903851,-0.289779
9766,24.56,-1.828715,7.102496,-8.252846,0.619570,-1.062753,-0.202960
9765,24.56,-1.825126,6.896115,-8.161919,0.589027,-1.123687,-0.129122
9766,24.62,-0.927219,6.646065,-8.084152,0.577497,-1.163087,-0.015959
9766,24.62,0.396610,5.714061,-7.505687,0.703182,-1.153161,0.079794
8789,24.56,-0.665803,5.673383,-7.317252,0.851699,-1.043969,0.076664
9765,24.56,-1.652244,5.535796,-7.133005,0.962342,-0.950277,0.142026
9766,24.62,-2.015355,5.654240,-7.134201,0.877279,-0.700052,0.293292
9766,24.62,-2.419144,5.788836,-7.307083,0.728533,-0.418901,0.461661
9765,24.62,-2.872584,5.111070,-7.049854,0.577191,-0.377133,1.027094
9766,24.62,-0.017946,4.511069,-7.555338,0.585285,-0.308029,1.101543
9766,24.62,0.944567,4.507480,-7.399206,0.681420,-0.300927,0.983569
8789,24.62,0.305683,5.407780,-7.759326,0.718225,-0.194561,0.846201
9765,24.62,-1.378864,6.011967,-8.435299,0.639423,0.037950,0.843452
9766,24.62,-3.570092,6.682556,-9.600603,0.609109,0.022068,0.922559
9766,24.62,0.257228,6.264410,-7.106684,0.694783,-0.432416,1.012509
9765,24.62,-0.738186,3.676572,-5.983851,0.414167,-0.352240,0.916221
9766,24.56,0.045464,6.165706,-9.003594,0.433867,-0.562301,0.808022
9766,24.56,-2.094916,4.966902,-7.953145,0.361250,-0.698524,0.664010
9765,24.62,-0.791426,4.181458,-8.572886,0.392939,-0.677984,0.730213
9766,24.62,1.570888,6.181260,-8.481959,0.709596,-0.633849,1.102077
9765,24.62,1.079163,6.001798,-9.319447,0.539852,-0.475253,0.833526
8789,24.62,0.063410,7.088140,-10.700106,0.201738,-0.443106,0.421802
9766,24.62,-1.821536,5.278567,-7.477571,-0.031612,-0.366977,0.320704
9766,24.62,-0.596411,4.804788,-7.673783,0.061010,-0.308258,0.582765
9765,24.62,-0.273380,5.075177,-7.698309,0.163025,-0.300622,0.657367
9766,24.62,-0.245863,5.017749,-7.441081,0.202273,-0.411876,0.553444
9766,24.62,-0.236889,5.474180,-7.496116,0.103389,-0.218919,0.564745
9765,24.62,-0.190229,5.713463,-8.094321,0.044517,-0.098044,0.625831
9766,24.62,0.541974,5.353343,-7.683354,-0.021609,-0.123547,0.614607
9765,24.62,-0.558724,5.498707,-8.519646,-0.052458,-0.366672,0.613232
9766,24.56,-3.001198,4.982455,-7.716853,-0.048869,-0.766789,0.430507
8789,24.56,-1.621736,5.133203,-7.890931,-0.001680,-0.634994,0.591699
9766,24.56,-0.014357,6.132206,-8.963514,0.114843,-0.509996,0.760909
9765,24.56,-0.845863,5.146962,-7.985448,-0.046120,-0.571846,0.583987
9766,24.62,-1.817349,5.005785,-7.627123,-0.047724,-0.589027,0.490983
9766,24.62,-1.125225,5.358129,-7.591829,0.032910,-0.565890,0.510836
9765,24.62,-0.962513,5.729614,-8.083553,-0.002902,-0.529086,0.539547
9766,24.62,0.095115,4.700102,-7.321440,-0.029322,-0.666454,0.473650
9766,24.62,2.158326,3.520441,-5.724231,0.079183,-0.745561,0.294361
9765,24.62,1.500898,3.917649,-6.162715,0.261908,-0.605826,0.054214
8789,24.62,1.028316,5.346164,-7.569097,0.434478,-0.314137,-0.086743
9766,24.62,-0.104686,6.205786,-8.792427,0.348651,0.079718,-0.045128
9765,24.56,-0.192024,6.181260,-8.754143,0.179213,0.219606,0.033903
9766,24.56,-0.477966,5.913861,-8.672188,-0.087125,0.377438,0.096059
9766,24.56,-0.696910,5.450850,-8.138588,-0.233885,0.416839,0.166155
9765,24.56,-1.055833,5.501100,-8.316854,-0.277638,0.366061,0.237627
9766,24.62,-1.235295,5.392226,-7.904690,-0.280005,0.226173,0.277562
9766,24.62,-1.709074,5.182854,-7.699505,-0.314367,0.118890,0.274584
9765,24.62,-2.051247,4.892127,-7.456036,-0.315512,-0.049327,0.257251
9766,24.62,-1.974079,4.974080,-7.673184,-0.266719,-0.237016,0.287718
8789,24.62,-1.645066,5.075177,-7.689336,-0.194026,-0.317879,0.316734
9766,24.62,-1.467997,5.110471,-7.655239,-0.053298,-0.385227,0.346742
9765,24.62,-1.333999,5.520840,-8.018947,0.036728,-0.370413,0.415617
9766,24.62,-1.279562,5.694320,-8.045269,0.044899,-0.393932,0.459676
9765,24.62,-1.570290,6.171688,-8.951550,-0.028558,-0.407294,0.503353
9766,24.62,-1.797608,5.776873,-8.053643,-0.044670,-0.448528,0.589027
9766,24.56,-1.521237,5.071588,-7.180263,-0.071395,-0.536569,0.680122
9765,24.56,-0.770489,4.003192,-6.457032,-0.144393,-0.390496,0.758084
9766,24.62,2.566302,5.453243,-8.354541,-0.187841,-0.239536,0.744950
8789,24.62,3.788437,5.323432,-6.652646,-0.190285,-0.365145,0.433791
9766,24.69,2.678167,4.267600,-7.300502,-0.328340,0.090179,0.297950
9765,24.69,2.860620,4.281358,-7.106684,0.050244,0.155160,0.420199
9766,24.62,2.323431,4.012166,-6.574879,0.393397,0.072617,0.391106
9765,24.62,1.019343,6.362516,-7.893324,0.616668,-0.289321,0.266185
9766,24.62,-1.957927,5.587241,-8.933603,0.430584,-0.454178,0.022831
9766,24.62,-1.974677,6.284151,-8.397612,0.559553,-0.810847,0.104916
9765,24.69,-0.798006,5.510072,-8.179267,0.564669,-0.743423,0.241139
9766,24.69,0.381655,5.712266,-8.828918,0.475788,-0.355905,0.491823
9765,24.62,-1.304687,5.955736,-8.933603,0.342619,-0.280845,0.598724
9766,24.62,-1.278964,5.417351,-8.580064,0.300469,-0.216628,0.741896
9766,24.62,-1.147359,4.914260,-8.194221,0.392939,-0.216857,0.925155
9765,24.62,-1.112064,4.868198,-8.017153,0.492281,-0.174097,1.147052
9766,24.69,-0.680758,5.087142,-8.395219,0.448680,0.075518,1.401707
9765,24.69,-0.187238,4.631907,-8.149357,0.423101,0.205327,1.585195
9766,24.62,-0.442672,3.248855,-6.838688,0.531605,0.238619,1.801060
9766,24.62,-0.116650,1.429114,-5.505287,0.799699,0.345139,2.105576
8789,24.62,3.355336,4.095915,-5.469395,1.145754,0.625297,2.287690
9765,24.62,4.878367,2.871387,-7.786245,0.871857,1.167898,1.976836
9766,24.56,5.303093,3.107678,-7.498508,0.959746,0.810771,1.543351
9766,24.56,4.264608,3.384648,-7.954341,0.963105,0.586125,0.992045
9765,24.62,3.019742,3.468397,-8.353344,0.955011,0.396986,0.553597
9766,24.62,3.164508,3.918846,-8.705089,0.934624,0.257251,0.262825
9765,24.62,3.538985,4.682755,-9.608379,0.780380,0.314901,0.033827
9766,24.62,3.644867,5.459824,-10.658231,0.561996,0.422871,-0.193950
9766,24.69,3.485147,5.714061,-10.785050,0.374689,0.349186,-0.437456
9765,24.69,3.751348,5.556135,-10.610374,0.190590,0.268552,-0.643470
8789,24.62,3.903292,5.394619,-10.247862,0.075442,0.248622,-0.810007
9766,24.62,3.638287,6.190233,-10.780265,-0.037339,0.265497,-0.969596
9766,24.62,2.973083,6.708279,-11.029717,-0.238161,0.304440,-1.133537
9765,24.62,2.107479,6.573682,-10.649259,-0.418519,0.268170,-1.231962
9766,24.62,2.419144,7.037292,-10.770096,-0.619265,0.311923,-1.246623
9766,24.62,2.579463,6.990034,-10.498510,-0.857044,0.389885,-1.267698
9765,24.62,2.231307,6.921240,-10.103694,-1.007393,0.329715,-1.265331
9766,24.62,1.841875,6.755537,-9.734003,-1.157590,0.335747,-1.219821
9765,24.62,1.524826,6.497710,-9.399607,-1.252885,0.321239,-1.134300
8789,24.62,2.295913,6.220741,-8.883355,-1.288391,0.351629,-1.073901
9766,24.62,2.693122,5.491529,-7.725827,-1.257237,0.434936,-1.112538
9766,24.62,2.240879,5.156533,-7.095318,-1.111622,0.501062,-1.138958
9765,24.62,1.593022,5.153542,-6.910472,-0.936609,0.605826,-1.105895
9766,24.62,0.964906,5.180461,-7.109674,-0.786642,0.660956,-1.045801
9766,24.62,0.377468,5.526225,-7.379466,-0.685009,0.652480,-0.980133
9765,24.62,0.223729,5.449654,-7.234102,-0.684475,0.658818,-0.917901
9766,24.62,0.157926,5.411369,-7.146165,-0.709215,0.599106,-0.861396
9765,24.62,-0.084347,5.266603,-6.993623,-0.738536,0.523282,-0.816574
9766,24.56,-0.212363,5.067999,-6.834500,-0.717919,0.410349,-0.765796
8789,24.56,0.104088,5.298308,-7.039684,-0.671112,0.334907,-0.722424
9766,24.56,-0.017348,5.164908,-6.916454,-0.647975,0.367894,-0.719447
9765,24.56,-0.810569,5.069793,-6.695716,-0.616287,0.364381,-0.715705
9766,24.62,-1.397409,5.132605,-6.656235,-0.558331,0.342695,-0.655764
9766,24.62,-1.688735,5.100900,-6.647262,-0.486249,0.286343,-0.568105
9765,24.62,-1.686940,4.992027,-6.537192,-0.391870,0.177685,-0.476551
9766,24.62,-1.499103,5.080561,-6.385248,-0.299171,0.054062,-0.395153
9766,24.62,-1.159323,5.132605,-6.499505,-0.246255,0.003971,-0.339717
9765,24.62,-0.486939,5.350950,-6.569495,-0.218079,-0.038637,-0.321697
9766,24.62,-0.043669,5.402994,-6.690332,-0.225333,-0.051389,-0.331929
8789,24.62,-0.148355,5.474779,-7.715059,-0.164246,-0.129656,-0.356287
9765,24.69,0.378664,5.925227,-6.868598,0.015882,-0.411265,-0.375606
9766,24.69,0.480957,5.703891,-6.828518,-0.111483,-0.260534,-0.394237
9766,24.56,0.501895,5.751748,-6.644869,-0.072540,-0.311923,-0.407753
9765,24.56,0.479761,5.535197,-6.455836,-0.026649,-0.335060,-0.419588
9766,24.62,0.693320,6.272187,-6.744171,0.074449,-0.405385,-0.409967
9766,24.62,0.733400,6.092127,-6.820143,0.051160,-0.343993,-0.390114
9765,24.69,1.076770,6.282356,-6.900302,0.060018,-0.332082,-0.390419
9766,24.69,1.210768,6.192028,-6.903294,0.073304,-0.335212,-0.411341
8789,24.69,1.530210,6.531210,-7.049256,0.123242,-0.373315,-0.453109
9766,24.69,1.516451,6.487541,-7.168299,0.118813,-0.343077,-0.478918
9765,24.62,1.493720,6.632307,-7.307083,0.104916,-0.295812,-0.500146
9766,24.62,1.484747,6.489336,-7.399206,0.103465,-0.252822,-0.525726
9766,24.62,1.008575,6.574281,-7.454241,0.077809,-0.239001,-0.572762
9765,24.62,1.030708,6.884151,-7.488339,0.097662,-0.293215,-0.583147
9766,24.62,0.966700,6.765706,-7.432108,0.061468,-0.275577,-0.587652
9766,24.62,0.784248,6.736394,-7.382456,0.024893,-0.270155,-0.602924
8789,24.62,0.756730,6.741180,-7.382456,0.022984,-0.283365,-0.605215
9765,24.62,0.656830,6.762117,-7.425528,0.028405,-0.284052,-0.593303
9766,24.62,0.469591,6.813563,-7.514660,0.026954,-0.251371,-0.570701
9765,24.62,0.412164,7.012765,-7.668997,0.043371,-0.228311,-0.530384
9766,24.56,0.296112,6.730412,-7.494919,0.027565,-0.192041,-0.481056
9766,24.56,0.253041,6.697511,-7.440483,-0.016570,-0.119348,-0.431042
9765,24.56,0.288335,6.646663,-7.414760,-0.018555,-0.104000,-0.387747
9766,24.56,0.306281,6.656235,-7.389635,-0.021686,-0.121180,-0.369344
9766,24.62,0.154337,6.637092,-7.317252,-0.031612,-0.139964,-0.355142
8789,24.62,0.034098,6.294919,-7.074380,-0.037950,-0.159589,-0.331929
9765,24.62,0.361914,6.585049,-7.013962,-0.012217,-0.194484,-0.310854
9766,24.62,0.234497,6.393622,-7.007381,-0.039859,-0.177151,-0.299019
9766,24.56,0.205185,6.503692,-6.964311,-0.032987,-0.182649,-0.285503
9765,24.56,0.104686,6.464809,-6.996614,-0.047342,-0.148593,-0.250455
9766,24.56,0.069392,6.355338,-7.038488,-0.038790,-0.128816,-0.212199
9765,24.56,0.329611,6.683753,-7.035497,-0.006643,-0.140575,-0.184405
9766,24.56,0.246461,6.476773,-7.097113,-0.055741,-0.085139,-0.159665
9766,24.56,0.486341,6.632905,-7.161718,-0.052993,-0.099647,-0.159741
9765,24.62,0.512064,6.596415,-7.149755,-0.071700,-0.099113,-0.190590
8789,24.62,0.428914,6.577870,-7.079166,-0.085368,-0.108887,-0.230678
9766,24.56,0.467199,6.537192,-7.071389,-0.089415,-0.114843,-0.264199
9766,24.56,0.374477,6.605986,-7.066006,-0.072235,-0.139125,-0.298484
9765,24.62,0.148355,6.677172,-7.136594,-0.059025,-0.134314,-0.304669
9766,24.62,0.110070,6.720243,-7.171888,-0.048717,-0.103313,-0.280311
9765,24.62,0.035892,6.768697,-7.273583,-0.048335,-0.067424,-0.252898
9766,24.62,0.072981,6.845866,-7.334600,-0.056047,-0.050778,-0.237779
9766,24.62,0.117847,6.935597,-7.375876,-0.062156,-0.081169,-0.245415
9765,24.62,0.071186,6.850054,-7.307681,-0.090255,-0.092852,-0.270155
8789,24.56,0.007777,6.859026,-7.240682,-0.110490,-0.113316,-0.291001
9766,24.56,-0.072383,6.846464,-7.163513,-0.127365,-0.120340,-0.296422
9766,24.62,-0.091525,6.844071,-7.101898,-0.134085,-0.114003,-0.283289
9765,24.62,-0.169292,6.621539,-6.951748,-0.131031,-0.114385,-0.266185
9766,24.62,0.026321,6.898508,-6.946364,-0.109269,-0.134696,-0.257327
9766,24.62,-0.056830,6.856634,-7.015756,-0.138285,-0.099953,-0.247706
9765,24.62,-0.005384,6.892526,-7.023533,-0.125762,-0.109879,-0.240146
9766,24.62,0.064606,6.859625,-7.025328,-0.129962,-0.102778,-0.232740
9765,24.62,0.171685,6.881759,-7.092925,-0.130420,-0.101251,-0.235259
9766,24.62,0.188435,6.922436,-7.166504,-0.132634,-0.097357,-0.247171
8789,24.62,0.030508,6.958329,-7.179665,-0.127213,-0.124235,-0.261985
9766,24.62,-0.081356,6.976873,-7.235298,-0.128053,-0.148593,-0.260992
9765,24.69,-0.141775,7.007381,-7.118648,-0.116217,-0.182725,-0.240223
9766,24.69,-0.137587,6.902696,-6.998408,-0.134848,-0.168675,-0.214337
9766,24.62,-0.010169,6.923035,-6.911070,-0.134543,-0.176693,-0.191964
9765,24.62,0.021535,6.894919,-6.812964,-0.141263,-0.178296,-0.179594
9766,24.69,-0.050847,6.898508,-6.802795,-0.153938,-0.179289,-0.178678
9765,24.69,-0.026321,6.969695,-6.837491,-0.153480,-0.169057,-0.168599
9766,24.62,0.050249,7.004391,-6.830313,-0.149815,-0.159130,-0.155236
8789,24.62,-0.012562,6.975079,-6.757331,-0.159130,-0.146150,-0.144317
9766,24.62,-0.119641,6.899107,-6.659824,-0.168141,-0.151266,-0.131336
9765,24.62,-0.054437,6.856634,-6.500701,-0.163636,-0.178373,-0.122708
9766,24.62,0.040678,6.791430,-6.376873,-0.171729,-0.176235,-0.119501
9766,24.62,0.055633,6.778867,-6.317052,-0.162108,-0.189521,-0.127289
9765,24.62,-0.027517,6.833902,-6.366105,-0.131107,-0.207923,-0.127442
9766,24.62,-0.119043,6.875776,-6.506085,-0.094226,-0.214566,-0.111636
9766,24.69,-0.017348,7.115058,-6.741778,-0.067653,-0.215101,-0.087812
9765,24.69,0.105882,7.165906,-6.940981,-0.121028,-0.134390,-0.057956
9765,24.69,0.078963,7.164112,-7.073782,-0.154473,-0.137674,-0.034972
9766,24.69,0.217747,7.118050,-7.042675,-0.181961,-0.129427,-0.022373
9766,24.62,0.212363,6.970293,-6.835098,-0.210749,-0.132863,-0.025351
9765,24.62,0.295514,6.851848,-6.568299,-0.228387,-0.150502,-0.047037
9766,24.56,0.285942,6.672985,-6.148358,-0.225486,-0.165468,-0.076129
9766,24.56,0.138784,6.524630,-5.750551,-0.206931,-0.174478,-0.107360
9765,24.62,-0.033500,6.405586,-5.447261,-0.162796,-0.179594,-0.129656
9766,24.62,-0.291326,6.085546,-5.303093,-0.095066,-0.193186,-0.147142
8789,24.62,-0.119641,6.989436,-5.813363,0.019777,-0.252593,-0.181656
9766,24.62,-0.405583,7.004989,-6.177072,0.004200,-0.197615,-0.190132
9765,24.69,-0.387637,7.338190,-6.688538,0.008170,-0.174402,-0.180969
9766,24.69,-0.540180,7.456036,-6.999007,0.015501,-0.172111,-0.159970
9765,24.62,-0.536591,7.609177,-7.204789,0.004352,-0.174631,-0.128663
9766,24.62,-0.499502,7.587641,-7.272985,-0.044288,-0.156152,-0.099495
9766,24.56,-0.429512,7.473384,-7.125826,-0.090637,-0.160047,-0.076053
9765,24.56,-0.322433,7.305288,-6.796813,-0.111865,-0.196928,-0.066737
9766,24.56,-0.232104,7.168299,-6.540183,-0.122860,-0.226707,-0.064828
9766,24.56,-0.126820,7.067801,-6.384051,-0.108123,-0.241444,-0.061163
8789,24.62,-0.018544,7.081559,-6.417551,-0.083841,-0.205098,-0.048793
9765,24.62,0.143569,7.133005,-6.556933,-0.063988,-0.141873,-0.033521
9766,24.62,0.199203,7.214361,-6.778269,-0.042608,-0.101404,-0.032070
9765,24.62,0.160917,7.374680,-7.012167,-0.023595,-0.094760,-0.042761
9766,24.69,0.028116,7.430911,-7.121639,-0.024358,-0.099418,-0.057345
9766,24.69,-0.028714,7.440483,-7.150951,-0.034208,-0.118661,-0.072693
9765,24.69,-0.065204,7.421938,-7.134201,-0.053527,-0.131947,-0.082085
9766,24.69,-0.087936,7.437491,-7.164112,-0.077274,-0.132863,-0.090561
9766,24.69,-0.089731,7.428519,-7.063613,-0.102244,-0.124998,-0.090790
8789,24.69,-0.193819,7.344171,-6.845866,-0.122937,-0.126449,-0.088575
9765,24.62,-0.126221,7.247860,-6.623333,-0.143172,-0.107818,-0.077122
9766,24.62,0.141775,7.179067,-6.384649,-0.160505,-0.069715,-0.068035
9766,24.62,0.217747,7.136594,-6.272187,-0.159359,-0.060552,-0.093462
9765,24.62,0.149551,7.277172,-6.265008,-0.144546,-0.082772,-0.145233
9766,24.62,-0.020937,7.396215,-6.120242,-0.132787,-0.122020,-0.197997
9765,24.62,-0.104686,7.430911,-5.983851,-0.147677,-0.132863,-0.237245
9766,24.69,-0.184247,7.393823,-5.846862,-0.151800,-0.141873,-0.271224
9766,24.69,-0.441476,7.128219,-5.862416,-0.135994,-0.154854,-0.294590
9765,24.62,-0.283550,7.856236,-6.224928,-0.067424,-0.220599,-0.308411
8789,24.62,-0.509671,7.752746,-6.382257,-0.123929,-0.134925,-0.284816
9766,24.62,-0.500100,7.935797,-6.597013,-0.108352,-0.152029,-0.262672
9766,24.62,-0.417548,7.968100,-6.751948,-0.117592,-0.153098,-0.241674
9765,24.69,-0.451047,7.867003,-6.754340,-0.132940,-0.172111,-0.225944
9766,24.69,-0.484547,7.795218,-6.684350,-0.154091,-0.183107,-0.213116
9765,24.62,-0.440878,7.834700,-6.692725,-0.152869,-0.205022,-0.200440
9766,24.62,-0.623929,7.698309,-6.424729,-0.150349,-0.271148,-0.193873
9766,24.69,-0.787837,7.515258,-6.134001,-0.250607,-0.185550,-0.155389
9765,24.69,-0.735195,7.345368,-5.735596,-0.257403,-0.204945,-0.107207
9766,24.62,-0.477368,7.272387,-5.425725,-0.248546,-0.219530,-0.071777
8789,24.62,-0.364307,7.095916,-5.078766,-0.221668,-0.250913,-0.065973
9766,24.62,-0.390628,6.975079,-4.947760,-0.159130,-0.273209,-0.075976
9765,24.62,-0.284148,7.264610,-5.202595,-0.081092,-0.277867,-0.079260
9766,24.69,-0.333799,7.405787,-5.551947,-0.084452,-0.173333,-0.059254
9766,24.69,-0.309871,7.529615,-5.803792,-0.029703,-0.193186,-0.053833
9765,24.69,-0.296710,7.628917,-6.011967,-0.002902,-0.188070,-0.058414
9766,24.69,-0.582652,7.316056,-6.241080,0.009468,-0.182649,-0.066966
9765,24.69,-0.285942,8.116455,-6.611369,0.074373,-0.255800,-0.073227
9766,24.69,-0.602991,7.842476,-6.745368,0.016264,-0.178220,-0.041157
8789,24.62,-0.701097,7.950153,-6.825527,0.050625,-0.197080,0.007941
9766,24.62,-0.701097,8.000402,-6.897312,0.056810,-0.193568,0.075365
9765,24.62,-0.707079,7.881360,-7.055238,0.057269,-0.192957,0.147524
9765,24.75,0.020339,8.359326,-7.594221,-0.065592,-0.143095,0.285427
9766,24.69,0.090927,8.145169,-7.371689,-0.136299,-0.120646,0.311007
9765,24.69,0.255434,7.836494,-6.952945,-0.190285,-0.117286,0.332922
9766,24.69,0.448056,7.553543,-6.455238,-0.217163,-0.125686,0.337732
9766,24.69,0.566501,7.335198,-6.030512,-0.234420,-0.119042,0.323529
8789,24.69,0.686142,7.215557,-5.666204,-0.238543,-0.083689,0.309098
9765,24.69,0.749552,7.147960,-5.359923,-0.222355,-0.070784,0.276722
9766,24.62,0.655035,7.194022,-5.097311,-0.200440,-0.088041,0.225027
9766,24.62,0.474377,7.272985,-4.923233,-0.186848,-0.076587,0.176387
9765,24.69,0.333799,7.359127,-4.802395,-0.175318,-0.037186,0.151876
9766,24.69,0.241675,7.456036,-4.905885,-0.158443,0.015882,0.152105
9766,24.56,0.221336,7.600204,-4.993223,-0.115530,0.049098,0.171119
9765,24.56,0.248854,7.725228,-5.163114,-0.073991,0.040393,0.154243
9766,24.62,0.103490,7.874182,-5.311468,-0.043524,0.032987,0.124387
8789,24.62,0.123829,7.895717,-5.378467,-0.023442,0.035888,0.099876
9765,24.69,0.040080,7.341779,-5.312665,0.014584,-0.018402,0.073915
9766,24.69,0.138784,8.234301,-5.624330,0.126220,-0.140423,0.084681
9766,24.69,0.110668,7.984849,-5.704490,0.077045,-0.108123,0.078573
9765,24.69,0.267996,8.017153,-5.881558,0.063759,-0.062232,0.076587
9766,24.62,0.318844,7.497910,-5.797212,0.121562,-0.106978,0.100029
9766,24.62,0.624527,8.234301,-6.050252,0.218537,-0.111788,0.143172
9765,24.62,0.428315,7.948957,-6.193822,0.129656,0.056963,0.167606
9766,24.62,0.637687,7.891530,-6.506085,0.168446,0.005345,0.148975
9765,24.62,0.328415,7.668399,-6.823732,0.395001,-0.255189,0.152105
8790,24.62,0.388834,8.143374,-6.637092,0.629038,-0.474566,0.206320
9765,24.62,0.442672,7.910672,-6.623932,0.648204,-0.352622,0.276340
9766,24.62,0.040080,7.688738,-6.564111,0.795423,-0.410883,0.366061
9765,24.69,-0.253639,7.566105,-6.549754,0.877279,-0.502666,0.371635
9766,24.69,0.217747,7.543972,-6.163313,0.953866,-0.527864,0.375682
9766,24.69,0.279960,7.452447,-6.394221,0.963182,-0.544205,0.354455
9765,24.69,0.474975,7.408778,-6.145966,1.056644,-0.581162,0.396604
9766,24.75,0.884746,7.201200,-5.912067,1.054582,-0.410272,0.404698
9766,24.75,0.303290,6.722037,-5.701499,0.971123,-0.038026,0.362243
8789,24.69,0.209970,6.341578,-5.149953,1.014800,0.216246,0.130725
9765,24.69,0.802792,6.658628,-5.140381,1.007699,0.500757,0.114537
9766,24.69,0.638884,7.074380,-5.946165,0.963182,0.714560,0.292910
9765,24.69,0.569492,7.357930,-6.404988,0.899652,0.835129,0.386678
9766,24.69,0.818345,7.223932,-6.677172,0.762207,0.878653,0.389274
9766,24.69,0.875773,7.481759,-7.028917,0.578642,0.879875,0.325438
9765,24.69,1.289732,7.193423,-7.075577,0.358502,0.968527,0.156152
9766,24.69,1.919044,7.075577,-6.909276,0.435165,0.805426,0.126755
9766,24.69,1.509871,6.349953,-6.017950,0.616134,0.573755,0.098960
9765,24.69,1.527817,7.318449,-6.856035,0.826272,0.217239,0.131794
8789,24.69,-1.903491,7.922038,-6.117251,0.433485,0.376675,0.533056
9766,24.69,2.824129,6.552745,-7.016355,-0.258778,-0.183336,1.380479
9766,24.62,1.655235,6.784849,-6.906285,-0.322995,0.075900,0.838260
9765,24.62,0.816551,7.082755,-5.744569,-0.730289,0.756938,0.354455
9766,24.69,0.007178,6.972087,-5.329415,-1.365360,0.169591,-0.014050
9765,24.69,1.023530,7.019345,-6.269196,-1.785483,-0.547335,-0.410120
9766,24.69,3.016153,6.270392,-7.353743,-1.915902,-0.283365,-1.262506
9766,24.69,2.093122,6.766304,-5.016553,-1.590311,1.610623,-1.725771
9765,24.75,1.499702,6.730412,-5.005187,-1.289231,2.266310,-1.653536
8789,24.75,1.451247,6.921240,-5.230711,-1.095892,2.069459,-2.133981
9766,24.69,0.521037,6.198607,-5.581259,-0.826959,1.944002,-2.490039
9766,24.69,0.009571,7.816155,-6.050252,-0.986547,1.743638,-2.501951
9765,24.62,0.071186,8.309675,-6.020342,-1.411022,1.385748,-2.501951
9766,24.62,0.129811,8.129017,-5.362316,-1.284650,1.194929,-2.501951
9765,24.69,2.587838,3.339184,-5.547162,-1.037631,0.928057,-2.501799
9766,24.69,1.561915,6.262615,-6.838688,-0.415236,0.732046,-1.987985
9766,24.69,0.201595,10.393226,-7.055238,-0.207541,0.826577,-0.072998
8789,24.69,0.663410,7.959127,-5.868996,0.270919,1.840002,0.363083
9766,24.69,0.820738,8.169097,-5.651249,-0.065821,2.023949,0.465708
9765,24.69,1.398007,7.299904,-6.410372,-0.204945,2.479807,0.517174
9766,24.69,1.786840,7.570891,-5.787641,-0.353462,2.501951,0.700433
9766,24.69,2.765505,7.300502,-5.782855,-0.442648,2.501951,0.860327
9765,24.69,3.453442,7.344171,-5.356932,-0.407753,2.501951,1.049085
9766,24.69,4.733003,8.500504,-5.294719,0.022220,2.501875,1.191035
9765,24.75,4.895117,8.101501,-5.966504,0.265955,2.501951,1.267774
9766,24.75,3.802794,7.210772,-7.302895,-0.257861,2.501951,1.211040
8789,24.69,3.032305,7.272985,-7.727621,-1.202106,2.501951,1.297860
9766,24.69,3.298506,7.239485,-6.435497,-1.798158,2.499279,1.474629
9765,24.69,3.583850,6.833303,-5.357530,-1.781970,2.353129,1.518687
9766,24.69,4.237091,7.442875,-4.049852,-1.445536,2.055103,1.586952
9766,24.69,4.001398,7.881360,-4.283751,-0.252669,1.535792,1.576796
9765,24.69,4.022933,7.240084,-3.930809,0.854448,1.096121,1.493336
9766,24.69,2.833700,7.837093,-5.425725,1.297554,1.096045,1.371545
9765,24.69,2.618346,7.338190,-4.945965,0.381867,1.777160,1.287246
9766,24.69,4.292126,7.905289,-4.164708,0.383776,1.890781,1.427821
9766,24.69,4.138985,9.055039,-4.653442,0.407829,1.939497,1.418429
8789,24.62,-1.943570,18.091536,-11.949159,-0.484416,1.770211,1.934152
9765,24.62,12.781263,-4.000800,6.230312,-2.276618,-0.375224,2.410856
9766,24.69,11.289936,0.911665,3.683751,-1.451416,0.750524,1.437442
9766,24.69,8.858828,7.350751,-1.864607,-0.717690,2.320295,0.824286
9765,24.69,6.717252,8.156535,-3.588038,-2.027462,2.436512,0.387518
9766,24.69,5.829515,7.219745,-2.913262,-2.481716,2.492941,0.122631
9766,24.69,5.042874,6.942775,-2.953940,-2.501951,2.394668,0.069562
9765,24.69,5.324031,7.109076,-2.344368,-2.501951,2.278222,0.104534
9766,24.75,5.991030,7.926823,-2.084747,-2.479502,2.165670,0.309632
9765,24.75,6.622735,8.474780,-1.258027,-2.292195,2.047315,0.363999
8789,24.69,6.195616,8.140383,-1.082752,-2.139021,2.107638,0.475329
9766,24.69,6.395417,8.037492,-0.648455,-2.082287,2.235232,0.285503
9766,24.69,7.037292,8.005787,0.125025,-1.707521,1.918346,0.599030
9765,24.69,5.882156,7.831709,-0.466600,-1.581225,1.367040,1.026254
9766,24.69,5.411369,6.441479,-0.206979,-1.127886,0.865291,0.898659
9766,24.69,4.332804,6.136992,-0.442672,-0.601550,0.321544,0.612545
9765,24.69,5.652445,6.266204,0.236889,-0.040775,-0.188910,0.287565
9766,24.69,5.928817,7.091130,-0.316451,0.232892,-0.405920,0.040470
9765,24.69,6.111867,7.307083,-0.229113,0.466014,-0.633162,-0.173944
8790,24.69,6.328418,7.214959,-0.550349,0.610483,-0.855288,-0.247171
9765,24.69,6.232705,6.912267,-0.655633,0.755411,-1.017549,-0.155694
9766,24.69,5.778069,6.299705,-0.401994,0.957226,-1.082530,0.052229
9765,24.75,6.047860,6.423533,-0.562912,1.133995,-1.313666,0.260534
9766,24.75,6.516853,6.964909,-0.555733,1.174159,-1.424843,0.520534
9766,24.69,7.329216,7.637292,-0.769891,0.996779,-1.407357,0.698830
9765,24.69,6.672387,7.357930,-1.326820,0.893467,-1.308932,0.783206
9766,24.69,7.138987,7.453643,-0.945165,1.125672,-1.437290,0.625831
9766,24.69,6.497710,6.859625,-1.186242,1.202183,-1.432632,0.512058
9765,24.69,6.889535,7.334600,-0.994218,1.405983,-1.485471,0.426766
8789,24.69,6.919445,7.691729,-1.097708,1.408884,-1.391780,0.383700
9766,24.69,6.789036,7.430313,-1.097708,1.222418,-1.180039,0.349568
9765,24.69,6.683753,7.626524,-1.205384,0.945238,-0.976621,0.321391
9766,24.75,6.477970,7.327422,-1.154537,0.863153,-0.866741,0.271759
9766,24.75,6.232107,7.246664,-1.381257,0.797179,-0.818254,0.201280
9765,24.75,6.499505,7.256833,-1.493121,0.858571,-0.844139,0.098120
9766,24.75,6.305088,6.881759,-1.545763,1.049161,-0.935311,0.068570
9766,24.81,6.430711,6.959525,-1.453042,1.400332,-1.190424,0.117210
9765,24.81,5.933602,7.938787,-0.735793,1.776702,-1.353677,0.206167
9766,24.75,6.585647,7.323833,-1.975275,1.996842,-1.343675,0.268552
8789,24.75,6.456434,6.880562,-2.602793,2.157271,-1.428585,0.233427
9766,24.75,6.045467,6.043672,-3.003591,2.288988,-1.400790,0.269163
9765,24.75,6.508478,6.202795,-3.098706,2.479044,-1.603369,0.574519
9766,24.69,6.766903,6.004789,-3.945765,2.501951,-1.839621,1.522811
9766,24.69,6.622735,4.001398,-5.362914,2.501875,-2.500195,2.501951
9765,24.62,6.071189,4.080361,-5.306085,2.501951,-2.501951,2.496224
9766,24.62,6.427122,5.111070,-5.387441,2.501875,-2.501951,2.493094
8789,24.62,6.823732,4.986044,-6.288338,2.501951,-2.501951,2.501951
9766,24.62,5.231907,2.887539,-6.208777,2.501875,-2.501951,2.499050
9765,24.62,4.406383,1.810170,-6.590432,2.501951,-2.501951,2.415590
9766,24.62,6.346962,2.600400,-6.470791,2.501875,-2.501951,1.965612
9765,24.69,4.541578,1.609771,-6.623932,2.501951,-2.501951,1.885970
9766,24.69,5.040481,1.707877,-7.423134,2.501875,-2.501951,1.751809
9766,24.62,4.852046,0.746561,-8.274980,2.501951,-2.501951,1.773036
9765,24.62,2.786442,-3.022733,-8.895917,2.501875,-2.501951,1.388191
9766,24.69,4.807779,0.400798,-9.050852,2.501951,-2.501951,1.550681
9766,24.69,3.902694,0.876970,-7.663015,2.501875,-2.501951,1.793424
8789,24.75,4.476972,-3.851248,-8.048858,2.501951,-2.501951,1.392544
9765,24.75,2.699703,-4.016353,-7.719246,2.501875,-2.501493,0.990747
9766,24.69,2.639283,-3.765705,-7.584052,2.501951,-2.500348,1.246776
9766,24.69,2.127818,-5.100900,-7.733005,2.501875,-2.501951,1.116662
9765,24.62,3.278167,-4.010371,-7.858030,2.501951,-2.501111,0.877737
9766,24.62,1.761716,-4.682755,-7.236494,2.501875,-2.415361,0.719217
9765,24.69,1.974677,-5.181059,-7.475777,2.501951,-2.384971,0.470672
9766,24.69,2.398206,-4.622934,-7.864012,2.498439,-2.413223,0.449139
9766,24.69,1.572085,-5.115257,-7.584052,1.964008,-2.273411,0.569097
9765,24.69,1.076770,-4.808377,-8.682358,0.784351,-2.119855,0.488158
8789,24.75,1.622334,-5.714061,-8.960523,0.804662,-2.352900,0.565508
9766,24.75,0.954736,-5.676972,-8.539387,0.923857,-2.501951,0.348422
9766,24.75,0.568894,-5.612366,-8.762517,0.799852,-2.501951,0.393244
9765,24.75,1.206581,-6.034101,-8.952148,0.284129,-2.501951,0.511752
9766,24.75,0.055035,-7.185049,-9.445069,-0.454331,-2.501035,0.868956
9765,24.75,0.559322,-7.195817,-10.320843,-0.519846,-2.472401,0.558102
9766,24.69,0.932005,-6.375676,-9.589237,0.157069,-2.467666,0.260381
9766,24.69,0.446860,-6.518049,-8.231909,0.486936,-2.176666,0.224646
9765,24.69,0.482154,-5.763711,-7.317851,0.400117,-1.578476,0.183260
8789,24.69,0.352343,-5.079963,-7.245467,0.202578,-0.912938,0.271759
9766,24.69,0.109472,-5.271986,-7.174880,-0.015577,-0.376369,0.340328
9766,24.69,-0.498904,-6.104690,-7.584650,-0.021228,-0.144546,0.393855
9765,24.75,-0.527019,-6.492326,-8.240882,0.184634,-0.079336,0.418061
9766,24.75,-0.323629,-6.343971,-8.222338,0.415617,0.018708,0.407218
9766,24.75,-0.960120,-6.399006,-8.755937,0.641332,0.173715,0.504880
9765,24.75,-0.939183,-6.534201,-8.407183,0.841467,0.252440,0.677373
9766,24.69,-1.749752,-6.522237,-7.658828,0.930042,0.114461,0.777021
9765,24.69,-1.482354,-6.404390,-7.883154,1.003728,-0.409127,0.977613
9766,24.69,-1.981257,-6.405586,-7.277771,1.049314,-1.100321,1.457066
8789,24.69,-2.976073,-6.769894,-7.011569,1.026101,-1.837788,1.882687
9766,24.69,-1.177269,-5.331807,-7.039684,1.006935,-2.384054,2.008372
9765,24.69,-2.467000,-5.741579,-7.159924,0.713872,-2.153605,1.941864
9766,24.69,-2.644069,-5.447859,-7.011569,0.551000,-2.241188,1.888643
9766,24.69,-2.710470,-6.052645,-7.293922,0.480751,-2.435825,1.885894
9765,24.75,-1.846661,-5.978468,-7.707282,0.438754,-2.363743,1.809688
9766,24.75,-1.514657,-6.868598,-7.591829,0.338648,-1.795562,1.426294
9765,24.69,-1.529612,-6.092725,-7.414760,0.244881,-1.303281,0.991511
9766,24.69,-3.076572,-5.736195,-7.141379,0.098502,-0.899194,0.643470
8789,24.75,-3.279962,-5.657830,-6.946364,0.006796,-0.652786,0.503048
9766,24.75,-2.997011,-5.784051,-7.134201,0.058185,-0.545503,0.474337
9765,24.75,-2.038685,-6.085546,-6.949356,0.071853,-0.501215,0.402789
9766,24.75,-1.345963,-5.796613,-7.080961,0.127136,-0.490525,0.240681
9766,24.75,-2.087738,-5.356932,-7.028319,0.159283,-0.346590,0.012599
9765,24.75,-2.440081,-5.137390,-7.038488,0.115301,-0.086437,-0.233121
9766,24.75,-2.514857,-5.572286,-7.466205,-0.027947,0.125915,-0.399582
9766,24.75,-2.660819,-6.060422,-7.686944,-0.080558,0.249844,-0.483271
9765,24.75,-2.895315,-6.214161,-7.744371,-0.090179,0.385227,-0.499230
9765,24.75,-2.480161,-5.469993,-7.741978,-0.558254,0.795499,-0.760145
9766,24.69,-4.269394,-1.676172,-4.529016,-0.789696,0.753426,0.001069
9766,24.69,-3.784249,-4.165306,-6.441479,-0.908357,0.127976,1.637653
9765,24.69,-3.513262,-5.982057,-7.457232,-0.998230,-0.613538,0.668134
9766,24.69,-3.666403,-7.239485,-7.523633,-0.852768,-1.102077,0.550542
9766,24.69,-3.486941,-7.132407,-7.414760,-0.588416,-1.223487,0.273897
9765,24.69,-3.759723,-6.597610,-7.040283,-0.350866,-1.017854,0.070555
9766,24.75,-5.273781,-5.971888,-5.347959,-0.029322,-1.098794,-0.148975
8789,24.75,-3.305685,-6.205786,-7.594820,0.223577,-1.696144,-0.472657
9766,24.69,-4.581657,-5.468198,-5.381458,0.167453,-1.368796,-0.458454
9765,24.69,-2.770889,-5.523831,-6.928418,0.090866,-1.491809,-0.575893
9766,24.69,-3.899703,-5.487939,-7.361519,0.162643,-1.387733,-0.555124
9765,24.69,-3.745964,-5.353941,-6.547361,0.421115,-1.268156,-0.857120
9766,24.69,-4.782056,-5.459824,-6.991230,0.282067,-1.789301,-1.447674
9766,24.69,-5.935397,-5.255835,-7.118050,0.419817,-1.962634,-1.664608
9765,24.69,-1.067797,-5.005187,-7.991430,0.927064,-2.320983,-2.305405
9766,24.69,-3.823731,-5.142775,-7.285547,1.396438,-1.858558,-1.117654
9766,24.75,-4.359125,-5.964111,-6.672387,1.664837,-1.603216,-0.650724
8789,24.75,-3.733402,-6.003592,-6.936793,1.572978,-1.838628,-0.994489
9765,24.75,-4.272983,-6.374480,-6.731011,1.553430,-1.723098,-0.764880
9766,24.75,-4.582854,-6.450452,-6.801001,1.387351,-1.599322,-0.611018
9765,24.75,-6.808179,-6.078966,-7.030712,1.274341,-1.423392,-0.513814
9766,24.75,-7.088140,-5.413762,-5.308477,1.209513,-1.054888,-0.793438
9766,24.69,-3.802195,-6.836295,-5.939584,0.651488,-1.491962,-1.006630
9765,24.69,-4.266403,-7.922637,-6.054440,0.321239,-1.646511,-0.662483
9766,24.88,-3.985246,-8.033903,-5.770292,0.014890,-1.694464,-0.022984
9766,24.88,-3.554538,-7.759924,-4.987839,0.032452,-1.763034,0.222431
8789,24.75,-3.850052,-7.555338,-4.868198,0.108887,-1.830381,-0.163941
9765,24.75,-3.691527,-7.156335,-4.996214,0.114003,-1.696449,-0.222279
9766,24.75,-3.598805,-7.164112,-4.975875,0.170584,-1.565571,-0.270537
9766,24.75,-3.749553,-6.617949,-4.670192,0.090179,-1.596038,-0.407065
9765,24.62,-4.225127,-6.860223,-5.065606,-0.046197,-1.310688,-0.495641
9766,24.62,-4.847859,-6.330213,-5.257032,-0.134314,-1.181108,-0.414243
9765,24.69,-4.692326,-7.001998,-5.281558,-0.115224,-1.145067,-0.139201
9766,24.69,-5.825327,-7.039684,-4.458427,-0.240910,-1.065196,-0.041157
9766,24.75,-6.850054,-12.715460,-1.438685,-0.411265,-1.387046,0.086590
9765,24.75,-2.340779,-6.571290,-6.741180,0.333303,-0.960738,0.871094
8789,24.69,-5.459225,-5.705088,-5.601000,1.604972,-0.176158,0.504727
9766,24.69,-3.913461,-4.913661,-4.932206,1.826411,-0.709444,-0.405462
9766,24.69,-2.987439,-3.656233,-4.149155,1.601536,-0.406302,0.185092
9765,24.69,-4.563712,-5.566902,-4.780262,0.878577,0.097662,0.359265
9766,24.75,-5.657830,-7.301100,-4.483552,0.561156,-0.145004,0.224264
9765,24.75,-5.088337,-7.883753,-4.348955,0.308105,-0.310014,0.142942
9766,24.75,-5.204390,-7.630712,-4.304090,0.083689,-0.320704,-0.003589
9766,24.75,-4.737789,-8.148160,-4.366303,0.072922,-0.519846,-0.058109
9765,24.69,-4.916055,-7.588239,-4.582854,0.096059,-1.047863,-0.074067
9766,24.69,-5.020741,-7.435697,-4.694718,-0.021838,-1.538388,0.010843
8789,24.75,-5.151149,-8.228917,-4.351348,-0.241674,-2.351373,0.273362
9766,24.75,-5.698507,-8.672786,-3.783651,-0.007025,-2.501951,0.783587
9765,24.69,-5.670392,-8.806187,-4.049852,0.597808,-2.502028,1.054124
9766,24.69,-5.805586,-8.888739,-3.802794,1.012509,-2.466674,0.774883
9766,24.75,-4.436892,-9.047263,-3.275774,1.169578,-2.351755,0.898430
9765,24.75,-3.760321,-7.454241,-3.022733,1.364749,-2.324877,1.283810
9766,24.81,-3.938586,-6.920641,-2.434099,1.267011,-2.317165,1.386817
9765,24.81,-5.545965,-6.616155,-1.375873,1.056720,-2.333963,1.315193
9766,24.81,-5.261817,-7.380064,-1.887937,1.035493,-2.303344,1.264873
8789,24.81,-6.189634,-7.539785,-1.908276,1.163927,-2.083432,1.318553
9766,24.69,-7.337591,-8.658429,-2.209174,0.933402,-2.165059,1.499369
9766,24.81,-4.752744,-9.118449,-2.169692,0.638125,-2.501951,2.501951
9765,24.69,-4.971089,-9.300902,-2.151148,0.611705,-2.501951,2.501951
9766,24.69,-5.741579,-9.053245,-1.644467,0.653702,-2.501951,2.501951
9765,24.75,-5.798408,-8.927024,-1.534398,0.738307,-2.501951,2.501951
9766,24.75,-7.637890,-8.882756,-0.477368,0.801761,-2.501951,2.501951
9766,24.75,-5.626723,-7.229914,-0.543171,1.115134,-2.501951,2.501951
8789,24.75,-2.709872,-6.177072,-0.428914,1.311069,-2.501951,2.501951
9765,24.75,-2.139782,-1.700101,2.340779,1.565189,-2.501951,2.501951
9766,24.75,-3.788437,-0.153141,2.298306,1.535715,-2.501951,2.501951
9766,24.69,-7.719844,-1.429114,3.394817,0.836962,-2.501951,2.501951
9765,24.69,-8.543573,-2.550151,3.081956,0.722272,-2.501951,2.501951
9766,24.75,-8.645269,-1.984248,3.743571,0.791223,-2.501951,2.501951
9766,24.75,-8.011768,-0.885943,4.722236,0.717996,-2.501951,2.501951
9765,24.75,-7.036694,1.179063,5.209774,0.705702,-2.501951,2.501951
9766,24.75,-8.400602,1.886741,5.526823,0.418977,-2.501951,2.501951
9765,24.69,-10.233505,-1.759323,6.652048,-0.020998,-2.501951,2.501951
8789,24.69,-10.575679,-0.315254,6.209973,-0.014584,-2.501951,2.501951
9766,24.75,-10.027123,0.477966,5.599803,0.129427,-2.501951,2.501951
9766,24.75,-7.949556,1.654039,7.100103,0.373697,-2.501951,2.501951
9765,24.69,-7.932806,6.154340,5.731409,1.587791,-2.501264,2.489429
9766,24.69,-4.686344,5.560920,5.414360,2.124360,-2.411849,2.257529
9766,24.81,-7.931610,0.885943,0.895514,0.748615,-1.707216,1.424080
9765,24.81,-7.992028,2.156531,5.101498,-1.334817,-1.293813,1.021290
9766,24.75,-8.697910,1.063610,4.770690,-1.517847,-0.256105,0.507400
9765,24.75,-8.598609,1.858625,5.623732,-1.405754,-0.105145,0.498008
8790,24.69,-8.448459,3.108277,6.267401,-0.986471,-0.195477,0.409127
9765,24.69,-7.875378,3.700500,6.090930,-0.751364,-0.491517,0.315894
9766,24.69,-7.356733,4.051049,5.661419,-0.773890,-0.908509,0.290543
9765,24.69,-7.208977,3.938586,5.512465,-0.834595,-1.282817,0.280616
9766,24.75,-7.284351,3.717250,6.022735,-0.732122,-1.663691,0.243659
9766,24.75,-7.372287,3.660421,6.031708,-0.467388,-2.043497,0.391565
9765,24.69,-7.169495,3.600002,6.328418,-0.369497,-2.068619,0.641485
9766,24.69,-7.165308,3.348755,6.653842,-0.490372,-1.932472,0.745866
9766,24.75,-6.925427,2.979663,6.520442,-0.674013,-1.705612,0.757549
9765,24.75,-6.525228,2.902494,6.245267,-0.899041,-1.442864,0.665232
8789,24.69,-6.413363,2.578865,5.894121,-1.169501,-1.246623,0.464945
9766,24.69,-5.832506,1.588834,4.980661,-1.383075,-1.102154,0.298179
9765,24.75,-6.046663,1.634896,5.658428,-1.298623,-1.182864,0.193033
9766,24.75,-6.122635,1.928615,5.931808,-1.302594,-0.916756,-0.035583
9766,24.75,-8.170891,2.546561,5.500501,-1.345278,-0.857655,-0.340099
9765,24.75,-6.136395,2.206781,6.707681,-1.336268,-1.249067,-0.878959
9766,24.75,-6.704690,1.824527,7.290333,-1.362000,-1.419651,-0.722272
9766,24.75,-5.902496,0.970290,8.210972,-1.426600,-1.596115,-0.600251
9765,24.75,-5.859425,0.709472,7.881360,-1.537242,-1.627269,-0.396757
8789,24.75,-6.093922,0.676571,7.944171,-1.539991,-1.527010,-0.223653
9766,24.75,-5.554340,0.372084,7.837691,-1.419651,-1.353983,-0.120875
9766,24.75,-5.579464,0.270987,7.555338,-1.140104,-1.058477,0.078496
9765,24.75,-6.994819,2.093720,6.983453,-0.872468,-0.673173,0.267330
9766,24.75,-6.920043,1.894517,7.180263,-0.776104,-0.453491,0.185245
9765,24.69,-6.116055,1.287339,6.458827,-0.619265,-0.245033,0.056581
9766,24.69,-5.796613,1.007977,7.313065,-0.375224,0.112476,0.038408
9766,24.62,-5.784051,0.431905,7.557133,-0.256945,0.490296,-0.014661
9765,24.62,-6.482755,0.748954,7.964511,-0.195248,0.929126,-0.193568
9766,24.75,-6.710073,0.531805,8.061419,-0.338114,1.163698,-0.388892
8789,24.75,-6.658628,0.655633,7.524829,-0.439594,1.406594,-0.659964
9766,24.75,-7.545767,0.347558,7.633105,-0.449597,1.616120,-0.814207
9765,24.75,-7.509874,0.198006,7.522437,-0.441426,1.745929,-1.273120
9766,24.69,-7.823334,0.060419,7.636694,-0.588187,1.953929,-1.431105
9765,24.69,-7.609177,0.004187,7.329814,-0.968221,2.215379,-1.475392
9766,24.69,-6.126823,-0.364307,5.903094,-1.223792,2.433229,-1.406975
9766,24.69,-7.017551,-0.692722,6.270990,-1.617648,2.495843,-1.832901
9766,24.69,-6.973284,-1.150948,5.730811,-1.612150,2.501951,-1.975156
8789,24.69,-7.361519,-1.590629,5.736793,-1.683239,2.501951,-2.160554
9765,24.69,-8.081759,-2.441278,5.289933,-1.820608,2.501951,-2.392225
9766,24.69,-7.651649,-2.379662,5.258826,-1.784796,2.501951,-2.312583
9766,24.69,-8.019546,-2.651846,5.126025,-1.579316,2.501951,-2.230422
9765,24.69,-8.629117,-3.435495,4.826324,-1.213637,2.377029,-2.003103
9766,24.69,-8.392227,-3.841677,4.247859,-0.714254,1.610852,-1.659186
9765,24.69,-7.954939,-4.198207,3.614359,-0.414014,0.807487,-1.462030
9766,24.75,-7.366903,-4.074977,3.670590,-0.263436,0.115759,-1.323669
9766,24.75,-7.146165,-4.016353,3.812365,-0.184863,-0.593990,-1.241202
8789,24.75,-6.557531,-4.048058,4.398606,-0.069562,-1.296943,-1.177061
9765,24.75,-6.397810,-4.031906,4.990232,0.090255,-1.832138,-1.210659
9766,24.75,-6.241678,-3.900301,5.268996,0.273744,-1.989130,-1.163927
9766,24.75,-5.603991,-4.324429,3.987041,0.483118,-1.642693,-1.117883
9765,24.75,-6.774680,-5.163114,5.262415,0.468763,-1.486159,-1.091463
9766,24.75,-6.952945,-5.167899,6.340382,0.764803,-1.550529,-0.786718
9765,24.75,-6.568299,-4.495516,6.755537,1.235628,-1.753412,-0.536569
9766,24.75,-6.343971,-4.567301,7.386046,1.525560,-2.163608,-0.283594
9766,24.69,-6.738788,-4.572684,8.003992,1.685912,-2.218586,0.143248
9765,24.69,-6.952346,-4.405187,8.890533,1.858634,-2.102140,0.569937
8789,24.69,-7.390233,-3.889534,9.355339,1.790064,-1.711568,0.589103
9766,24.69,-6.197411,-3.321836,9.416954,1.907885,-1.604437,0.618425
9766,24.69,-7.234700,-3.086741,9.510873,1.718975,-1.668273,1.062753
9765,24.69,-5.550153,-2.030908,8.910872,1.226770,-1.350547,1.119945
9766,24.69,-4.752744,-1.196411,7.450652,0.534354,-0.955088,1.762041
9766,24.69,-5.167899,-1.970490,6.973284,-0.188986,-0.706618,2.410703
9765,24.75,-4.711468,-2.448456,6.266803,-0.550390,-0.516792,2.501875
9766,24.75,-4.966902,-2.149353,6.428319,-0.652862,-0.171577,2.384207
9765,24.75,-5.215755,-2.134398,6.449255,-0.847957,0.312458,2.082058
8789,24.75,-5.031508,-1.917249,7.169495,-1.159499,0.814894,1.957670
9766,24.75,-5.196014,-2.354537,7.653443,-1.554881,1.387504,1.941253
9766,24.75,-5.769694,-2.290530,8.314462,-1.732719,1.742035,2.016161
9765,24.69,-6.971489,-1.667797,8.385648,-1.832214,1.993024,2.135738
9766,24.69,-7.384850,-1.254437,8.150553,-1.890170,2.053195,2.234850
9766,24.75,-7.900503,-0.967897,7.563115,-1.905900,2.168877,2.354962
9765,24.75,-7.605587,-0.519243,7.058827,-2.031051,2.456824,2.473622
9766,24.69,-8.710474,-0.341575,6.826126,-2.211103,2.501951,2.501646
9765,24.69,-7.475777,-1.165305,8.670393,-2.421317,2.501951,2.501951
9766,24.75,-8.796615,-0.198006,5.979664,-2.501951,2.501951,2.501875
8789,24.75,-11.170893,0.485743,4.311867,-2.501340,2.501951,2.501951
9766,24.75,-10.398610,0.196810,3.604189,-2.233247,2.501951,2.501875
9765,24.75,-9.276975,0.284148,2.849852,-1.493566,2.501951,2.501951
9766,24.75,-9.221341,0.414557,2.394618,-0.896521,2.501951,2.501875
9766,24.75,-10.570892,0.622732,3.032305,-0.366901,2.501951,2.501951
9765,24.69,-9.435498,0.397807,3.341577,-0.093539,2.501951,2.501875
9766,24.69,-9.370893,0.564706,3.117848,-0.128663,2.501951,2.501951
9766,24.69,-10.570295,0.652044,2.997609,-0.268704,2.501951,2.501875
9765,24.69,-10.603794,1.413560,2.188236,-0.476475,2.501951,2.490574
9766,24.75,-10.118052,1.744966,0.874577,-0.784427,2.501951,2.223855
8789,24.75,-8.487343,1.413560,0.614955,-0.847957,2.501951,2.021506
9765,24.69,-8.006984,2.001596,-0.399003,-1.219058,2.501951,2.260965
9766,24.69,-8.147562,2.478964,-1.165903,-1.279992,2.501951,2.395737
9766,24.75,-8.237891,2.271985,-1.674378,-1.227686,2.501951,2.344119
9765,24.75,-9.143574,2.703291,-2.341377,-1.148045,2.501951,2.080531
9766,24.69,-9.864412,2.935994,-3.120241,-1.128650,2.501951,1.778305
9766,24.69,-10.584652,2.980859,-3.361916,-0.914083,2.501951,1.332603
9765,24.69,-9.524632,3.657430,-3.920042,-0.730518,2.501951,0.936304
9766,24.69,-9.559327,3.126821,-3.786642,-0.502284,2.501951,0.512363
8789,24.75,-9.573684,2.879164,-3.680161,0.138361,2.501188,0.259770
9766,24.75,-6.543772,3.924229,-4.859225,0.389961,2.501875,-0.246026
9765,24.75,-7.932806,3.110670,-3.903292,0.161803,2.501951,-0.090179
9766,24.75,-8.449656,2.982055,-3.576672,0.081321,2.501951,-0.230678
9766,24.69,-8.888140,2.955734,-4.159325,0.072617,2.373441,-1.021748
9765,24.69,-9.014361,2.487938,-4.228118,0.236023,1.929189,-1.585272
9766,24.75,-7.575677,3.235096,-4.968099,0.183489,1.921858,-1.358870
9766,24.75,-7.849057,3.919444,-5.801997,-0.249462,2.414750,-0.809855
8789,24.75,-9.046066,3.591029,-6.159126,-0.879188,2.501875,-1.126970
9765,24.75,-11.787643,2.379064,-5.312665,-1.810986,2.466674,-1.594664
9766,24.69,-7.561320,2.803192,-5.791828,-2.182774,2.396501,-1.480203
9765,24.69,-8.724830,2.970690,-5.080561,-1.456074,2.501951,-1.165989
9766,24.75,-6.872785,2.696113,-5.553741,-1.732490,2.501951,-1.637501
9766,24.75,-6.519844,3.032305,-4.664808,-1.559615,2.501951,-1.335046
9765,24.69,-8.365309,1.481157,-3.628716,-1.795944,2.501951,-1.164004
9766,24.69,-2.042872,3.533601,-4.711468,-2.347021,2.501951,-0.528017
9766,24.69,-5.044669,2.478964,-6.468996,-2.502028,2.501951,0.527482
8789,24.69,-4.920840,2.468197,-6.224928,-2.501951,2.501951,1.239064
9765,24.81,-5.694320,5.010571,-5.407182,-2.502028,2.501951,2.106187
9766,24.81,-5.900701,5.359324,-4.837689,-2.501951,2.501951,2.251496
9766,24.75,-6.476175,7.824531,-14.756538,-2.339309,2.501951,2.140319
9765,24.75,-6.858428,6.685547,-9.483953,0.642401,2.501951,1.177214
9766,24.75,-5.718248,5.221139,-8.588439,2.406275,2.501951,0.960738
9765,24.75,-5.794220,5.281558,-9.470194,2.411772,2.501951,0.656146
9766,24.69,-5.139185,4.545167,-9.510274,2.498973,2.501951,0.408134
9766,24.69,-5.139783,4.349554,-9.519845,2.501951,2.501951,0.139888
9765,24.69,-4.514060,4.771288,-8.827722,2.501951,2.478509,0.196011
8789,24.69,-3.909274,4.509274,-8.480762,2.501951,2.148719,0.577802
9766,24.81,-3.634698,3.677769,-8.270194,2.501951,1.864437,1.139035
9766,24.81,-3.192624,3.296712,-8.296515,2.501951,1.883756,1.577865
9765,24.75,-2.175076,2.388037,-7.863413,2.501951,2.356794,1.767539
9766,24.75,-2.386242,1.614557,-7.705488,2.501951,2.501951,1.763492
9765,24.75,-1.664806,2.289333,-8.205587,2.501951,2.501951,1.698511
9766,24.75,-1.039681,1.624128,-8.595019,2.501951,2.501951,1.755627
9766,24.75,-0.720240,1.472782,-9.582658,2.501951,2.501951,1.708361
9765,24.75,-0.927219,1.371686,-10.247862,2.501951,2.501951,1.469742
8789,24.75,0.175274,0.523430,-9.521640,2.327855,2.501951,1.027017
9766,24.75,0.961317,-1.301097,-7.808978,2.282192,2.501951,0.657291
9766,24.81,1.158126,0.372084,-7.521838,2.499126,2.435749,1.022436
9765,24.81,1.023530,0.721436,-7.111470,2.501951,2.067932,1.292133
9766,24.69,1.222732,0.086740,-6.437890,2.501951,2.264477,1.518229
9766,24.69,1.985445,-0.957129,-6.701698,2.501951,2.481716,1.664226
9765,24.75,2.201995,1.241875,-10.007981,2.501951,2.501951,1.524032
9766,24.75,3.720840,-2.837888,-8.324630,2.501951,2.501951,1.597947
9765,24.75,2.813960,-3.218945,-6.940981,2.501951,2.501951,2.200795
9766,24.75,1.899303,-1.968695,-6.166304,2.501951,2.385658,2.142152
8789,24.69,5.023133,-4.819145,-5.646464,2.501951,1.592831,1.451568
9766,24.69,4.320241,-3.909872,-3.336791,2.501951,1.451416,1.223029
9765,24.75,5.373682,-5.938388,-5.004589,2.501951,0.559705,0.779082
9766,24.75,3.382853,-5.237291,-7.220343,2.501951,0.572075,0.485332
9766,24.69,4.496114,-6.433702,-8.237891,2.344959,0.710207,0.148135
9765,24.69,4.286742,-6.035297,-7.919645,1.466840,1.346347,-0.011454
9766,24.69,2.086541,-5.640481,-6.927820,0.662712,1.094976,-0.094073
9765,24.69,1.849652,-6.861419,-5.764908,0.541914,0.559171,0.138743
9766,24.75,6.008976,-9.292527,-4.973482,1.528156,-0.181961,0.617814
9766,24.75,4.144369,-7.424929,-7.146165,2.402533,-0.430660,1.045649
8789,24.75,2.712265,-3.564708,-7.055836,2.412765,-1.040151,1.372996
9765,24.75,3.993023,-4.399205,-4.725825,2.212707,-1.612073,1.319240
9766,24.75,4.532605,-2.756532,-6.837491,2.432542,-1.214935,1.785406
9766,24.75,3.288935,-3.693920,-5.827720,2.495613,-1.362535,2.409482
9765,24.75,2.615355,-7.058827,-4.855037,2.501951,-1.439733,2.501951
9766,24.75,1.944767,-7.636694,-5.279165,2.501875,-1.172021,2.489581
9766,24.75,2.560320,-8.249257,-5.461020,2.501799,-0.331853,1.533195
8789,24.75,2.913262,-9.107682,-5.735596,2.501875,-0.072158,1.291904
9765,24.69,3.009573,-9.221939,-5.166105,2.501951,0.699135,1.121243
9766,24.69,3.159124,-8.432906,-3.273980,2.501951,1.610394,1.147816
9766,24.69,2.706283,-9.516256,-0.674776,2.493628,2.023491,1.455768
9765,24.69,2.146362,-7.922637,-2.547160,1.866575,1.287933,1.456074
9766,24.69,2.023132,-7.357930,-3.828516,1.072679,1.250518,1.246241
9766,24.69,0.321835,-8.868399,-5.579464,1.022359,1.926822,1.092151
9765,24.69,2.551945,-9.136994,-3.789035,1.109026,2.425899,1.412779
9766,24.69,1.850250,-8.932407,-3.083750,1.052444,2.501951,1.490969
9765,24.75,2.896512,-8.364711,-3.071188,0.647823,2.501951,0.726777
8790,24.75,2.882753,-9.417553,-5.562117,0.436692,2.501951,0.014584
9765,24.69,1.869393,-9.227921,-2.702095,1.334893,2.501951,-0.638431
9766,24.69,1.615754,-9.723833,-2.760121,1.894751,2.501951,-0.993496
9765,24.75,2.616552,-11.506486,-4.054638,2.188959,2.501951,-0.547335
9766,24.75,1.351945,-10.193425,-0.875773,2.455373,2.501951,-0.140728
9766,24.81,1.082752,-8.450253,-0.120239,2.501951,2.501951,-0.411265
9765,24.81,1.727618,-8.980264,-0.311665,2.501951,2.501951,-0.867429
9766,24.69,1.367498,-8.561520,0.226720,2.501951,2.501951,-1.094671
9766,24.69,1.914856,-9.954143,0.414557,2.501875,2.501951,-1.366429
8789,24.69,2.210370,-10.414164,0.495314,2.499508,2.501951,-1.719051
9765,24.69,2.535794,-11.005789,0.528814,2.470186,2.501951,-1.772807
9766,24.75,2.067997,-10.482358,0.707079,2.495384,2.501951,-1.659721
9765,24.75,1.869991,-10.014562,0.756730,2.501875,2.501951,-1.612837
9766,24.69,2.781657,-10.165908,0.535992,2.501951,2.501951,-1.594664
9766,24.69,2.362314,-10.987842,1.630709,2.501951,2.501951,-1.497231
9765,24.75,2.069792,-10.659427,2.893521,2.501951,2.468812,-1.582217
9766,24.75,3.499503,-11.250455,2.859423,2.501875,2.098628,-1.688661
9766,24.75,3.012564,-11.189437,3.431906,2.501951,1.911245,-1.571985
9765,24.75,3.039483,-10.511072,4.039085,2.501951,1.906587,-1.453325
8789,24.75,3.041876,-10.130613,4.234100,2.348090,1.221120,-1.326112
9766,24.75,2.969493,-9.881162,4.068397,1.681865,0.806342,-1.224938
9766,24.69,4.719843,-9.007782,3.245864,1.253648,0.807564,-1.205772
9765,24.69,1.731805,-8.396415,3.619145,0.653702,0.685620,-1.139416
9766,24.81,2.299503,-9.521640,3.922435,0.742507,0.713338,-0.447917
9765,24.81,2.690131,-9.955937,4.116253,1.082911,1.185384,-0.334754
9766,24.75,-0.716650,-5.965906,4.088736,1.128192,0.795270,-0.307112
9766,24.75,-0.154337,-4.956732,3.410371,1.754634,0.904691,0.681038
9765,24.75,2.374877,-8.515458,3.595814,1.458975,0.723188,1.799304
9766,24.75,2.305485,-9.887144,4.555336,1.781665,0.829097,1.413695
8789,24.81,2.280958,-8.853444,4.667201,1.362993,0.436616,0.762054
9766,24.81,1.787439,-9.393624,5.166703,0.831464,-0.011148,0.462120
9765,24.81,2.520241,-10.357333,5.300701,0.712192,-0.039019,0.248546
9766,24.81,1.480559,-9.148957,5.242076,0.725173,-0.049709,-0.041921
9765,24.81,1.798206,-8.892327,4.981259,0.803288,0.014661,0.016875
9766,24.81,1.838884,-8.772089,4.845466,0.947147,0.133703,0.192423
9766,24.81,1.847857,-8.580663,5.142775,1.103299,0.132329,0.402866
9765,24.81,1.866402,-8.311470,5.212764,1.105513,0.139659,0.479300
9766,24.75,1.957329,-8.356336,5.573482,0.979981,0.166919,0.463799
8789,24.75,1.872384,-8.451449,5.723632,0.697303,0.068570,0.342772
9766,24.75,1.728814,-7.954341,5.602795,0.361327,-0.080634,0.155618
9765,24.75,1.287937,-7.240084,5.398208,0.050091,-0.219911,-0.035048
9766,24.81,1.627718,-7.389635,5.244469,-0.339107,-0.427148,-0.124311
9766,24.81,1.316052,-7.045069,5.127819,-0.649197,-0.733649,-0.160352
9765,24.81,1.614557,-6.866803,4.964509,-1.177595,-1.216843,-0.209832
9766,24.81,1.759921,-7.838887,4.942974,-1.491809,-1.690570,-0.149815
9765,24.69,1.691726,-7.971091,5.206782,-1.325348,-1.545871,0.044135
9766,24.69,1.478166,-6.988837,4.484150,-1.347340,-1.081537,0.083230
9766,24.69,1.442274,-8.001600,4.859823,-0.958829,-0.697074,-0.133321
8789,24.69,0.941576,-8.257631,3.982255,-1.026483,-0.653015,0.076511
9765,24.69,0.508475,-7.287342,3.343372,-1.722411,-0.987235,0.557796
9765,24.75,2.347957,-7.581061,4.160521,-2.294105,-1.287857,0.903622
9766,24.69,2.900101,-7.846066,4.250252,-2.465147,-1.426218,0.911793
9765,24.69,2.196611,-7.841280,3.748955,-2.315332,-1.525941,0.969901
9766,24.75,1.788635,-7.668997,3.547360,-2.044413,-1.414535,0.977843
9766,24.75,1.674378,-7.846066,3.064009,-2.028531,-1.390024,0.996550
8789,24.75,1.937588,-8.384451,2.984448,-1.796707,-1.589013,0.820087
9765,24.75,2.039283,-9.016754,3.086143,-1.141936,-1.320004,0.587881
9766,24.75,1.898107,-9.661621,2.999403,-1.175610,-1.430494,0.598801
9766,24.75,1.939981,-9.969098,2.657230,-1.789530,-1.900707,0.960204
9765,24.75,2.336591,-10.703095,2.413760,-2.382298,-2.247297,1.194318
9766,24.75,2.857629,-11.017753,2.167897,-2.502028,-2.438192,1.498147
9766,24.75,2.522035,-10.512867,2.010569,-2.501951,-2.498897,1.624596
9765,24.75,2.517848,-10.896317,1.749752,-2.502028,-2.444072,1.493871
9766,24.75,1.944767,-10.893325,1.318445,-2.501951,-2.416506,1.740661
9765,24.75,1.209572,-9.799208,0.806381,-2.502028,-2.500730,2.125353
8789,24.75,0.025125,-9.537791,0.222533,-2.501951,-2.501951,2.340530
9766,24.75,-0.389432,-9.346964,-0.404387,-2.502028,-2.501951,2.489429
9766,24.75,0.543171,-9.884750,-0.644268,-2.501951,-2.501951,2.499890
9765,24.75,0.646062,-9.747762,-1.052842,-2.502028,-2.501951,2.500119
9766,24.75,0.160917,-9.605987,-1.568495,-2.501951,-2.501951,2.501951
9766,24.75,0.274576,-10.203594,-2.207977,-2.502028,-2.501951,2.501951
9765,24.69,0.727418,-10.416556,-2.810370,-2.501951,-2.501951,2.501875
9766,24.69,0.354138,-9.875778,-3.171687,-2.502028,-2.501951,2.501951
9765,24.75,-0.711865,-9.050254,-3.399603,-2.501951,-2.501951,2.501951
8790,24.75,-3.035894,-7.907083,-4.176672,-2.502028,-2.501951,2.501951
9765,24.69,-5.054240,-7.066006,-4.887938,-2.501951,-2.501951,2.499966
9766,24.69,-4.831109,-7.872387,-5.842675,-2.502028,-2.501951,2.275702
9765,24.75,-3.522833,-8.085947,-6.069395,-2.501951,-2.501951,1.820455
9766,24.75,-2.364707,-8.953943,-7.140183,-2.502028,-2.501951,1.624902
9766,24.81,-3.011368,-8.502896,-7.033104,-2.501951,-2.501951,1.516778
9765,24.81,-5.047660,-6.039485,-5.616553,-2.502028,-2.501951,1.217531
9766,24.81,-5.590232,-5.700302,-5.213363,-2.501951,-2.501951,0.427758
9766,24.81,-5.101498,-5.603991,-6.551548,-2.502028,-2.501951,-0.287641
9765,24.69,-7.096514,-3.900899,-6.562316,-2.501951,-2.501951,-0.703411
8789,24.69,-7.114460,-4.526024,-6.834500,-2.502028,-2.501951,-1.354746
9766,24.75,-4.701897,-6.491728,-7.049256,-2.501951,-2.501951,-1.698434
9765,24.75,-5.167899,-5.058427,-6.400801,-2.492712,-2.501951,-1.480279
9766,24.75,-5.431110,-4.658228,-4.256234,-2.159867,-2.501951,-1.172021
9766,24.75,-4.600800,-5.603991,-5.146364,-1.954234,-2.501951,-1.268843
9765,24.69,-3.327220,-6.205786,-4.387839,-1.193936,-2.500882,-1.370247
9766,24.69,-2.985645,-5.157730,-2.796013,-0.472428,-2.212859,-1.335275
9766,24.69,-4.144369,-4.287340,-1.963311,-0.412869,-1.289918,-1.209895
9765,24.69,-5.054838,-4.836493,-2.432903,-0.554437,-0.323835,-0.825584
9766,24.69,-6.303892,-4.909474,-4.124629,-0.769461,0.399811,-0.410578
8789,24.69,-8.834302,-5.140980,-6.321838,-0.939129,0.831540,-0.082467
9766,24.75,-10.372289,-5.626723,-7.056435,-1.370094,0.606742,-0.321468
9765,24.75,-9.725628,-5.484350,-6.849455,-1.678581,0.206931,-0.922712
9766,24.81,-6.927222,-5.582456,-6.337391,-1.798845,-0.281303,-1.502652
9765,24.81,-4.691129,-4.615157,-3.812963,-1.644678,-0.217621,-1.499750
9766,24.75,-3.214159,-4.564310,-4.113262,-1.844431,0.558178,-1.178894
9766,24.75,-4.293322,-4.326224,-3.875775,-2.179262,1.930792,-0.939511
9765,24.75,-6.652646,-4.113861,-5.593223,-2.336636,2.499966,-0.734642
9766,24.75,-6.214161,-5.385646,-8.142178,-2.501722,2.501951,-0.635071
8789,24.75,-6.948159,-5.236094,-9.382258,-2.359543,2.501951,-0.528933
9766,24.75,-8.069197,-3.903292,-8.551949,-1.913077,2.426280,-0.751593
9765,24.75,-7.521240,-3.759723,-7.593623,-2.033570,1.796097,-1.304197
9766,24.75,-5.605786,-2.413760,-6.220741,-2.138639,0.968145,-2.128865
9765,24.81,-4.009175,-2.714658,-5.979066,-2.297922,-0.089110,-2.463619
9765,24.81,-0.824926,-4.728218,-7.697711,-1.642464,-1.969124,-1.838093
9766,24.75,-2.775076,-3.312265,-7.359127,-0.463036,-1.646587,-0.660422
9766,24.75,-2.419144,-2.076372,-5.213961,0.125456,-1.460884,-0.290466
8789,24.75,-2.997609,-3.236293,-7.820942,0.183718,-1.318324,0.079947
9765,24.75,-4.293921,-3.354139,-8.162517,0.401186,-1.642617,0.107512
9766,24.75,-5.560322,-3.761517,-8.441878,0.036270,-1.679650,-0.020693
9766,24.75,-5.793024,-3.965505,-7.843673,-0.738612,-1.623298,-0.269926
9765,24.81,-5.423333,-2.309074,-6.404988,-1.270447,-1.431563,-0.595899
9766,24.81,-4.548756,-3.863212,-6.932606,-1.763186,-1.430646,-0.703335
9765,24.75,-5.166703,-3.385246,-5.912665,-1.680109,-1.591457,-0.442648
9766,24.75,-5.680562,-2.803790,-4.243073,-1.728367,-1.658499,-0.392023
9766,24.75,-5.285746,-3.388835,-5.181059,-2.003256,-1.337260,-0.479453
8789,24.75,-5.958727,-3.281158,-7.750951,-1.907808,-0.931340,-0.392481
9765,24.75,-6.617949,-2.936592,-8.809775,-1.735392,-0.883922,-0.458760
9766,24.75,-6.634101,-2.414956,-7.917850,-1.458517,-1.270218,-0.611705
9766,24.75,-5.669196,-2.346163,-7.721639,-1.289995,-1.620702,-0.904004
9765,24.75,-5.146364,-3.582056,-8.483753,-1.079017,-1.954692,-0.986853
9766,24.75,-7.008578,-3.769294,-8.690733,-0.664698,-1.838704,-0.703564
9765,24.75,-7.676774,-3.494119,-7.800004,-0.478537,-1.535028,-0.770148
9766,24.75,-6.506085,-2.614159,-6.658030,-0.606513,-1.341002,-0.880791
9766,24.75,-3.816552,-2.864807,-7.381858,-0.819705,-1.135140,-0.943176
9765,24.75,-3.485744,-2.549553,-8.676375,-0.569097,-1.245936,-0.560163
8789,24.75,-7.809575,-2.751148,-7.636694,-0.193339,-1.007393,-0.310090
9766,24.75,-6.909874,-3.266801,-7.027720,-0.554589,-0.352087,-0.613232
9766,24.75,-5.586045,-2.860021,-7.549954,-0.932486,0.241903,-0.706847
9765,24.81,-4.578666,-3.366103,-8.617153,-1.048245,0.651717,-0.225486
9766,24.81,-5.756534,-2.217548,-6.923633,-0.934547,1.249830,0.134009
9766,24.75,-6.259026,-1.955534,-5.808578,-1.310611,1.739439,0.195248
9765,24.75,-5.884550,-2.443072,-6.045467,-1.808008,1.960343,0.249004
9766,24.69,-5.545367,-2.422135,-6.559924,-1.863903,2.116648,0.368199
9765,24.69,-4.753941,-2.533401,-7.292726,-1.763644,2.137036,0.401797
8789,24.75,-4.280162,-1.597209,-8.072785,-1.385824,2.072971,0.429056
9766,24.75,-4.409374,-1.892125,-8.322238,-1.071000,1.916208,0.493961
9766,24.69,-4.659424,-2.261218,-8.953943,-0.813672,1.857565,0.469145
9765,24.69,-4.375277,-2.106282,-9.293125,-0.560545,1.668502,0.368734
9766,24.75,-3.885944,-2.271985,-9.489935,-0.477468,1.470582,0.390190
9766,24.75,-3.312265,-2.300101,-9.136994,-0.519999,1.384068,0.484111
9765,24.75,-4.034299,-2.143969,-8.864212,-0.689132,1.415527,0.381867
9766,24.75,-3.577868,-2.043471,-8.769696,-1.059546,1.525407,-0.063377
9765,24.81,-4.896314,-1.668396,-9.282358,-1.482494,1.449201,-0.496099
9766,24.81,-1.640878,-2.077569,-8.373085,-1.602758,1.170876,-0.962647
8789,24.75,-2.386841,-2.011168,-8.632707,-1.511891,1.248914,-1.244103
9766,24.75,-4.100102,-1.416551,-9.175877,-1.350776,1.247005,-1.380097
9765,24.81,-4.921438,-1.020539,-9.592826,-1.430265,1.078406,-1.403692
9766,24.81,-4.906483,-0.585045,-9.940982,-1.489671,0.795881,-1.270142
9766,24.75,-4.658826,-0.650848,-10.082757,-1.440267,0.525039,-1.173319
9765,24.75,-3.833900,-1.088136,-9.710673,-1.678200,-0.085750,-0.935846
9766,24.75,-3.256033,-1.096511,-9.211770,-2.099697,-1.121090,-0.511981
9766,24.75,-3.208177,0.234497,-8.477173,-2.305253,-1.779298,-0.238543
9765,24.75,-3.851248,0.736391,-8.208579,-2.197435,-1.377654,-0.175624
9766,24.75,-4.772485,1.222732,-8.384451,-1.838781,-0.619265,-0.281609
8789,24.75,-5.365307,1.678565,-8.164910,-1.688050,-0.586049,-0.371864
9765,24.75,-5.734998,1.570888,-8.303096,-1.650252,-0.890031,-0.469679
9766,24.81,-5.804988,1.630111,-8.324630,-1.622000,-1.506470,-0.483958
9766,24.81,-5.830711,2.031507,-8.087741,-1.521284,-1.839544,-0.312992
9765,24.75,-5.568099,2.041676,-7.784451,-1.320156,-1.688890,-0.137521
9766,24.75,-1.923231,1.895714,-6.131010,-1.057255,-1.271211,-0.110872
9766,24.69,-3.031108,0.454038,-7.537990,-0.765567,-0.256105,0.011530
9765,24.69,-3.503691,0.041874,-8.721241,-0.776410,-0.039019,0.159589
9766,24.75,-4.452445,1.214956,-8.331809,-1.307252,-0.893314,0.580933
9765,24.75,-4.144967,0.817747,-7.770094,-1.382770,-0.601550,0.737238
9766,24.75,-4.514060,0.987039,-7.762317,-1.124679,-0.187307,0.639805
9765,24.75,-4.919045,1.411167,-8.009974,-0.758847,-0.171500,0.495030
9766,24.69,-5.617152,2.309672,-8.243873,-0.715171,-0.336052,0.467999
9766,24.69,-4.108477,1.681556,-7.890333,-0.890794,-0.266566,0.671112
9765,24.75,-3.786044,1.789832,-7.119844,-0.998077,-0.381485,0.688980
9766,24.75,-3.906283,1.525425,-7.384251,-1.167364,-0.646143,0.529926
9766,24.75,-4.496114,1.758725,-7.307083,-0.937373,-0.943176,0.330402
8789,24.75,-4.059423,2.316851,-8.410772,-0.676151,-1.022130,-0.140194
9765,24.81,-5.100900,1.362114,-8.328220,-0.647212,-1.393689,-0.715629
9766,24.81,-4.675576,1.350150,-8.543573,-0.394084,-1.626352,-0.701961
9765,24.69,-4.507480,1.332204,-8.230712,-0.206549,-1.245402,-0.449368
9766,24.69,-4.920840,1.563710,-8.105089,-0.225409,-0.611018,-0.145920
9766,24.75,-5.708078,1.673181,-7.710872,-0.219301,-0.611247,-0.038179
9765,24.75,-5.807979,1.361516,-7.935797,-0.242666,-1.224327,-0.120570
9766,24.81,-5.575277,1.366302,-7.750951,-0.238314,-1.527392,-0.171271
9766,24.81,-4.798806,1.146760,-7.356135,-0.234038,-1.408884,-0.079336
8789,24.75,-4.766503,1.534996,-7.451848,-0.342848,-0.916680,0.167759
9765,24.75,-5.445467,1.662414,-6.948758,-0.380111,-0.613843,0.340176
9766,24.81,-5.237291,1.947758,-7.418947,-0.488539,-0.728610,0.342237
9766,24.81,-5.336593,2.172085,-7.655239,-0.523893,-0.850783,0.313832
9765,24.75,-5.452645,2.351547,-7.508080,-0.509233,-0.881020,0.328035
9766,24.75,-5.779864,2.229513,-7.424331,-0.563676,-1.084133,0.223806
9765,24.75,-6.573084,0.462413,-8.215757,-0.709673,-1.282512,0.141339
9766,24.75,-2.595016,2.171487,-8.374282,-0.390725,-1.418276,-0.119348
9766,24.81,-3.806981,3.701099,-7.142576,0.147448,-0.838947,-0.256563
9765,24.81,-6.093922,2.684747,-8.689535,0.299400,-0.357967,0.057727
8789,24.75,-8.004590,2.292324,-9.058628,0.433485,-0.217697,-0.115072
9766,24.75,-7.402795,2.560919,-8.030313,0.842001,-0.243277,-0.658207
9766,24.75,-5.657830,2.800799,-7.107282,0.822759,-0.374384,-0.966312
9765,24.75,-4.514060,3.293122,-6.311668,0.323606,-0.655840,-1.015029
9766,24.75,-5.512465,3.330211,-5.934201,-0.257022,-1.130253,-0.939816
9765,24.75,-4.411767,3.601797,-7.542177,-0.745790,-1.730276,-0.668516
9766,24.75,-4.926224,3.961916,-7.070791,-1.127504,-1.603369,-0.665614
9766,24.75,-4.246663,1.804188,-6.598209,-1.366200,-0.556575,-1.225854
9765,24.81,-4.979465,2.602793,-5.569295,-1.021748,0.358502,-1.876196
8789,24.81,-7.103094,3.405585,-5.041080,-0.931340,0.644386,-2.428418
9766,24.75,-7.390831,3.448058,-5.021338,-0.759611,0.259312,-2.501951
9766,24.75,-6.595218,1.663610,-5.781060,-0.212581,-0.182878,-2.492330
9765,24.81,-6.647262,1.885544,-6.569495,0.129733,-0.382325,-2.252336
9766,24.81,-6.789635,1.322035,-8.041679,0.559858,-0.300393,-2.318997
9766,24.88,-6.306883,0.632303,-8.266006,0.639423,-0.778930,-1.924302
9765,24.88,-7.313065,0.530010,-7.453045,0.452498,-1.609172,-1.754329
9766,24.75,-10.023535,-1.063012,-7.639685,0.931951,-2.156965,-1.893224
9765,24.75,-2.262414,2.745166,-8.539985,1.809765,-2.336712,-1.621618
9766,24.81,-5.110471,1.303490,-6.544969,0.587423,-1.592297,-2.009136
8789,24.81,-6.827920,2.017748,-5.810970,0.647059,-0.984028,-2.383978
9766,24.75,-7.571490,-0.166301,-7.364510,1.168738,-0.641943,-2.501264
9765,24.75,-7.290333,-0.554537,-6.115457,0.866741,-0.797485,-2.501951
9766,24.81,-6.854241,-0.988236,-5.800801,0.935922,-0.716774,-2.501951
9766,24.81,-8.001001,-0.662214,-5.111070,0.798554,-0.663018,-2.501951
9765,24.81,-7.928020,-0.586242,-5.563313,0.504498,-0.864298,-2.501951
9766,24.81,-7.447062,-1.323231,-5.268996,0.638431,-1.107499,-2.501951
9765,24.75,-7.670792,-1.482354,-4.951348,0.645455,-1.046565,-2.501951
9766,24.75,-7.932806,-2.153541,-5.590232,0.748310,-1.121320,-2.501951
8789,24.81,-7.501500,-2.091925,-5.590232,0.892550,-1.237995,-2.501951
9766,24.81,-6.976274,-2.294119,-5.439485,1.003270,-1.388573,-2.501951
9765,24.81,-6.414560,-2.060220,-4.648058,1.087569,-1.654376,-2.501951
9765,24.81,-6.865607,-3.577868,-5.089534,1.428432,-1.443856,-2.501951
9766,24.81,-6.892526,-4.012764,-4.752744,1.523880,-1.217225,-2.501951
9766,24.81,-7.269994,-4.026523,-4.325625,1.427974,-1.077566,-2.501951
9765,24.75,-6.988837,-4.238886,-4.526622,1.274189,-0.929126,-2.501951
9766,24.75,-6.900901,-4.402196,-4.176672,1.296256,-0.856738,-2.481640
8789,24.75,-6.638886,-4.826922,-4.291528,1.291140,-0.762894,-2.239738
9765,24.75,-5.971888,-4.721638,-3.994219,1.221043,-0.628428,-1.835574
9766,24.75,-6.206384,-5.024928,-4.184449,1.103223,-0.502742,-1.463786
9766,24.75,-6.772287,-5.737989,-4.016353,1.020145,-0.431958,-1.248227
9765,24.81,-7.125228,-6.077770,-3.920042,0.897285,-0.372857,-1.033737
9766,24.81,-6.659225,-5.781658,-3.667001,0.762284,-0.267712,-0.813291
9766,24.75,-6.509675,-5.780462,-3.748357,0.633773,-0.039477,-0.684551
9765,24.75,-6.004789,-5.627919,-3.919444,0.555047,0.155618,-0.573068
9766,24.75,-5.839086,-5.483752,-4.244867,0.505491,0.384769,-0.426460
9765,24.75,-6.570691,-5.032704,-3.990630,0.423711,0.735940,-0.271835
