786133,23.62,-9.120244,-0.701097,1.606781,-0.879875,-0.599717,-1.401554
9765,23.62,-9.739985,-0.597009,1.942374,-1.564197,-1.306870,-1.894140
9766,23.81,-9.593425,-0.317647,1.865205,0.093157,-1.457066,-0.679969
9765,23.81,-9.651451,-0.488734,2.042872,0.279318,-0.175700,0.069486
8790,23.88,-9.735199,-0.667598,2.108675,0.298179,-0.186543,0.030543
9765,23.88,-9.622139,-0.917648,2.086541,0.279318,-0.203953,-0.007101
9766,23.88,-9.614961,-0.883550,1.838884,0.236023,-0.220904,-0.053756
9765,23.88,-9.669995,-0.775873,1.868795,0.206625,-0.227776,-0.081016
9766,23.81,-9.491132,-0.496511,2.020739,0.182878,-0.136299,-0.033445
9765,23.81,-9.341580,-0.536591,2.004587,0.166232,-0.141644,-0.012065
9766,23.88,-9.472588,-0.717847,2.095515,0.156763,-0.170584,-0.007865
9766,23.88,-9.789637,-0.651446,2.028516,0.137826,-0.195630,-0.034132
8789,23.94,-9.890135,-0.359522,1.863411,0.119806,-0.197462,-0.079642
9765,23.94,-9.851252,-0.288933,1.764109,0.137063,-0.199600,-0.140652
9766,23.94,-9.820744,-0.396610,1.808974,0.197997,-0.170890,-0.198149
9766,23.94,-9.659227,-0.676571,1.893321,0.226631,-0.132405,-0.226478
9765,23.88,-9.471392,-0.885943,1.898107,0.203876,-0.090332,-0.224493
8789,23.88,-9.478569,-0.956531,1.962713,0.137826,-0.050396,-0.187459
9766,23.88,-9.776476,-1.046262,1.889732,0.073533,-0.050855,-0.151495
9765,23.88,-9.623933,-1.060020,2.026123,-0.013974,-0.072464,-0.094990
9766,23.94,-9.563515,-0.919442,1.978864,-0.133474,-0.067042,-0.055054
9766,23.94,-9.644870,-0.726222,1.954936,-0.229991,-0.032299,-0.032910
8789,23.94,-9.621540,-0.678365,1.939981,-0.278860,0.021228,-0.036117
9765,23.94,-9.440882,-0.623929,1.774876,-0.297797,0.086208,-0.055360
9766,23.94,-9.047263,-0.254836,1.950749,-0.248469,0.086437,-0.094379
9766,23.94,-9.564711,-0.304487,1.501496,-0.097433,-0.004429,-0.160887
9765,23.94,-9.409776,-0.439681,1.639084,0.018631,-0.054749,-0.132100
9766,23.94,-9.411571,-0.175872,1.756930,0.082390,-0.135154,-0.098197
8789,24.00,-9.634702,-0.583849,1.720440,0.128434,-0.182954,-0.103771
9766,24.00,-9.551551,-0.788435,1.826322,0.140346,-0.239306,-0.099495
9765,23.88,-9.787243,-0.822533,1.680958,0.074067,-0.336816,-0.093386
9766,23.88,-10.239487,-0.716650,1.241875,-0.021991,-0.423940,-0.112170
9765,23.94,-9.724432,-0.754936,1.694717,-0.023747,-0.255876,-0.123777
8790,23.94,-9.626925,-0.635893,1.789832,-0.027260,-0.206167,-0.125915
9765,23.94,-9.687942,-0.348754,1.810769,-0.025504,-0.191430,-0.116904
9766,23.94,-9.485149,-0.270389,1.807179,0.014966,-0.176769,-0.096364
9765,23.94,-9.537193,-0.371486,1.781457,0.115148,-0.177151,-0.082696
9766,23.94,-9.357134,-0.704088,1.929812,0.192499,-0.184100,-0.076282
8789,23.94,-9.501301,-0.876970,1.954338,0.196011,-0.205251,-0.063759
9766,23.94,-9.556934,-0.918246,1.911865,0.142866,-0.206320,-0.063835
9765,23.94,-9.570095,-0.769293,2.024926,0.096593,-0.199066,-0.059941
9766,23.94,-9.574881,-0.711865,2.005186,0.062079,-0.199677,-0.057269
9766,23.94,-9.583255,-0.639482,1.969293,0.055818,-0.203800,-0.057421
8789,23.94,-9.567701,-0.608375,1.989034,0.055818,-0.201967,-0.056810
9765,23.94,-9.576675,-0.626920,2.062613,0.074678,-0.195706,-0.058338
9766,23.94,-9.588639,-0.684347,2.152942,0.095829,-0.196546,-0.059865
9766,24.00,-9.555140,-0.696910,2.258227,0.112399,-0.195935,-0.061163
9765,24.00,-9.519845,-0.717249,2.328217,0.110338,-0.195248,-0.059178
8789,23.94,-9.541979,-0.717847,2.331208,0.096975,-0.189292,-0.061621
9766,23.94,-9.567701,-0.701097,2.301297,0.086819,-0.185169,-0.062614
9765,23.94,-9.580863,-0.682553,2.344368,0.078573,-0.177227,-0.062156
9766,23.94,-9.599407,-0.710668,2.276771,0.066203,-0.171195,-0.063454
9766,23.94,-9.575479,-0.682553,2.286940,0.059636,-0.165926,-0.063148
8789,23.94,-9.538390,-0.675374,2.242673,0.055589,-0.156840,-0.062766
9765,23.94,-9.535997,-0.698704,2.230111,0.058719,-0.156840,-0.063072
9766,23.94,-9.566505,-0.702892,2.268396,0.064675,-0.157756,-0.062308
9766,24.00,-9.583255,-0.713061,2.259423,0.062690,-0.148746,-0.062156
9765,24.00,-9.565907,-0.678963,2.240280,0.051084,-0.147829,-0.064523
8789,23.94,-9.550354,-0.629911,2.262414,0.050931,-0.141186,-0.063301
9766,23.94,-9.539586,-0.649651,2.243271,0.058032,-0.137750,-0.062156
9766,23.94,-9.552149,-0.671785,2.270789,0.065134,-0.134848,-0.063835
9765,23.94,-9.541381,-0.666401,2.243870,0.059712,-0.125915,-0.064446
9766,23.94,-9.554542,-0.629911,2.205584,0.053909,-0.122555,-0.065592
8789,23.94,-9.549756,-0.617947,2.181058,0.058490,-0.119195,-0.066050
9766,23.94,-9.540185,-0.642473,2.185246,0.067501,-0.115454,-0.064904
9765,23.94,-9.555738,-0.677169,2.188835,0.075213,-0.117286,-0.066661
9766,23.94,-9.560523,-0.707079,2.190031,0.066966,-0.115530,-0.066279
8789,23.94,-9.564113,-0.696910,2.180460,0.051236,-0.110490,-0.066279
9766,23.94,-9.546764,-0.687338,2.136791,0.048869,-0.109345,-0.067424
9766,23.94,-9.537791,-0.669990,2.137987,0.050549,-0.108352,-0.066126
9765,23.94,-9.563515,-0.646660,2.124228,0.056352,-0.109498,-0.068341
9766,23.94,-9.547363,-0.646062,2.113461,0.059865,-0.109345,-0.068875
8789,23.94,-9.557532,-0.638884,2.105684,0.061239,-0.113850,-0.067959
9766,23.94,-9.547961,-0.644268,2.123032,0.062766,-0.118890,-0.070173
9765,23.94,-9.546166,-0.662812,2.088934,0.062156,-0.116599,-0.067653
9766,23.94,-9.541979,-0.652044,2.123630,0.067272,-0.118890,-0.069715
9766,23.94,-9.561122,-0.646062,2.130210,0.063225,-0.118813,-0.069104
8789,24.00,-9.554542,-0.658624,2.117050,0.056200,-0.111559,-0.066355
9765,24.00,-9.558130,-0.665205,2.117648,0.058719,-0.110108,-0.068035
9766,24.00,-9.546764,-0.677169,2.116452,0.063454,-0.114537,-0.069257
9765,24.00,-9.554542,-0.687338,2.120639,0.068264,-0.116141,-0.069868
9766,24.00,-9.539586,-0.687937,2.089533,0.068188,-0.114232,-0.065744
8789,24.00,-9.529416,-0.658026,2.111666,0.069410,-0.118202,-0.064981
9766,24.00,-9.561720,-0.621536,2.109872,0.068111,-0.116904,-0.066584
9765,24.00,-9.561122,-0.612563,2.127818,0.066432,-0.116981,-0.066966
9766,23.94,-9.563515,-0.629911,2.137987,0.067272,-0.123777,-0.068341
9766,23.94,-9.547961,-0.628714,2.144567,0.063225,-0.116904,-0.067348
8789,24.00,-9.544970,-0.659223,2.145764,0.065439,-0.117133,-0.068341
9765,24.00,-9.543176,-0.690329,2.133800,0.065286,-0.121409,-0.066737
9766,24.00,-9.553944,-0.687338,2.166103,0.070784,-0.124922,-0.067959
9766,24.00,-9.538988,-0.664607,2.160121,0.070784,-0.122326,-0.068341
9765,23.94,-9.555738,-0.644268,2.184049,0.066661,-0.118737,-0.068341
8789,23.94,-9.564113,-0.617947,2.146960,0.070555,-0.114843,-0.069410
9766,23.94,-9.559925,-0.604786,2.217548,0.083078,-0.109421,-0.071548
9766,23.94,-9.556335,-0.657428,2.234896,0.090866,-0.106901,-0.074067
9765,23.94,-9.561720,-0.701695,2.248057,0.086132,-0.101327,-0.072464
9766,23.94,-9.551551,-0.702892,2.201995,0.073075,-0.094531,-0.071319
8789,23.94,-9.568300,-0.656830,2.215156,0.064446,-0.101327,-0.072693
9765,23.94,-9.561122,-0.615554,2.229513,0.069562,-0.101556,-0.075900
9766,24.00,-9.538390,-0.625125,2.196013,0.073533,-0.098578,-0.075976
9766,24.00,-9.559327,-0.634098,2.174478,0.078420,-0.098502,-0.075289
9765,24.00,-9.552747,-0.626321,2.163710,0.077580,-0.095142,-0.073838
9766,24.00,-9.566505,-0.641875,2.112264,0.077198,-0.093386,-0.074373
8789,23.94,-9.561122,-0.653241,2.146362,0.083001,-0.096288,-0.079565
9766,23.94,-9.544373,-0.641875,2.166103,0.080634,-0.091324,-0.079794
9765,24.00,-9.550354,-0.640080,2.182254,0.084758,-0.088270,-0.078038
9766,24.00,-9.546764,-0.656830,2.228914,0.089492,-0.088346,-0.078496
9766,23.94,-9.555140,-0.684946,2.222932,0.088881,-0.091477,-0.079718
8789,23.94,-9.562318,-0.699302,2.242075,0.081780,-0.089110,-0.078954
9765,24.06,-9.547363,-0.672981,2.220540,0.071395,-0.085903,-0.081627
9766,24.06,-9.572488,-0.659223,2.126621,0.058185,-0.086208,-0.083154
9765,24.00,-9.578470,-0.625125,2.151148,0.055436,-0.082467,-0.083918
9766,24.00,-9.561720,-0.646062,2.127818,0.059330,-0.078114,-0.082696
8789,23.94,-9.549157,-0.680758,2.114657,0.061316,-0.083459,-0.085063
9766,23.94,-9.552149,-0.708276,2.063211,0.054672,-0.083307,-0.086056
9765,24.00,-9.535398,-0.695115,2.047658,0.042990,-0.081780,-0.082238
9766,24.00,-9.549756,-0.653839,1.981856,0.037034,-0.082772,-0.078343
9766,23.94,-9.546764,-0.684347,1.910071,0.039401,-0.083689,-0.078954
8789,23.94,-9.553944,-0.695713,1.848456,0.047342,-0.088881,-0.080252
9765,24.00,-9.547363,-0.680758,1.840679,0.053756,-0.090943,-0.075518
9766,24.00,-9.539586,-0.683151,1.783251,0.060781,-0.103236,-0.074831
9766,24.00,-9.547363,-0.640678,1.829911,0.069028,-0.113774,-0.076740
9765,24.00,-9.533604,-0.669990,1.839483,0.074373,-0.118661,-0.075824
8789,24.00,-9.529416,-0.659821,1.856830,0.082314,-0.128587,-0.073609
9766,24.00,-9.547363,-0.671785,1.887937,0.089186,-0.135307,-0.073838
9766,24.00,-9.553345,-0.691526,1.914258,0.089721,-0.138972,-0.070784
9766,23.94,-9.543774,-0.677169,2.014757,0.100106,-0.149509,-0.074373
8789,23.94,-9.571889,-0.710668,2.070390,0.105909,-0.153098,-0.072006
9765,23.94,-9.561720,-0.734597,2.106282,0.106367,-0.155618,-0.071777
9766,23.94,-9.548559,-0.735195,2.125425,0.097738,-0.154014,-0.071548
9766,23.94,-9.550354,-0.679562,2.132005,0.088423,-0.148517,-0.069028
9765,23.94,-9.565310,-0.668196,2.133202,0.086743,-0.152716,-0.069333
8789,24.00,-9.549756,-0.631705,2.235495,0.094913,-0.151418,-0.070250
9766,24.00,-9.558130,-0.671187,2.234298,0.100487,-0.150884,-0.070250
9766,24.00,-9.547961,-0.717249,2.274378,0.100411,-0.148746,-0.070555
9765,24.00,-9.551551,-0.738186,2.316851,0.094455,-0.143324,-0.072769
9766,24.00,-9.567104,-0.717847,2.288735,0.088499,-0.137597,-0.069333
8789,24.00,-9.555738,-0.693320,2.282753,0.080100,-0.130114,-0.069562
9766,23.94,-9.563515,-0.666999,2.265405,0.074220,-0.123471,-0.067119
9765,23.94,-9.556934,-0.669990,2.274378,0.079871,-0.121868,-0.068875
9766,23.94,-9.549756,-0.690928,2.250450,0.079183,-0.115530,-0.068341
9765,23.94,-9.555140,-0.677169,2.219343,0.076282,-0.114690,-0.069715
8790,24.00,-9.555140,-0.666999,2.150549,0.072158,-0.117133,-0.073227
9765,24.00,-9.546764,-0.620938,2.126023,0.071013,-0.115835,-0.073380
9766,23.94,-9.547363,-0.632303,2.124826,0.080634,-0.118126,-0.075442
9765,23.94,-9.556934,-0.657428,2.086541,0.083383,-0.118279,-0.072846
9766,23.94,-9.546764,-0.682553,2.100300,0.082390,-0.120951,-0.073075
8789,23.94,-9.540782,-0.677767,2.093122,0.080863,-0.120570,-0.073762
9766,24.00,-9.543176,-0.689731,2.100300,0.083459,-0.120035,-0.074831
9765,24.00,-9.549157,-0.687937,2.115854,0.084070,-0.122173,-0.075824
9766,24.00,-9.547363,-0.679562,2.093720,0.077733,-0.118508,-0.073457
9766,24.00,-9.566505,-0.649651,2.079961,0.075671,-0.117439,-0.073838
8789,24.00,-9.546166,-0.661616,2.096711,0.079107,-0.118355,-0.073533
9765,24.00,-9.547363,-0.670589,2.091327,0.088270,-0.121104,-0.074067
9766,24.00,-9.538390,-0.689133,2.121836,0.088575,-0.121715,-0.072998
9766,24.00,-9.530015,-0.695713,2.108675,0.080176,-0.122631,-0.070250
9765,24.00,-9.543176,-0.692722,2.103889,0.070555,-0.125915,-0.070402
8789,24.00,-9.536595,-0.673580,2.099104,0.071089,-0.127289,-0.071166
9766,24.00,-9.553944,-0.689731,2.075176,0.080787,-0.130802,-0.071089
9765,24.00,-9.543176,-0.698106,2.087738,0.083383,-0.128893,-0.068646
9766,24.00,-9.535398,-0.695115,2.078765,0.085292,-0.127976,-0.068264
9766,24.00,-9.543176,-0.697508,2.113461,0.088728,-0.133169,-0.067806
8789,24.00,-9.546166,-0.698704,2.129014,0.090484,-0.134543,-0.070250
9765,24.00,-9.537791,-0.686740,2.154737,0.082238,-0.137292,-0.069180
9766,24.00,-9.538390,-0.681955,2.159523,0.073686,-0.136528,-0.067042
9766,24.00,-9.556934,-0.666401,2.184049,0.074755,-0.137903,-0.067424
9765,23.94,-9.560523,-0.677169,2.194218,0.078725,-0.137979,-0.066126
8789,23.94,-9.562318,-0.684347,2.224129,0.080100,-0.137979,-0.067348
9766,24.00,-9.567701,-0.699901,2.228914,0.079718,-0.133550,-0.068035
9766,24.00,-9.542577,-0.707677,2.245066,0.081169,-0.131489,-0.069562
9765,24.00,-9.553345,-0.708874,2.274378,0.074755,-0.123395,-0.068188
9766,24.00,-9.554542,-0.693320,2.243271,0.067653,-0.121639,-0.068188
8789,24.00,-9.546764,-0.669392,2.229513,0.062614,-0.121486,-0.066890
9766,24.00,-9.540185,-0.647259,2.216950,0.065134,-0.121639,-0.067042
9765,23.94,-9.556335,-0.639482,2.207977,0.064294,-0.119730,-0.066432
9766,23.94,-9.543176,-0.641277,2.197210,0.063225,-0.117515,-0.066813
9765,24.00,-9.549756,-0.670589,2.197210,0.063301,-0.113392,-0.066813
8789,24.00,-9.545568,-0.695115,2.196611,0.061468,-0.113545,-0.066432
9766,23.94,-9.539586,-0.683749,2.209772,0.055665,-0.115224,-0.067577
9766,23.94,-9.548559,-0.669392,2.210968,0.050244,-0.113010,-0.067653
9765,24.00,-9.553345,-0.649053,2.182853,0.050778,-0.113926,-0.069562
9766,24.00,-9.550354,-0.654437,2.199602,0.052916,-0.111941,-0.069257
9766,24.00,-9.571292,-0.679562,2.196013,0.057574,-0.111559,-0.069944
8789,24.00,-9.480963,-0.668196,2.188835,0.061850,-0.111712,-0.073227
9765,24.06,-9.559327,-0.698106,2.176272,0.061392,-0.113316,-0.071395
9766,24.06,-9.665210,-0.668794,2.202594,0.055589,-0.115148,-0.071166
9765,24.00,-9.553345,-0.692124,2.150549,0.057345,-0.110567,-0.071929
8789,24.00,-9.593425,-0.671785,2.187040,0.059788,-0.107818,-0.070479
9766,24.00,-9.493525,-0.685544,2.129014,0.057040,-0.110948,-0.073380
9765,24.00,-9.591032,-0.658026,2.182254,0.062003,-0.115377,-0.072769
9766,24.00,-9.549756,-0.662812,2.176871,0.066279,-0.110643,-0.072082
9766,24.00,-9.516256,-0.622732,2.167299,0.073838,-0.109498,-0.071777
8789,24.00,-9.538390,-0.646660,2.160121,0.076511,-0.108505,-0.070479
9765,24.00,-9.561122,-0.675972,2.183451,0.071929,-0.106061,-0.070402
9766,24.00,-9.563515,-0.708276,2.165505,0.063988,-0.105145,-0.071548
9766,24.06,-9.525827,-0.713061,2.185843,0.063683,-0.104153,-0.070860
9765,24.06,-9.568898,-0.727418,2.156531,0.061239,-0.104687,-0.070708
8789,24.00,-9.556934,-0.678963,2.150549,0.054749,-0.105985,-0.071548
9766,24.00,-9.560523,-0.629312,2.157728,0.057650,-0.109956,-0.071624
9766,24.00,-9.530015,-0.608973,2.167897,0.065897,-0.111865,-0.071929
9765,24.00,-9.571889,-0.621536,2.201995,0.076740,-0.108429,-0.072769
9766,24.06,-9.546166,-0.657428,2.207977,0.081780,-0.106901,-0.073838
8789,24.06,-9.515060,-0.686142,2.194817,0.076893,-0.104229,-0.072235
9766,24.00,-9.536595,-0.695115,2.184647,0.069104,-0.106061,-0.073686
9765,24.00,-9.556335,-0.689133,2.171487,0.059559,-0.103313,-0.072540
9766,24.00,-9.545568,-0.694517,2.154139,0.057956,-0.104382,-0.072540
9765,24.00,-9.556335,-0.695115,2.136193,0.053680,-0.102473,-0.072006
8789,24.06,-9.573086,-0.708874,2.105684,0.053527,-0.099724,-0.070097
9766,24.06,-9.531810,-0.687937,2.123630,0.054443,-0.101709,-0.072082
9766,24.00,-9.538390,-0.664008,2.166701,0.059330,-0.102244,-0.072388
9765,24.00,-9.555140,-0.682553,2.176272,0.064981,-0.105374,-0.073227
9766,24.06,-9.562917,-0.661017,2.185246,0.064523,-0.103084,-0.072464
8789,24.06,-9.553944,-0.659223,2.191826,0.061163,-0.097662,-0.072311
9766,24.00,-9.546166,-0.672981,2.186442,0.057269,-0.099571,-0.072769
9765,24.00,-9.539586,-0.665803,2.223531,0.059483,-0.101175,-0.073915
9766,24.00,-9.544970,-0.689731,2.236691,0.057192,-0.092470,-0.068951
9766,24.00,-9.548559,-0.711267,2.206182,0.056581,-0.087659,-0.068111
8789,24.00,-9.571889,-0.720838,2.172085,0.049709,-0.090255,-0.069944
9765,24.00,-9.565907,-0.722034,2.096113,0.049938,-0.090332,-0.070631
9766,24.00,-9.532408,-0.711865,2.078765,0.053527,-0.090637,-0.069944
9765,24.00,-9.519845,-0.711865,2.022533,0.054596,-0.093844,-0.068188
9766,24.00,-9.535997,-0.678963,1.966302,0.058414,-0.095600,-0.067806
8789,24.00,-9.564113,-0.695115,2.007578,0.065439,-0.100640,-0.068799
9766,23.94,-9.565907,-0.718445,2.038685,0.073915,-0.097815,-0.064064
9765,23.94,-9.565310,-0.750150,2.099104,0.078954,-0.099266,-0.064446
9766,24.00,-9.551551,-0.763310,2.145764,0.076435,-0.101251,-0.063530
9766,24.00,-9.544373,-0.738186,2.160719,0.070479,-0.100487,-0.063912
8789,24.00,-9.562318,-0.686142,2.128416,0.059559,-0.101480,-0.060705
9765,24.00,-9.570693,-0.626920,2.072185,0.056658,-0.105832,-0.063301
9766,24.06,-9.586246,-0.568295,2.051846,0.070555,-0.108276,-0.067501
9766,24.06,-9.585648,-0.558724,2.085345,0.092012,-0.108200,-0.069791
9765,24.06,-9.561122,-0.530608,2.120639,0.108658,-0.105909,-0.072235
8789,24.06,-9.556335,-0.583849,2.166103,0.123700,-0.105069,-0.075518
9766,24.00,-9.568898,-0.610768,2.176871,0.126220,-0.099724,-0.073686
9766,24.00,-9.588041,-0.641277,2.151148,0.117821,-0.095753,-0.074220
9765,23.94,-9.571292,-0.664607,2.109273,0.099037,-0.100640,-0.074984
9766,23.94,-9.573684,-0.620339,2.099104,0.086361,-0.098655,-0.074755
8789,24.00,-9.550354,-0.653241,2.092524,0.080023,-0.094073,-0.074067
9765,24.00,-9.550354,-0.652642,2.082354,0.078649,-0.095295,-0.074678
9766,24.00,-9.535398,-0.687937,2.105684,0.076129,-0.099876,-0.075671
9766,24.00,-9.524033,-0.675374,2.060819,0.072769,-0.100411,-0.075442
9765,24.00,-9.557532,-0.687338,2.055435,0.073075,-0.099647,-0.074526
8789,24.00,-9.536595,-0.669990,2.014757,0.071929,-0.095906,-0.073304
9766,24.00,-9.562318,-0.672383,2.010569,0.076435,-0.099113,-0.076511
9766,24.00,-9.550952,-0.678365,2.011766,0.082543,-0.102167,-0.075442
9766,24.00,-9.529416,-0.658624,2.036891,0.084376,-0.100564,-0.076969
8789,24.00,-9.549157,-0.665205,2.068595,0.090637,-0.101098,-0.076893
9766,24.00,-9.628120,-0.668196,2.105684,0.094531,-0.103007,-0.077656
9765,24.00,-9.670593,-0.642473,2.164308,0.098807,-0.103847,-0.078496
9766,24.00,-9.670593,-0.616152,2.282753,0.105603,-0.096059,-0.080100
9765,23.94,-9.618549,-0.642473,2.333002,0.109803,-0.089492,-0.082543
8790,23.94,-9.563515,-0.632303,2.374278,0.106367,-0.088728,-0.086132
9765,24.06,-9.540782,-0.637687,2.346163,0.088499,-0.086590,-0.088575
9766,24.06,-9.546764,-0.638286,2.253441,0.073151,-0.085597,-0.091630
9765,24.00,-9.546764,-0.624527,2.118246,0.059636,-0.078725,-0.090332
9766,24.00,-9.561122,-0.604188,2.089533,0.058796,-0.069944,-0.089034
8789,24.00,-9.541979,-0.637687,1.886741,0.054978,-0.066813,-0.089721
9766,24.00,-9.565907,-0.640080,1.807778,0.049709,-0.071395,-0.089339
9765,24.00,-9.552149,-0.651446,1.709672,0.061774,-0.080558,-0.091248
9766,24.00,-9.586246,-0.717847,1.669592,0.078038,-0.087736,-0.087965
9766,24.00,-9.553944,-0.716052,1.658824,0.092164,-0.100487,-0.089186
9765,24.00,-9.545568,-0.664607,1.773680,0.107970,-0.110719,-0.090408
8789,24.00,-9.524033,-0.675972,1.886741,0.123089,-0.115835,-0.094073
9766,24.00,-9.506685,-0.707079,2.027917,0.136910,-0.120951,-0.090255
9766,24.06,-9.534801,-0.711865,2.096711,0.132405,-0.120722,-0.086285
9765,24.06,-9.540782,-0.703490,2.130210,0.116141,-0.120111,-0.084910
9766,24.00,-9.592826,-0.739980,2.123032,0.100564,-0.120111,-0.082620
8789,24.00,-9.628120,-0.772882,2.150549,0.088881,-0.120570,-0.080634
9765,24.00,-9.602996,-0.779462,2.172683,0.076282,-0.114461,-0.078496
9766,24.00,-9.582658,-0.803390,2.142174,0.065134,-0.113774,-0.077809
9766,24.00,-9.548559,-0.801596,2.179862,0.052000,-0.111407,-0.076587
9765,24.00,-9.533604,-0.787239,2.189433,0.033750,-0.105985,-0.075824
8789,23.94,-9.548559,-0.744168,2.146362,0.021075,-0.102320,-0.077580
9766,23.94,-9.562318,-0.711267,2.134996,0.017715,-0.101709,-0.076053
9766,24.00,-9.601201,-0.717847,2.130809,0.020464,-0.099571,-0.072540
9765,24.00,-9.570693,-0.716650,2.096113,0.022602,-0.097968,-0.072617
9766,24.00,-9.588639,-0.716650,2.051247,0.016646,-0.096669,-0.072388
8789,24.00,-9.531211,-0.733998,1.996811,0.011606,-0.096822,-0.073380
9766,24.00,-9.585050,-0.738186,1.967499,0.011148,-0.096288,-0.072464
9765,24.00,-9.556934,-0.733998,1.940579,0.014813,-0.099113,-0.073151
9766,24.00,-9.518649,-0.713659,1.907678,0.024816,-0.100945,-0.072464
9765,24.00,-9.602398,-0.705285,1.921437,0.035201,-0.102625,-0.071929
8790,24.06,-9.539586,-0.701695,1.917249,0.039706,-0.100029,-0.070937
9765,24.06,-9.556335,-0.699302,1.914258,0.046731,-0.101785,-0.070173
9766,23.94,-9.570693,-0.684946,1.951347,0.054367,-0.104534,-0.070479
9765,23.94,-9.586246,-0.689133,1.972882,0.062079,-0.107589,-0.070555
9766,24.00,-9.594024,-0.699901,2.002793,0.067806,-0.110948,-0.069104
8789,24.00,-9.558729,-0.725624,2.035096,0.068799,-0.113163,-0.067730
9766,24.00,-9.586844,-0.764507,2.051247,0.067119,-0.114537,-0.068799
9765,24.00,-9.558729,-0.773480,2.029114,0.064294,-0.115454,-0.069028
9766,24.00,-9.577272,-0.757328,2.049453,0.061545,-0.116752,-0.065439
9766,24.00,-9.594621,-0.739382,2.070988,0.066584,-0.114995,-0.066966
8789,24.00,-9.598211,-0.745364,2.064408,0.063530,-0.112399,-0.064828
9765,24.00,-9.549756,-0.726820,2.093720,0.059101,-0.109574,-0.063377
9766,23.94,-9.527024,-0.735195,1.996212,0.052534,-0.109421,-0.064064
9766,23.94,-9.543176,-0.711267,1.942374,0.047724,-0.110185,-0.059254
9765,24.06,-9.562318,-0.719641,1.864009,0.045128,-0.116217,-0.059788
8789,24.06,-9.555738,-0.731007,1.794617,0.044670,-0.117210,-0.057040
9766,24.00,-9.570693,-0.733998,1.813161,0.054138,-0.121333,-0.056658
9765,24.00,-9.568300,-0.687338,1.837090,0.061850,-0.128282,-0.059483
9766,24.00,-9.558729,-0.653839,1.864009,0.070250,-0.130725,-0.059330
9766,24.00,-9.577871,-0.652044,1.904089,0.084147,-0.135918,-0.057269
8789,24.00,-9.579068,-0.638286,1.933401,0.097051,-0.140194,-0.060552
9765,24.00,-9.568898,-0.679562,1.926821,0.101098,-0.147295,-0.060628
9766,24.00,-9.552747,-0.634098,1.871786,0.104153,-0.148822,-0.059788
9765,24.00,-9.564711,-0.576072,1.898107,0.104840,-0.155236,-0.062156
8789,24.00,-9.561122,-0.591027,1.935195,0.114385,-0.157298,-0.064370
9766,24.00,-9.565310,-0.588036,2.021935,0.123547,-0.158061,-0.061163
9766,24.00,-9.568300,-0.706481,1.960918,0.124922,-0.163865,-0.062919
9765,24.00,-9.571292,-0.683749,2.010569,0.115148,-0.167912,-0.062766
9766,24.00,-9.552149,-0.672383,1.968695,0.110490,-0.169744,-0.064828
8789,24.00,-9.571889,-0.622732,2.059622,0.119577,-0.168599,-0.062308
9766,24.00,-9.576675,-0.637089,2.060819,0.128969,-0.167072,-0.063759
9765,24.00,-9.572488,-0.661017,2.105086,0.128205,-0.167682,-0.062385
9766,24.00,-9.549756,-0.681955,2.099104,0.131183,-0.167912,-0.064828
9765,24.00,-9.563515,-0.739382,2.029712,0.127518,-0.169286,-0.065515
8789,24.00,-9.581460,-0.713061,2.026721,0.115683,-0.172722,-0.066203
9766,24.06,-9.555738,-0.694517,1.943570,0.109498,-0.170966,-0.065897
9766,24.06,-9.550354,-0.652044,1.986641,0.100716,-0.170737,-0.060628
9765,24.06,-9.534801,-0.595813,2.024328,0.114155,-0.172951,-0.062308
9766,24.06,-9.543774,-0.610768,2.040480,0.123624,-0.177838,-0.063835
8789,24.00,-9.549756,-0.613161,2.157728,0.142637,-0.178220,-0.064064
9766,24.00,-9.568898,-0.646660,2.271985,0.155542,-0.175700,-0.064828
9765,24.00,-9.583854,-0.758525,2.258825,0.145233,-0.173944,-0.065210
9766,24.00,-9.597612,-0.731007,2.356930,0.115530,-0.175089,-0.068111
9766,24.00,-9.585050,-0.662214,2.343172,0.086361,-0.170126,-0.067424
8789,24.00,-9.551551,-0.644268,2.364109,0.067882,-0.162567,-0.065515
9765,24.06,-9.552747,-0.673580,2.387439,0.063225,-0.154549,-0.065973
9766,24.06,-9.556335,-0.666401,2.391626,0.056276,-0.149204,-0.068646
9765,24.06,-9.561720,-0.681356,2.371287,0.043524,-0.139964,-0.066432
9766,24.06,-9.582658,-0.666999,2.344368,0.030161,-0.139354,-0.068111
8789,24.06,-9.574283,-0.628116,2.319244,0.019700,-0.136147,-0.070326
9766,24.06,-9.555738,-0.627518,2.254039,0.018860,-0.133932,-0.071777
9765,23.94,-9.544970,-0.653839,2.188835,0.013439,-0.128358,-0.070250
9766,23.94,-9.558130,-0.662214,2.167299,0.007101,-0.123395,-0.070708
9766,24.06,-9.552747,-0.647857,2.109872,-0.001527,-0.122708,-0.072540
8789,24.06,-9.556335,-0.637687,2.097309,-0.003512,-0.121486,-0.074296
9765,24.00,-9.551551,-0.623929,2.079961,-0.004581,-0.120570,-0.071166
9766,24.00,-9.565907,-0.613759,2.085345,-0.001985,-0.120875,-0.073991
9766,24.00,-9.546166,-0.592822,2.091925,0.001527,-0.120264,-0.073762
9765,24.00,-9.553345,-0.597009,2.114657,0.005956,-0.119959,-0.073227
9766,24.06,-9.550354,-0.617947,2.132603,0.012828,-0.122020,-0.077427
8789,24.06,-9.534801,-0.637089,2.172085,0.022907,-0.126067,-0.076511
9766,24.00,-9.532408,-0.675374,2.178067,0.019624,-0.125380,-0.076893
9765,24.00,-9.530015,-0.671187,2.126621,0.016188,-0.124693,-0.074067
9766,24.00,-9.550354,-0.658624,2.143371,0.022831,-0.127976,-0.077274
9765,24.00,-9.574283,-0.661616,2.091327,0.034590,-0.128282,-0.078725
8789,24.06,-9.560523,-0.690329,2.084747,0.047037,-0.128129,-0.080252
9766,24.06,-9.536595,-0.690928,2.073979,0.055207,-0.128053,-0.079107
9766,24.00,-9.537791,-0.683749,2.115255,0.064752,-0.127213,-0.081321
9765,24.00,-9.546764,-0.707677,2.155933,0.066661,-0.128816,-0.079947
9766,24.00,-9.534801,-0.698704,2.157728,0.056963,-0.128129,-0.078038
8789,24.00,-9.541381,-0.654437,2.168496,0.044059,-0.127976,-0.077885
9766,24.12,-9.558729,-0.621536,2.139184,0.045739,-0.132787,-0.079336
9765,24.12,-9.596416,-0.629911,2.169692,0.056352,-0.132100,-0.080481
9766,24.00,-9.588639,-0.666401,2.162513,0.068646,-0.130267,-0.082467
9766,24.00,-9.533006,-0.679562,2.130809,0.083383,-0.128969,-0.081780
8789,24.00,-9.516854,-0.747159,2.121238,0.095448,-0.135688,-0.081551
9765,24.00,-9.495319,-0.748355,2.194218,0.106291,-0.141339,-0.081627
9766,24.00,-9.524632,-0.806979,2.161317,0.101785,-0.138056,-0.081016
9765,24.00,-9.537193,-0.738186,2.288735,0.094684,-0.137521,-0.079947
9766,24.00,-9.544373,-0.700499,2.308476,0.088575,-0.134619,-0.078343
8789,24.00,-9.565907,-0.687937,2.355136,0.078343,-0.132863,-0.077427
9766,24.00,-9.559327,-0.645464,2.379662,0.067577,-0.124540,-0.077580
9766,24.06,-9.576675,-0.674776,2.328217,0.052229,-0.117210,-0.079412
9766,24.06,-9.561720,-0.699302,2.280958,0.048029,-0.116675,-0.077809
8789,24.06,-9.544970,-0.706481,2.258825,0.042302,-0.111788,-0.075365
9765,24.06,-9.521640,-0.680758,2.254637,0.046197,-0.104992,-0.075442
9766,24.06,-9.545568,-0.751346,2.197808,0.050167,-0.107283,-0.077504
9766,24.06,-9.540782,-0.757927,2.207977,0.052305,-0.107512,-0.077274
9765,24.06,-9.541381,-0.744766,2.176272,0.049175,-0.108581,-0.078725
8789,24.06,-9.527622,-0.740579,2.178665,0.039554,-0.105145,-0.076893
9766,24.00,-9.520444,-0.772284,2.168496,0.032529,-0.097051,-0.072922
9766,24.00,-9.540185,-0.791426,2.143371,0.026420,-0.100869,-0.069868
9765,24.00,-9.557532,-0.780658,2.108675,0.010690,-0.101556,-0.067119
9766,24.00,-9.552747,-0.719641,2.078765,-0.003818,-0.102091,-0.065363
8789,24.00,-9.566505,-0.689133,2.134398,0.005727,-0.106672,-0.065286
9765,24.00,-9.552149,-0.693919,2.154737,0.022678,-0.107130,-0.065210
9766,24.00,-9.537193,-0.771685,2.111068,0.029169,-0.110796,-0.065592
9766,24.00,-9.506685,-0.725624,2.171487,0.040164,-0.114537,-0.066966
9765,24.00,-9.508479,-0.795015,2.166103,0.036346,-0.114079,-0.067882
8789,24.00,-9.544373,-0.775873,2.167299,0.037492,-0.114995,-0.068799
9766,24.00,-9.538390,-0.741177,2.131407,0.035812,-0.114308,-0.068188
9766,24.00,-9.579666,-0.732204,2.092524,0.029551,-0.117439,-0.066508
9765,24.00,-9.567104,-0.670589,2.131407,0.034514,-0.114690,-0.066050
9766,24.00,-9.553345,-0.667598,2.071586,0.038332,-0.112094,-0.066126
8789,24.12,-9.549756,-0.664607,2.087140,0.045128,-0.115912,-0.062690
9766,24.12,-9.535398,-0.651446,2.078167,0.046960,-0.119424,-0.063988
9765,24.00,-9.535398,-0.651446,2.083550,0.054596,-0.120799,-0.063377
9766,24.00,-9.536595,-0.720240,2.017150,0.057803,-0.122097,-0.062156
9765,24.00,-9.579666,-0.681356,2.102095,0.071395,-0.124311,-0.062003
8790,24.00,-9.544970,-0.674178,2.140978,0.079718,-0.124464,-0.063912
9765,24.00,-9.525229,-0.688535,2.157130,0.082238,-0.124082,-0.063225
9766,24.00,-9.523435,-0.699302,2.193620,0.092164,-0.126067,-0.061774
9765,24.00,-9.546764,-0.719641,2.196013,0.097204,-0.126067,-0.062843
9766,24.00,-9.524632,-0.756730,2.096711,0.094913,-0.126602,-0.063912
8789,24.06,-9.565310,-0.732204,2.123630,0.095600,-0.122708,-0.060018
9766,24.06,-9.560523,-0.713061,2.117648,0.099037,-0.124617,-0.063454
9765,24.06,-9.545568,-0.696910,2.159523,0.098807,-0.124769,-0.062614
9766,24.06,-9.524033,-0.650848,2.186442,0.100182,-0.121104,-0.060170
9766,24.00,-9.535997,-0.677169,2.210370,0.098349,-0.121409,-0.061468
8789,24.00,-9.536595,-0.641875,2.222932,0.094531,-0.121944,-0.061087
9765,24.06,-9.553345,-0.669990,2.231905,0.093310,-0.121486,-0.061545
9766,24.06,-9.547961,-0.623929,2.225325,0.097433,-0.119882,-0.061850
9766,24.00,-9.567104,-0.660419,2.271985,0.103847,-0.115606,-0.061621
9765,24.00,-9.547961,-0.702294,2.255235,0.102320,-0.115148,-0.065744
8789,24.00,-9.552149,-0.702294,2.256432,0.103694,-0.114766,-0.063301
9766,24.00,-9.544970,-0.692722,2.271387,0.099876,-0.112552,-0.065821
9765,24.00,-9.541979,-0.693320,2.244468,0.095906,-0.111712,-0.065744
9766,24.00,-9.550952,-0.693320,2.230111,0.093233,-0.109879,-0.065439
9766,24.06,-9.552149,-0.693320,2.207977,0.090103,-0.108658,-0.067042
8789,24.06,-9.558130,-0.653839,2.165505,0.080940,-0.102854,-0.066813
9765,24.00,-9.540782,-0.656232,2.134996,0.073304,-0.102854,-0.066813
9766,24.00,-9.545568,-0.649053,2.142773,0.074526,-0.105298,-0.068646
9766,24.00,-9.517453,-0.637687,2.135594,0.078420,-0.103847,-0.069639
9765,24.00,-9.529416,-0.664008,2.164308,0.080481,-0.105756,-0.067348
8789,24.00,-9.556934,-0.668794,2.188236,0.079489,-0.105145,-0.067959
9766,24.00,-9.555140,-0.686740,2.205584,0.079336,-0.104534,-0.068951
9766,24.00,-9.558729,-0.689133,2.184647,0.076282,-0.104992,-0.068570
9765,24.00,-9.545568,-0.703490,2.190629,0.080023,-0.105680,-0.069180
9766,24.06,-9.544373,-0.694517,2.157728,0.075595,-0.105069,-0.066355
9765,24.06,-9.544970,-0.684946,2.139782,0.072540,-0.104840,-0.064675
8790,24.06,-9.541979,-0.666999,2.103291,0.073686,-0.102778,-0.066584
9766,24.06,-9.539586,-0.686740,2.078167,0.079565,-0.104687,-0.064981
9765,24.06,-9.579068,-0.693320,2.068595,0.078649,-0.111407,-0.068417
9766,24.00,-9.553944,-0.644866,2.084747,0.077351,-0.113621,-0.069028
8789,24.00,-9.562318,-0.622134,2.112264,0.082849,-0.116828,-0.071471
9766,24.00,-9.547363,-0.634696,2.133202,0.087430,-0.114614,-0.068111
9765,24.00,-9.543774,-0.654437,2.127818,0.091095,-0.116904,-0.071089
9766,24.06,-9.549756,-0.662812,2.123032,0.094837,-0.116828,-0.071166
9766,24.06,-9.542577,-0.660419,2.118845,0.097128,-0.118661,-0.067806
8789,24.06,-9.568300,-0.669990,2.143969,0.099113,-0.120875,-0.069562
9765,24.06,-9.543774,-0.668794,2.136193,0.103313,-0.119653,-0.069333
9766,24.00,-9.554542,-0.646660,2.103889,0.102625,-0.120875,-0.068722
9766,24.00,-9.549157,-0.633500,2.116452,0.101404,-0.120951,-0.069028
9765,24.00,-9.567104,-0.634098,2.095515,0.101327,-0.120875,-0.070555
8789,24.00,-9.556934,-0.632902,2.129612,0.107818,-0.121409,-0.072922
9766,24.00,-9.540185,-0.658624,2.118845,0.105756,-0.119424,-0.072082
9765,24.00,-9.540782,-0.661616,2.081157,0.095677,-0.121486,-0.072617
9766,24.00,-9.558729,-0.644866,2.133202,0.092928,-0.124540,-0.073838
9766,24.00,-9.549756,-0.624527,2.109872,0.092546,-0.124922,-0.073533
8789,24.06,-9.550354,-0.640678,2.131407,0.093844,-0.128129,-0.072388
9765,24.06,-9.543774,-0.600599,2.114059,0.102931,-0.129198,-0.074602
9766,24.00,-9.553345,-0.579661,2.172085,0.111254,-0.131183,-0.075060
9766,24.00,-9.555738,-0.646062,2.202594,0.131718,-0.126907,-0.072158
9765,24.06,-9.552747,-0.724427,2.194218,0.135078,-0.128740,-0.072540
8789,24.06,-9.569496,-0.707677,2.280360,0.131183,-0.129885,-0.073991
9766,24.06,-9.518050,-0.729213,2.142773,0.105374,-0.125915,-0.075671
9766,24.06,-9.550354,-0.645464,2.143371,0.079947,-0.126602,-0.074373
9765,24.00,-9.550952,-0.570688,2.139184,0.083612,-0.121486,-0.076664
9766,24.00,-9.571889,-0.639482,2.151148,0.098807,-0.124769,-0.075213
8789,24.06,-9.552149,-0.667598,2.196611,0.111712,-0.122478,-0.073609
9766,24.06,-9.545568,-0.706481,2.216352,0.103160,-0.124693,-0.073686
9765,24.06,-9.543774,-0.690329,2.213361,0.090866,-0.124693,-0.073457
9766,24.06,-9.541979,-0.668794,2.157130,0.084452,-0.123700,-0.073151
9765,24.00,-9.575479,-0.637687,2.132603,0.072693,-0.127671,-0.073686
8789,24.00,-9.556934,-0.567697,2.163710,0.083918,-0.129198,-0.076893
9766,24.00,-9.527622,-0.664008,2.188236,0.087430,-0.125762,-0.074907
9766,24.00,-9.527024,-0.666401,2.209174,0.093386,-0.125075,-0.075595
9765,24.06,-9.533006,-0.640678,2.221736,0.088575,-0.125380,-0.076358
9766,24.06,-9.558130,-0.652044,2.230709,0.090179,-0.122478,-0.075671
8789,24.06,-9.570095,-0.701695,2.211566,0.095600,-0.118966,-0.076129
9766,24.06,-9.563515,-0.695713,2.184647,0.098960,-0.118432,-0.077351
9765,24.00,-9.547961,-0.765703,2.190031,0.081245,-0.114385,-0.075595
9766,24.00,-9.559925,-0.678365,2.160121,0.072922,-0.120570,-0.075595
9766,24.00,-9.554542,-0.640678,2.183451,0.067272,-0.124311,-0.076664
8789,24.00,-9.545568,-0.656830,2.168496,0.062843,-0.124769,-0.077045
9765,24.06,-9.527024,-0.614357,2.173879,0.068111,-0.126755,-0.076893
9766,24.06,-9.518050,-0.627518,2.186442,0.078267,-0.124998,-0.076282
9765,24.00,-9.540185,-0.683151,2.224727,0.088881,-0.124235,-0.076969
9766,24.00,-9.540185,-0.726820,2.227718,0.094760,-0.123318,-0.077809
8789,24.00,-9.555738,-0.720240,2.228316,0.087277,-0.119959,-0.074220
9766,24.00,-9.549157,-0.677767,2.213959,0.076205,-0.121333,-0.074296
9765,24.00,-9.552747,-0.657428,2.191826,0.072540,-0.117821,-0.074220
9766,24.00,-9.534801,-0.652642,2.169094,0.073609,-0.117668,-0.072693
9766,23.94,-9.534203,-0.658624,2.151746,0.072846,-0.119882,-0.073609
8789,23.94,-9.548559,-0.684347,2.126023,0.070860,-0.116293,-0.070860
9765,23.94,-9.528819,-0.706481,2.131407,0.069410,-0.116904,-0.073227
9766,23.94,-9.534801,-0.679562,2.158326,0.061926,-0.117744,-0.072693
9766,24.06,-9.544970,-0.658026,2.165505,0.053756,-0.116523,-0.072617
9765,24.06,-9.545568,-0.632303,2.158326,0.048487,-0.116293,-0.071929
8789,24.06,-9.534203,-0.640080,2.182254,0.057650,-0.120875,-0.070937
9766,24.06,-9.540185,-0.683749,2.184049,0.069944,-0.123013,-0.072082
9765,24.00,-9.550952,-0.705285,2.202594,0.070784,-0.127442,-0.071242
9766,24.06,-9.533006,-0.662812,2.208575,0.062766,-0.124769,-0.071242
8789,24.06,-9.524632,-0.620339,2.219941,0.059254,-0.124311,-0.068875
9765,24.00,-9.545568,-0.597009,2.206182,0.061239,-0.121104,-0.068722
9766,24.00,-9.559925,-0.620339,2.158924,0.068722,-0.121562,-0.072082
9766,24.00,-9.559327,-0.674776,2.173879,0.076205,-0.118432,-0.071013
9765,24.00,-9.551551,-0.702294,2.230111,0.079794,-0.118813,-0.074067
8789,24.06,-9.532408,-0.721436,2.225923,0.068875,-0.114079,-0.070631
9766,24.06,-9.541979,-0.678963,2.252244,0.061545,-0.118432,-0.070479
9766,24.00,-9.544970,-0.664607,2.255235,0.060705,-0.118813,-0.071624
9765,24.00,-9.530015,-0.667598,2.234298,0.062232,-0.116675,-0.070555
9766,24.00,-9.516854,-0.658026,2.250450,0.073533,-0.119806,-0.073304
9766,24.00,-9.567104,-0.680160,2.268994,0.079183,-0.118355,-0.072388
8789,24.00,-9.559925,-0.658624,2.248655,0.076282,-0.113926,-0.072158
9765,24.00,-9.552747,-0.643669,2.251048,0.070402,-0.110567,-0.073915
9766,24.00,-9.553944,-0.649053,2.239682,0.067882,-0.107818,-0.072464
9765,24.00,-9.562318,-0.643071,2.212763,0.064064,-0.104382,-0.070860
9766,24.00,-9.544373,-0.669392,2.192424,0.063988,-0.102931,-0.072922
8789,24.00,-9.525827,-0.676571,2.218745,0.064217,-0.101327,-0.072998
9766,24.00,-9.536595,-0.696910,2.264807,0.063301,-0.098349,-0.072388
9765,24.00,-9.530015,-0.737588,2.179862,0.060628,-0.100258,-0.072311
9766,24.00,-9.546764,-0.689731,2.170290,0.056581,-0.104229,-0.070097
9766,24.00,-9.568300,-0.653241,2.160121,0.052534,-0.103771,-0.073151
8789,24.00,-9.564711,-0.649053,2.137389,0.052229,-0.100716,-0.072235
9765,24.00,-9.524632,-0.682553,2.085943,0.056276,-0.101175,-0.072998
9766,23.94,-9.541381,-0.707079,2.093122,0.055589,-0.107054,-0.072540
9766,23.94,-9.531810,-0.693320,2.074577,0.049938,-0.109039,-0.068035
9765,24.00,-9.556934,-0.669990,2.036292,0.040852,-0.112781,-0.067195
8789,24.00,-9.538390,-0.661616,2.070390,0.044211,-0.113468,-0.066432
9766,24.06,-9.543176,-0.676571,2.091925,0.057650,-0.115683,-0.068188
9766,24.06,-9.542577,-0.683749,2.123630,0.058872,-0.112246,-0.066890
9765,24.00,-9.549756,-0.684946,2.157130,0.061163,-0.114766,-0.067272
9766,24.00,-9.531211,-0.636491,2.179862,0.062156,-0.114995,-0.068341
8789,24.00,-9.551551,-0.623929,2.176871,0.061468,-0.115606,-0.068570
9765,24.00,-9.550952,-0.628116,2.221138,0.070326,-0.118584,-0.069180
9766,24.00,-9.531810,-0.647857,2.205584,0.067653,-0.115454,-0.065668
9766,24.00,-9.547363,-0.680160,2.182254,0.062308,-0.116599,-0.066966
9765,24.06,-9.532408,-0.672383,2.201397,0.057879,-0.110185,-0.066279
8789,24.06,-9.558130,-0.696910,2.221736,0.057650,-0.113086,-0.069944
9766,24.00,-9.562917,-0.707677,2.203790,0.059254,-0.111865,-0.067882
9766,24.00,-9.555738,-0.715454,2.183451,0.049709,-0.110185,-0.066661
9765,24.00,-9.547363,-0.656232,2.184049,0.050702,-0.108581,-0.068646
9766,24.00,-9.549157,-0.626321,2.169094,0.055207,-0.107283,-0.069715
8789,23.94,-9.556934,-0.586840,2.159523,0.062156,-0.106672,-0.072006
9766,23.94,-9.564711,-0.558126,2.179263,0.072693,-0.107283,-0.071700
9765,24.00,-9.559327,-0.586840,2.267200,0.080405,-0.108352,-0.070555
9766,24.00,-9.533006,-0.644268,2.267200,0.083536,-0.106367,-0.070020
9765,23.94,-9.540782,-0.700499,2.227120,0.073457,-0.104611,-0.071089
8790,23.94,-9.553345,-0.714856,2.209772,0.064599,-0.104534,-0.073533
9765,24.00,-9.562917,-0.709472,2.134996,0.056963,-0.101862,-0.072922
9766,24.00,-9.564113,-0.717249,2.102095,0.053527,-0.099266,-0.072693
9765,24.06,-9.550952,-0.660419,2.087140,0.055054,-0.099647,-0.072922
9766,24.06,-9.547961,-0.624527,2.085943,0.070020,-0.100106,-0.074296
8789,24.06,-9.561720,-0.614357,2.110470,0.087506,-0.102320,-0.075060
9766,24.06,-9.546764,-0.639482,2.145764,0.095371,-0.101709,-0.074067
9765,24.00,-9.530614,-0.642473,2.165505,0.092852,-0.102931,-0.073609
9766,24.00,-9.540185,-0.631107,2.166701,0.083383,-0.104076,-0.072388
9766,24.00,-9.548559,-0.677169,2.125425,0.077733,-0.106138,-0.072769
8789,24.00,-9.557532,-0.696311,2.124228,0.076205,-0.110872,-0.072998
9766,24.00,-9.556934,-0.689133,2.082952,0.071471,-0.103160,-0.073227
9766,24.06,-9.549756,-0.680758,2.067997,0.076587,-0.106291,-0.074373
9765,24.06,-9.534203,-0.649651,2.059024,0.086667,-0.107130,-0.073915
8789,24.00,-9.548559,-0.636491,2.068595,0.095677,-0.109727,-0.073151
9766,24.00,-9.561122,-0.658624,2.098505,0.099876,-0.116981,-0.076587
9765,24.00,-9.568898,-0.687338,2.097908,0.097051,-0.115835,-0.072693
9766,24.00,-9.543774,-0.687338,2.114657,0.088805,-0.114461,-0.071929
9766,24.12,-9.542577,-0.683749,2.104488,0.077809,-0.116599,-0.070250
8789,24.12,-9.550952,-0.664008,2.129612,0.071013,-0.120799,-0.072388
9765,24.06,-9.540782,-0.629911,2.126621,0.075060,-0.122937,-0.072846
9766,24.06,-9.556934,-0.627518,2.098505,0.081092,-0.125151,-0.073762
9766,24.00,-9.548559,-0.619741,2.092524,0.087125,-0.121104,-0.071242
9765,24.00,-9.540782,-0.644866,2.092524,0.093768,-0.122478,-0.072082
8789,24.06,-9.568898,-0.666999,2.096711,0.102396,-0.124082,-0.072311
9766,24.06,-9.546166,-0.709472,2.072185,0.093004,-0.125838,-0.070784
9766,23.94,-9.546166,-0.695115,2.069193,0.078725,-0.130649,-0.070860
9765,23.94,-9.547961,-0.658624,2.042274,0.072617,-0.133474,-0.070937
9766,23.94,-9.555738,-0.635893,2.086541,0.072769,-0.134772,-0.074144
8789,23.94,-9.535398,-0.650250,2.111666,0.077580,-0.132940,-0.072922
9766,24.00,-9.558729,-0.653839,2.138585,0.080176,-0.134161,-0.071700
9765,24.00,-9.555140,-0.633500,2.168496,0.077962,-0.134390,-0.072846
9766,24.06,-9.540782,-0.602991,2.175076,0.082314,-0.136910,-0.076511
9765,24.06,-9.552149,-0.608973,2.222334,0.097357,-0.135765,-0.075136
8789,24.00,-9.552747,-0.656830,2.231307,0.105451,-0.132252,-0.074602
9766,24.00,-9.546764,-0.680160,2.237289,0.098578,-0.132405,-0.076053
9766,24.06,-9.539586,-0.687338,2.227120,0.083078,-0.128511,-0.074907
9765,24.06,-9.549157,-0.683749,2.173281,0.068799,-0.126525,-0.072693
9766,24.00,-9.534801,-0.666999,2.142174,0.069410,-0.126373,-0.072464
9766,24.00,-9.559327,-0.666999,2.100300,0.072388,-0.129198,-0.074678
8789,24.00,-9.541381,-0.657428,2.112862,0.080329,-0.124006,-0.074220
9765,24.00,-9.539586,-0.680160,2.157130,0.086361,-0.127900,-0.074678
9766,24.00,-9.550952,-0.701695,2.166103,0.084605,-0.128663,-0.075365
9766,24.00,-9.528220,-0.666401,2.202594,0.082696,-0.123395,-0.072998
9765,24.00,-9.557532,-0.650848,2.213959,0.084987,-0.128740,-0.074449
8789,24.00,-9.558729,-0.657428,2.225325,0.086208,-0.123853,-0.070250
9766,24.00,-9.544970,-0.675374,2.242075,0.085368,-0.128053,-0.072388
9765,24.00,-9.549756,-0.689133,2.204388,0.081398,-0.127365,-0.076205
9766,24.00,-9.544373,-0.665803,2.193022,0.079412,-0.125991,-0.077809
9766,24.00,-9.551551,-0.671187,2.161915,0.083307,-0.121944,-0.074220
8789,24.00,-9.554542,-0.665803,2.169692,0.090408,-0.120417,-0.074220
9765,24.00,-9.562318,-0.646660,2.204986,0.091019,-0.120722,-0.074373
9766,24.06,-9.535398,-0.661616,2.185843,0.087736,-0.117668,-0.075060
9766,24.06,-9.541979,-0.686740,2.173281,0.086056,-0.116752,-0.072617
9765,24.00,-9.548559,-0.678365,2.153541,0.076358,-0.121791,-0.073075
8789,24.00,-9.513266,-0.662214,2.151746,0.072769,-0.125915,-0.071166
9766,24.00,-9.543774,-0.639482,2.163710,0.075976,-0.127976,-0.072158
9766,24.00,-9.561720,-0.643669,2.178067,0.079183,-0.127824,-0.074602
9765,24.00,-9.552747,-0.640678,2.199602,0.080252,-0.125151,-0.074831
9766,24.00,-9.536595,-0.671187,2.183451,0.082849,-0.121868,-0.074449
8789,24.06,-9.536595,-0.666999,2.189433,0.081932,-0.123929,-0.074067
9766,24.06,-9.552149,-0.677767,2.200799,0.084605,-0.121791,-0.076205
9765,24.06,-9.541979,-0.701097,2.179263,0.080176,-0.114537,-0.072922
9766,24.06,-9.535997,-0.707079,2.132005,0.070402,-0.111712,-0.068264
9765,24.00,-9.553944,-0.695713,2.131407,0.062690,-0.118050,-0.069333
8789,24.00,-9.544373,-0.653839,2.145166,0.063454,-0.119653,-0.070555
9766,24.00,-9.541979,-0.664607,2.144567,0.070555,-0.121257,-0.070860
9766,24.00,-9.538390,-0.659821,2.157130,0.075671,-0.123547,-0.071319
9765,24.00,-9.538988,-0.634696,2.179862,0.078725,-0.127442,-0.073075
9766,24.00,-9.540185,-0.619143,2.181058,0.078954,-0.129045,-0.073686
9766,24.06,-9.564113,-0.647259,2.225923,0.085979,-0.126984,-0.075060
9765,24.00,-9.561122,-0.683749,2.236093,0.081856,-0.123929,-0.073151
9766,24.00,-9.559327,-0.696311,2.256432,0.077962,-0.120722,-0.074373
9766,24.00,-9.546764,-0.683151,2.251646,0.075289,-0.117286,-0.074907
8789,24.00,-9.539586,-0.681955,2.206781,0.076358,-0.116904,-0.075060
9765,24.00,-9.550354,-0.682553,2.193620,0.075365,-0.121639,-0.074526
9766,24.00,-9.538390,-0.654437,2.204388,0.079642,-0.119806,-0.072464
9765,24.06,-9.523435,-0.695713,2.166701,0.080176,-0.116217,-0.071700
9766,24.06,-9.531810,-0.698106,2.173281,0.078725,-0.119959,-0.071700
8789,24.06,-9.542577,-0.674776,2.152942,0.070402,-0.123624,-0.070937
9766,24.06,-9.550952,-0.656830,2.131407,0.067882,-0.124006,-0.070860
9765,24.00,-9.533006,-0.645464,2.166103,0.074220,-0.126296,-0.071166
9766,24.00,-9.546166,-0.677767,2.182853,0.075747,-0.123777,-0.072235
9766,24.00,-9.533604,-0.685544,2.233102,0.074755,-0.123242,-0.073838
8789,24.00,-9.537791,-0.671187,2.242673,0.070097,-0.120951,-0.074449
9765,24.06,-9.530614,-0.667598,2.224727,0.068188,-0.121333,-0.073838
9766,24.06,-9.550952,-0.659223,2.237887,0.076435,-0.119424,-0.070326
9766,24.00,-9.550354,-0.662214,2.244468,0.082085,-0.118813,-0.070479
9765,24.00,-9.558130,-0.661616,2.210370,0.078420,-0.117133,-0.070555
8789,24.00,-9.540185,-0.668196,2.207379,0.077656,-0.115454,-0.072998
9766,24.00,-9.546764,-0.664008,2.191227,0.072693,-0.115454,-0.072617
9766,24.06,-9.525229,-0.662812,2.181656,0.064523,-0.111865,-0.073075
9765,24.06,-9.523435,-0.664008,2.181058,0.064599,-0.108429,-0.072617
9766,24.00,-9.555738,-0.692722,2.191227,0.064981,-0.112476,-0.072846
8789,24.00,-9.550952,-0.689133,2.216352,0.064599,-0.114537,-0.072693
9765,24.06,-9.558729,-0.701695,2.207379,0.061774,-0.113010,-0.072617
9766,24.06,-9.544373,-0.668196,2.209772,0.061239,-0.111712,-0.069410
9766,24.06,-9.535997,-0.649053,2.184647,0.060628,-0.110872,-0.069715
9765,24.06,-9.541381,-0.647259,2.189433,0.065973,-0.114919,-0.070402
8789,24.00,-9.555140,-0.645464,2.193620,0.071777,-0.116599,-0.072846
9766,24.00,-9.549756,-0.658624,2.167897,0.076587,-0.114232,-0.073915
9766,24.00,-9.538390,-0.656830,2.201397,0.080100,-0.109727,-0.072158
9765,24.00,-9.537193,-0.675374,2.198406,0.082543,-0.109650,-0.072540
9766,24.00,-9.557532,-0.654437,2.206182,0.084147,-0.109879,-0.072922
8789,24.00,-9.547961,-0.661017,2.237289,0.084758,-0.109345,-0.074678
9766,24.06,-9.543176,-0.652642,2.236691,0.085827,-0.108429,-0.075289
9765,24.06,-9.553944,-0.643071,2.242673,0.079947,-0.109269,-0.073838
9766,24.00,-9.564113,-0.667598,2.267798,0.070555,-0.103694,-0.071624
9765,24.00,-9.537193,-0.656232,2.229513,0.069486,-0.101251,-0.071853
8790,24.06,-9.554542,-0.673580,2.239084,0.063835,-0.099724,-0.071929
9765,24.06,-9.576077,-0.631705,2.300699,0.065210,-0.093462,-0.073762
9766,24.06,-9.431910,0.217149,4.828717,0.049709,-0.120875,-0.061392
9765,24.06,-9.396615,-1.275973,2.153541,-0.288787,-0.563370,-0.007865
9766,24.00,-9.659227,-0.987039,3.412763,0.051007,-0.150807,-0.078573
8789,24.00,-8.949756,-0.318844,2.973083,-0.242437,-0.335823,-0.069562
9766,23.94,-9.745369,-0.883550,1.587040,-0.218919,-0.309480,-0.025580
9765,23.94,-9.202796,-0.206381,2.480759,0.160963,-0.073304,-0.012905
9766,24.00,-9.174083,-0.263211,2.041676,0.189521,-0.048487,0.020998
9766,24.00,-9.956535,-0.605982,2.073979,0.245491,-0.021457,0.051313
9765,24.00,-10.315459,-1.352543,2.176272,0.345368,0.031536,0.004658
8789,24.00,-9.870394,-1.386043,2.184647,0.285656,0.064828,-0.061926
9766,24.00,-9.475578,-1.190429,2.027319,0.112781,0.050244,-0.092393
9766,24.00,-9.417553,-0.594018,2.058426,-0.003512,0.053833,-0.091859
9765,24.00,-9.445069,-0.061615,2.181656,-0.055283,0.030467,-0.079642
9766,24.00,-9.570095,0.002393,2.165505,-0.028711,-0.024816,-0.066966
8789,24.06,-9.570693,-0.178863,2.222334,0.070479,-0.033445,-0.042913
9765,24.06,-9.562917,-0.862014,1.979463,0.144470,-0.049175,-0.046273
9766,24.06,-9.507283,-1.140778,2.081756,0.200669,-0.005956,-0.062995
9766,24.06,-9.479766,-0.932005,1.984847,0.171348,0.022373,-0.060323
9765,24.06,-9.511471,-0.768096,1.852643,0.143248,0.010690,-0.059330
9766,24.06,-9.717852,-0.625723,1.898705,0.091019,-0.029322,-0.108734
9766,24.06,-9.577871,-0.582054,2.025524,0.069868,-0.061392,-0.113316
9765,23.94,-9.662218,-0.691526,2.002793,0.037950,-0.110948,-0.121104
9766,23.94,-9.602996,-0.678963,2.039881,0.018860,-0.124311,-0.143477
8789,24.00,-9.524632,-0.740579,2.072783,0.004276,-0.124922,-0.150426
9766,24.00,-9.504292,-0.787239,2.077569,-0.014966,-0.141873,-0.150120
9765,24.06,-9.585648,-0.846461,2.108675,-0.040699,-0.148746,-0.159589
9766,24.06,-9.484551,-0.750150,2.055435,-0.072846,-0.127747,-0.162567
9765,24.00,-9.445069,-0.638286,2.260021,-0.074907,-0.081627,-0.137750
8790,24.00,-9.522238,-0.543171,1.984847,-0.099571,-0.112399,-0.126755
9765,23.94,-9.485149,-0.481556,2.067997,-0.036881,-0.073227,-0.111559
9766,23.94,-9.498908,-0.726222,2.225325,0.000840,-0.090332,-0.105145
9765,24.06,-9.565310,-0.695713,2.169692,0.038255,-0.077274,-0.090408
9766,24.06,-9.656835,-0.622134,1.975873,0.030238,-0.080252,-0.092622
8789,24.06,-9.575479,-0.700499,2.173281,0.050549,-0.049709,-0.081932
9766,24.06,-9.437293,-0.826122,2.152942,0.036576,-0.079031,-0.077809
9765,24.00,-9.518649,-0.772284,2.130809,0.019395,-0.072311,-0.070250
9766,24.00,-9.372687,-0.836292,2.062613,0.007636,-0.060018,-0.058490
9766,24.00,-9.641281,-0.677169,2.118246,-0.017562,-0.102396,-0.040623
8789,24.00,-9.662218,-0.573081,2.062613,0.013668,-0.139583,-0.046502
9765,23.94,-9.585648,-0.577268,2.027319,0.060705,-0.133627,-0.055512
9766,23.94,-9.517453,-0.690928,2.054837,0.089950,-0.132100,-0.067119
9766,24.00,-9.585648,-0.767498,2.085345,0.077045,-0.125686,-0.076816
9765,24.00,-9.551551,-0.715454,2.083550,0.062537,-0.128205,-0.084223
8789,24.00,-9.433105,-0.749552,2.095515,0.052763,-0.129045,-0.072158
9766,24.00,-9.677772,-0.634098,2.054837,0.039095,-0.153633,-0.071395
9765,24.00,-9.611969,-0.516252,2.161915,0.070020,-0.137063,-0.062156
9766,24.00,-9.629316,-0.437887,2.047060,0.122402,-0.104763,-0.037797
9766,24.00,-9.757334,-0.306880,2.236093,0.163636,-0.079489,-0.036117
8789,24.00,-9.460623,-0.367896,2.015953,0.203036,-0.022449,-0.035125
9765,24.00,-9.381660,-0.761516,1.919044,0.250531,-0.062766,-0.061163
9766,24.00,-9.329616,-0.823729,1.999203,0.279624,-0.097586,-0.061545
9766,24.06,-9.552747,-0.921237,1.947160,0.284358,-0.085368,-0.067042
9765,24.06,-9.731610,-1.103690,2.060220,0.239917,-0.068951,-0.074907
8789,24.00,-9.789038,-1.336392,2.094318,0.129656,-0.083230,-0.095524
9766,24.00,-9.665210,-1.210170,2.063810,-0.041157,-0.109421,-0.123624
9766,24.00,-9.427124,-0.865604,2.026721,-0.189063,-0.130649,-0.132710
9765,24.00,-9.395418,-0.607179,1.958526,-0.246102,-0.157527,-0.119424
9766,24.00,-9.347562,-0.394218,1.960320,-0.209909,-0.148593,-0.097357
8789,24.00,-9.335598,-0.267398,1.886741,-0.113621,-0.111712,-0.075900
9766,24.00,-9.556335,-0.382852,2.092524,-0.029474,-0.054291,-0.078038
9765,24.00,-9.744173,-0.537189,2.085943,0.035736,-0.059559,-0.094684
9766,23.94,-9.762717,-0.695115,2.091925,0.062003,-0.032376,-0.109192
9765,23.94,-9.646068,-0.706481,2.053042,0.054062,-0.031460,-0.124540
8789,24.00,-9.485747,-0.546760,2.007578,0.053680,-0.057269,-0.124387
9766,24.00,-9.461820,-0.395414,1.970490,0.096288,-0.073762,-0.110414
9766,23.94,-9.538390,-0.615554,2.035096,0.172111,-0.068722,-0.089797
9765,23.94,-9.533604,-0.553938,1.931008,0.192193,-0.066584,-0.086743
9766,24.00,-9.525827,-0.557528,1.896312,0.201204,-0.072006,-0.090637
8789,24.00,-9.500703,-0.527617,1.933999,0.254120,-0.130191,-0.077122
9766,24.06,-9.512667,-0.604188,1.877768,0.296880,-0.133474,-0.041692
9765,24.06,-9.643674,-0.890728,1.923830,0.334449,-0.117744,-0.010079
