,Unnamed: 0,X,Y,Z
0,4,7.163,0.729358,-7.96989
1,5,7.17113,0.730105,-8.00033
2,6,7.17815,0.730928,-8.02729
3,7,7.18417,0.731829,-8.05092
4,8,7.18914,0.732784,-8.07077
5,9,7.19299,0.733824,-8.08705
6,10,7.19585,0.73493,-8.09973
7,11,7.19769,0.736099,-8.10837
8,12,7.19846,0.737359,-8.11307
9,13,7.1983,0.738681,-8.11333
10,14,7.19721,0.740073,-8.10894
11,15,7.19528,0.741532,-8.09964
12,16,7.19254,0.743075,-8.08519
13,17,7.18913,0.744652,-8.06514
14,18,7.1852,0.7463,-8.03912
15,19,7.18081,0.748026,-8.0069
16,20,7.17616,0.749799,-7.96813
17,21,7.17142,0.751653,-7.92268
18,22,7.16676,0.753547,-7.87016
19,23,7.16242,0.755515,-7.81068
20,24,7.15862,0.75755,-7.74408
21,25,7.15559,0.759637,-7.67088
22,26,7.15354,0.761814,-7.59102
23,27,7.15269,0.764075,-7.50529
24,28,7.15326,0.766425,-7.41426
25,29,7.15546,0.76886,-7.31854
26,30,7.15942,0.771406,-7.21938
27,31,7.16528,0.774065,-7.11772
28,32,7.17317,0.776868,-7.01452
29,33,7.18315,0.779806,-6.91114
30,34,7.19528,0.782904,-6.80887
31,35,7.20953,0.786177,-6.70876
32,36,7.22579,0.789643,-6.61195
33,37,7.24408,0.793309,-6.51964
34,38,7.26421,0.797183,-6.43255
35,39,7.28606,0.801261,-6.35167
36,40,7.3094,0.805568,-6.27735
37,41,7.3341,0.810079,-6.21027
38,42,7.35988,0.814798,-6.15074
39,43,7.38659,0.819683,-6.09877
40,44,7.41388,0.824739,-6.05443
41,45,7.44146,0.829948,-6.01776
42,46,7.46922,0.835256,-5.98828
43,47,7.49673,0.840655,-5.9661
44,48,7.52375,0.846119,-5.95073
45,49,7.54994,0.851594,-5.94186
46,50,7.57496,0.857115,-5.93934
47,51,7.59839,0.862629,-5.94281
48,52,7.62004,0.868105,-5.95199
49,53,7.63953,0.873542,-5.96644
50,54,7.65647,0.878923,-5.98605
51,55,7.67068,0.884221,-6.01038
52,56,7.68174,0.889435,-6.03938
53,57,7.68956,0.894546,-6.07266
54,58,7.69413,0.899518,-6.10988
55,59,7.6951,0.904361,-6.15089
56,60,7.6927,0.908985,-6.19525
57,61,7.68696,0.913431,-6.24299
58,62,7.67805,0.917626,-6.29384
59,63,7.66619,0.921597,-6.34773
60,64,7.65192,0.925306,-6.4041
61,65,7.63557,0.92876,-6.46298
62,66,7.61773,0.931948,-6.52412
63,67,7.59905,0.934864,-6.58715
64,68,7.58023,0.937539,-6.65139
65,69,7.56205,0.939987,-6.71666
66,70,7.54525,0.942214,-6.78221
67,71,7.53065,0.944241,-6.8473
68,72,7.51895,0.946095,-6.91125
69,73,7.51105,0.947757,-6.97334
70,74,7.50738,0.949257,-7.03242
71,75,7.5088,0.950593,-7.08774
72,76,7.51562,0.951772,-7.13862
73,77,7.52828,0.952792,-7.18404
74,78,7.54699,0.953632,-7.22348
75,79,7.57192,0.954287,-7.25617
76,80,7.60321,0.954746,-7.28164
77,81,7.64078,0.955011,-7.29913
78,82,7.68453,0.955049,-7.30856
79,83,7.73426,0.954856,-7.30957
80,84,7.78979,0.954437,-7.30205
81,85,7.8507,0.9538,-7.2859
82,86,7.91675,0.952927,-7.26143
83,87,7.9875,0.951827,-7.22887
84,88,8.06256,0.950531,-7.18845
85,89,8.14153,0.949031,-7.14085
86,90,8.22387,0.947359,-7.08654
87,91,8.30916,0.945507,-7.02613
88,92,8.39699,0.943476,-6.96032
89,93,8.48689,0.9413,-6.88975
90,94,8.57834,0.938917,-6.81513
91,95,8.67091,0.936344,-6.73709
92,96,8.76421,0.933515,-6.65622
93,97,8.85775,0.930344,-6.573
94,98,8.95107,0.926826,-6.48772
95,99,9.04381,0.922803,-6.40097
96,100,9.13544,0.918268,-6.31283
97,101,9.22569,0.91303,-6.22334
98,102,9.31418,0.907055,-6.13282
99,103,9.40041,0.900247,-6.04127
100,104,9.48422,0.892503,-5.94837
101,105,9.56519,0.883777,-5.85444
102,106,9.64314,0.874039,-5.75914
103,107,9.71769,0.863313,-5.66236
104,108,9.78867,0.851642,-5.56461
105,109,9.85588,0.839142,-5.46564
106,110,9.91916,0.825886,-5.36562
107,111,9.97829,0.812133,-5.26502
108,112,10.0332,0.79802,-5.16406
109,113,10.0837,0.783826,-5.0634
110,114,10.1298,0.769764,-4.96356
111,115,10.1713,0.756108,-4.86542
112,116,10.208,0.743143,-4.76953
113,117,10.2401,0.731087,-4.67683
114,118,10.2673,0.720173,-4.58825
115,119,10.2896,0.71063,-4.50474
116,120,10.3069,0.702659,-4.42696
117,121,10.3193,0.69636,-4.35554
118,122,10.3266,0.691857,-4.29126
119,123,10.3287,0.689202,-4.23471
120,124,10.3258,0.68836,-4.18608
121,125,10.3178,0.689311,-4.14597
122,126,10.3046,0.691978,-4.11442
123,127,10.2864,0.696219,-4.09156
124,128,10.2632,0.701846,-4.07733
125,129,10.2351,0.708699,-4.07164
126,130,10.202,0.716548,-4.07438
127,131,10.1641,0.725237,-4.08533
128,132,10.1217,0.734441,-4.10385
129,133,10.0749,0.744011,-4.12983
130,134,10.0238,0.753728,-4.16267
131,135,9.96857,0.763374,-4.20186
132,136,9.90957,0.772789,-4.24685
133,137,9.84701,0.781818,-4.29724
134,138,9.78113,0.790295,-4.35221
135,139,9.71237,0.798139,-4.4111
136,140,9.64098,0.805265,-4.47321
137,141,9.56728,0.811594,-4.53819
138,142,9.49176,0.817132,-4.60501
139,143,9.41479,0.821836,-4.67326
140,144,9.33673,0.825739,-4.74204
141,145,9.25801,0.828885,-4.81096
142,146,9.1791,0.831338,-4.87944
143,147,9.10041,0.833149,-4.94674
144,148,9.02234,0.834429,-5.01257
145,149,8.94529,0.835287,-5.07642
146,150,8.86971,0.835773,-5.13794
147,151,8.79587,0.836046,-5.19702
148,152,8.72418,0.836156,-5.25317
149,153,8.65494,0.836239,-5.30635
150,154,8.58839,0.836363,-5.35644
151,155,8.52485,0.836619,-5.40347
152,156,8.4644,0.837073,-5.44754
153,157,8.40737,0.837767,-5.48878
154,158,8.35373,0.838766,-5.52724
155,159,8.30356,0.84013,-5.5632
156,160,8.25706,0.841834,-5.59678
157,161,8.21407,0.843937,-5.62867
158,162,8.17475,0.846422,-5.65878
159,163,8.13889,0.849287,-5.68761
160,164,8.10643,0.852523,-5.71539
161,165,8.07737,0.856109,-5.74253
162,166,8.05158,0.860005,-5.76936
163,167,8.02881,0.864193,-5.79597
164,168,8.00904,0.868617,-5.8229
165,169,7.99207,0.87327,-5.85019
166,170,7.97771,0.878086,-5.87807
167,171,7.96587,0.883065,-5.9067
168,172,7.9563,0.888158,-5.93623
169,173,7.94888,0.893331,-5.96681
170,174,7.94341,0.898569,-5.9984
171,175,7.93969,0.903864,-6.03082
172,176,7.93779,0.909147,-6.06399
173,177,7.93738,0.914473,-6.09803
174,178,7.9384,0.919767,-6.13247
175,179,7.94083,0.92506,-6.1673
176,180,7.9445,0.930311,-6.20223
177,181,7.94937,0.935547,-6.23689
178,182,7.95535,0.940766,-6.27115
179,183,7.96244,0.945924,-6.30468
180,184,7.97052,0.951071,-6.33738
181,185,7.97958,0.95619,-6.36871
182,186,7.98965,0.961272,-6.39877
183,187,8.00057,0.966368,-6.42731
184,188,8.01232,0.971427,-6.45419
185,189,8.02486,0.976489,-6.47921
186,190,8.03815,0.981562,-6.50247
187,191,8.05207,0.986644,-6.52408
188,192,8.06652,0.991734,-6.54376
189,193,8.08154,0.996821,-6.5617
190,194,8.09693,1.00195,-6.57808
191,195,8.11254,1.00708,-6.59283
192,196,8.12844,1.01221,-6.60638
193,197,8.14429,1.01735,-6.61855
194,198,8.16016,1.02245,-6.62976
195,199,8.17581,1.02754,-6.63998
196,200,8.1912,1.03257,-6.64947
197,201,8.20615,1.03752,-6.65836
198,202,8.2206,1.04234,-6.66651
199,203,8.23435,1.04701,-6.67438
200,204,8.24745,1.05149,-6.68174
201,205,8.25968,1.05575,-6.68883
202,206,8.27105,1.05972,-6.69552
203,207,8.28139,1.06339,-6.7018
204,208,8.29065,1.06672,-6.70785
205,209,8.29874,1.06967,-6.71354
206,210,8.30554,1.07224,-6.71889
207,211,8.31109,1.07437,-6.72399
208,212,8.31523,1.07609,-6.72881
209,213,8.31797,1.07735,-6.73306
210,214,8.31919,1.07819,-6.73716
211,215,8.3189,1.07863,-6.74081
212,216,8.31709,1.07864,-6.74432
213,217,8.3136,1.07831,-6.74779
214,218,8.30863,1.07762,-6.75106
215,219,8.30196,1.07664,-6.75438
216,220,8.29376,1.07543,-6.75794
217,221,8.28398,1.07399,-6.76199
218,222,8.27269,1.0724,-6.76652
219,223,8.25998,1.0707,-6.77198
220,224,8.24592,1.06895,-6.77825
221,225,8.23063,1.0672,-6.78571
222,226,8.2142,1.06548,-6.79446
223,227,8.19675,1.06383,-6.80458
224,228,8.17862,1.06229,-6.81604
225,229,8.15999,1.06089,-6.82892
226,230,8.14101,1.05964,-6.84314
227,231,8.12195,1.0586,-6.85868
228,232,8.10314,1.0577,-6.87533
229,233,8.08484,1.05697,-6.89293
230,234,8.06729,1.0564,-6.91127
231,235,8.05091,1.05597,-6.92977
232,236,8.03578,1.05566,-6.94851
233,237,8.0222,1.05544,-6.967
234,238,8.01058,1.05526,-6.98478
235,239,8.00094,1.05509,-7.00138
236,240,7.99349,1.05486,-7.01693
237,241,7.98842,1.05456,-7.03057
238,242,7.98582,1.05411,-7.04242
239,243,7.98561,1.05348,-7.05221
240,244,7.98778,1.05263,-7.05974
241,245,7.99239,1.05153,-7.06526
242,246,7.99926,1.05013,-7.06832
243,247,8.00805,1.04842,-7.06947
244,248,8.01884,1.04633,-7.0685
245,249,8.0312,1.04394,-7.06608
246,250,8.04502,1.04119,-7.06209
247,251,8.05983,1.0381,-7.0573
248,252,8.07537,1.03471,-7.05197
249,253,8.09146,1.031,-7.04654
250,254,8.10769,1.02703,-7.04154
251,255,8.12381,1.02283,-7.03722
252,256,8.13957,1.01843,-7.03422
253,257,8.15473,1.01386,-7.0327
254,258,8.16912,1.00918,-7.03331
255,259,8.18259,1.0044,-7.03602
256,260,8.19502,0.99957,-7.04129
257,261,8.20647,0.994721,-7.04902
258,262,8.21671,0.98989,-7.05955
259,263,8.22591,0.985111,-7.07272
260,264,8.2342,0.980385,-7.08828
261,265,8.24153,0.975768,-7.10639
262,266,8.24803,0.97129,-7.12665
263,267,8.25398,0.966924,-7.14889
264,268,8.25957,0.962729,-7.17269
265,269,8.26482,0.958689,-7.19795
266,270,8.27008,0.954819,-7.22403
267,271,8.27536,0.951161,-7.25099
268,272,8.28094,0.947669,-7.27802
269,273,8.28698,0.944371,-7.30523
270,274,8.29366,0.941288,-7.33203
271,275,8.30104,0.938385,-7.35825
272,276,8.30923,0.935689,-7.38359
273,277,8.3184,0.93319,-7.40791
274,278,8.32843,0.930907,-7.431
275,279,8.33959,0.928793,-7.45269
276,280,8.35174,0.926895,-7.47307
277,281,8.36483,0.925196,-7.49172
278,282,8.37891,0.923697,-7.5089
279,283,8.39393,0.922423,-7.52435
280,284,8.40991,0.921337,-7.53797
281,285,8.4266,0.92049,-7.54999
282,286,8.44409,0.919841,-7.56008
283,287,8.46225,0.919392,-7.56801
284,288,8.48102,0.919158,-7.57409
285,289,8.50019,0.919147,-7.57785
286,290,8.51983,0.919287,-7.5792
287,291,8.53981,0.919654,-7.57801
288,292,8.56004,0.920185,-7.5739
289,293,8.58045,0.920878,-7.56677
290,294,8.60088,0.921723,-7.55627
291,295,8.62123,0.922703,-7.5422
292,296,8.64138,0.923796,-7.52457
293,297,8.66121,0.924986,-7.50295
294,298,8.68075,0.926187,-7.4772
295,299,8.69967,0.927435,-7.44732
296,300,8.71792,0.92867,-7.41308
297,301,8.73546,0.929819,-7.37453
298,302,8.75229,0.930858,-7.33145
299,303,8.76814,0.931772,-7.28397
300,304,8.78298,0.932477,-7.23221
301,305,8.79694,0.932943,-7.1763
302,306,8.80985,0.933147,-7.11647
303,307,8.82195,0.933022,-7.05269
304,308,8.83323,0.932569,-6.98565
305,309,8.84389,0.931735,-6.91542
306,310,8.85406,0.930518,-6.84232
307,311,8.86405,0.928877,-6.76691
308,312,8.87421,0.926799,-6.68949
309,313,8.88461,0.92435,-6.61063
310,314,8.89595,0.921431,-6.53047
311,315,8.90847,0.918096,-6.44963
312,316,8.92264,0.914345,-6.36823
313,317,8.93904,0.910201,-6.28659
314,318,8.95827,0.905647,-6.20484
315,319,8.9808,0.90069,-6.12314
316,320,9.00727,0.89537,-6.04127
317,321,9.03832,0.889659,-5.95954
318,322,9.07456,0.883599,-5.87755
319,323,9.11669,0.877188,-5.79514
320,324,9.16529,0.870381,-5.7122
321,325,9.22102,0.863243,-5.62855
322,326,9.28448,0.855739,-5.54373
323,327,9.35623,0.847837,-5.45765
324,328,9.43667,0.839586,-5.37023
325,329,9.52642,0.830934,-5.28093
326,330,9.62559,0.821943,-5.19002
327,331,9.73457,0.812602,-5.09739
328,332,9.85361,0.802883,-5.00275
329,333,9.98261,0.792859,-4.90629
330,334,10.1216,0.782542,-4.80825
331,335,10.2705,0.771924,-4.70864
332,336,10.4289,0.761065,-4.6078
333,337,10.5966,0.749975,-4.50591
334,338,10.773,0.738721,-4.40348
335,339,10.9575,0.727322,-4.30073
336,340,11.1495,0.715816,-4.19836
337,341,11.3483,0.704255,-4.09659
338,342,11.5529,0.692714,-3.9961
339,343,11.7628,0.681161,-3.89712
340,344,11.9769,0.669708,-3.80011
341,345,12.1944,0.658369,-3.70573
342,346,12.4142,0.647235,-3.61406
343,347,12.6358,0.636299,-3.5254
344,348,12.8581,0.625606,-3.44017
345,349,13.0804,0.615221,-3.35819
346,350,13.302,0.605185,-3.27973
347,351,13.5221,0.595518,-3.20472
348,352,13.7402,0.586269,-3.13308
349,353,13.9558,0.577493,-3.06478
350,354,14.1685,0.569207,-2.99949
351,355,14.3778,0.561441,-2.93711
352,356,14.5837,0.554249,-2.87744
353,357,14.7858,0.547663,-2.81986
354,358,14.9841,0.541757,-2.76472
355,359,15.1785,0.536526,-2.71146
356,360,15.3693,0.532057,-2.65968
357,361,15.5565,0.52833,-2.60945
358,362,15.7402,0.525417,-2.56028
359,363,15.9208,0.523311,-2.51214
360,364,16.0984,0.522109,-2.46485
361,365,16.2736,0.521752,-2.41808
362,366,16.4464,0.522296,-2.3717
363,367,16.6175,0.523682,-2.3255
364,368,16.7869,0.525973,-2.27922
365,369,16.9552,0.529075,-2.23313
366,370,17.1225,0.532967,-2.1865
367,371,17.2893,0.537585,-2.13976
368,372,17.4556,0.542861,-2.09242
369,373,17.6218,0.548655,-2.0445
370,374,17.788,0.554899,-1.99584
371,375,17.9542,0.561478,-1.94652
372,376,18.1205,0.568234,-1.89649
373,377,18.2869,0.57505,-1.84547
374,378,18.4531,0.581732,-1.79381
375,379,18.619,0.588099,-1.74155
376,380,18.7845,0.594014,-1.68848
377,381,18.9491,0.599258,-1.63508
378,382,19.1126,0.603661,-1.58146
379,383,19.2745,0.606978,-1.52777
380,384,19.4342,0.609142,-1.47435
381,385,19.5914,0.609859,-1.42158
382,386,19.7456,0.609035,-1.36977
383,387,19.8961,0.606439,-1.31921
384,388,20.0425,0.602036,-1.27043
385,389,20.1843,0.595607,-1.22356
386,390,20.321,0.587083,-1.17903
387,391,20.4521,0.576364,-1.13695
388,392,20.5773,0.563489,-1.09786
389,393,20.6962,0.548324,-1.06174
390,394,20.8086,0.530864,-1.02856
391,395,20.9143,0.511246,-0.998433
392,396,21.0131,0.489436,-0.971233
393,397,21.105,0.465587,-0.947036
394,398,21.1901,0.439768,-0.925223
395,399,21.2684,0.412167,-0.905798
396,400,21.3402,0.382892,-0.888141
397,401,21.4058,0.352191,-0.872088
398,402,21.4653,0.320204,-0.856986
399,403,21.5192,0.287102,-0.842585
400,404,21.568,0.253122,-0.828272
401,405,21.6119,0.218445,-0.813694
402,406,21.6516,0.183239,-0.798356
403,407,21.6875,0.147693,-0.782071
404,408,21.7201,0.111874,-0.764288
405,409,21.75,0.0759595,-0.744963
406,410,21.7776,0.0399448,-0.723658
407,411,21.8035,0.00393329,-0.700524
408,412,21.8281,-0.0320041,-0.675083
409,413,21.852,-0.0679149,-0.647388
410,414,21.8756,-0.103792,-0.617567
411,415,21.8992,-0.13964,-0.585379
412,416,21.9235,-0.175504,-0.550789
413,417,21.9486,-0.21145,-0.514006
414,418,21.9751,-0.247447,-0.474768
415,419,22.0031,-0.28354,-0.433237
416,420,22.033,-0.319615,-0.389523
417,421,22.0651,-0.355802,-0.343461
418,422,22.0998,-0.392011,-0.294995
419,423,22.137,-0.428116,-0.244505
420,424,22.1772,-0.464093,-0.191838
421,425,22.2205,-0.499865,-0.13725
422,426,22.267,-0.535294,-0.0805619
423,427,22.317,-0.570251,-0.0226076
424,428,22.3706,-0.604644,0.0370199
425,429,22.4281,-0.638412,0.0976924
426,430,22.4895,-0.671338,0.159168
427,431,22.5549,-0.703421,0.221263
428,432,22.6247,-0.734576,0.28351
429,433,22.6989,-0.764763,0.345832
430,434,22.7778,-0.793973,0.408085
431,435,22.8613,-0.822173,0.469959
432,436,22.95,-0.849525,0.531346
433,437,23.0437,-0.875975,0.59231
434,438,23.1429,-0.901663,0.652782
435,439,23.2475,-0.926679,0.712895
436,440,23.3579,-0.951193,0.772681
437,441,23.4741,-0.975234,0.832364
438,442,23.5963,-0.999005,0.892096
439,443,23.7248,-1.02262,0.952141
440,444,23.8594,-1.04618,1.01272
441,445,24.0005,-1.06981,1.074
442,446,24.148,-1.09353,1.13623
443,447,24.3021,-1.11754,1.19971
444,448,24.4628,-1.14181,1.26456
445,449,24.6303,-1.16651,1.33074
446,450,24.8048,-1.19167,1.39882
447,451,24.9862,-1.21732,1.46865
448,452,25.1748,-1.24353,1.54045
449,453,25.3706,-1.27041,1.61437
450,454,25.5739,-1.2979,1.69047
451,455,25.7848,-1.32609,1.76879
452,456,26.0035,-1.35499,1.84955
453,457,26.2303,-1.38467,1.9327
454,458,26.4652,-1.41502,2.01824
455,459,26.7085,-1.44615,2.10641
456,460,26.9604,-1.47802,2.19697
457,461,27.2211,-1.5106,2.28979
458,462,27.4906,-1.54378,2.38505
459,463,27.7691,-1.57761,2.48234
460,464,28.0567,-1.61192,2.58171
461,465,28.3536,-1.64669,2.68291
462,466,28.6597,-1.68185,2.78564
463,467,28.9751,-1.71721,2.88992
464,468,29.2998,-1.75279,2.99516
465,469,29.6337,-1.78836,3.10125
466,470,29.9767,-1.82387,3.20798
467,471,30.3289,-1.85925,3.31512
468,472,30.69,-1.89442,3.42245
469,473,31.0599,-1.92932,3.52993
470,474,31.4385,-1.96386,3.63709
471,475,31.8256,-1.9981,3.74419
472,476,32.2209,-2.03197,3.85088
473,477,32.6242,-2.06551,3.95749
474,478,33.0353,-2.09878,4.06371
475,479,33.4539,-2.13184,4.16981
476,480,33.8797,-2.16485,4.27586
477,481,34.3124,-2.1978,4.38186
478,482,34.7517,-2.23083,4.48804
479,483,35.1973,-2.2641,4.59448
480,484,35.6487,-2.2976,4.70123
481,485,36.1059,-2.33154,4.80844
482,486,36.5682,-2.36581,4.91625
483,487,37.0356,-2.40065,5.02482
484,488,37.5076,-2.43598,5.13404
485,489,37.984,-2.47185,5.2439
486,490,38.4645,-2.50822,5.35425
487,491,38.9487,-2.54505,5.46527
488,492,39.4365,-2.58232,5.57689
489,493,39.9277,-2.6199,5.68862
490,494,40.422,-2.65774,5.80058
491,495,40.9194,-2.69565,5.91227
492,496,41.4197,-2.73354,6.02382
493,497,41.9229,-2.77124,6.13468
494,498,42.4289,-2.8087,6.24487
495,499,42.9377,-2.84578,6.35392
496,500,43.4494,-2.88227,6.46187
497,501,43.9641,-2.9183,6.56822
498,502,44.4819,-2.95358,6.67299
499,503,45.0028,-2.98819,6.77596
500,504,45.5271,-3.02218,6.87681
501,505,46.0547,-3.05547,6.97575
502,506,46.5859,-3.08824,7.07246
503,507,47.1207,-3.12051,7.16706
504,508,47.6592,-3.15252,7.25943
505,509,48.2013,-3.18447,7.34991
506,510,48.7471,-3.21658,7.43839
507,511,49.2964,-3.24892,7.5251
508,512,49.8491,-3.28204,7.61046
509,513,50.4052,-3.31614,7.69478
510,514,50.9642,-3.35141,7.77828
511,515,51.526,-3.38836,7.86141
512,516,52.0905,-3.42724,7.9447
513,517,52.6571,-3.46837,8.02863
514,518,53.2257,-3.51204,8.11376
515,519,53.796,-3.55846,8.20047
516,520,54.3675,-3.60794,8.28961
517,521,54.9401,-3.66053,8.38142
518,522,55.5135,-3.71661,8.47673
519,523,56.0873,-3.77599,8.5761
520,524,56.6612,-3.83877,8.67996
521,525,57.2351,-3.90493,8.78891
522,526,57.8085,-3.97431,8.90329
523,527,58.3813,-4.04669,9.02344
524,528,58.9531,-4.12182,9.14969
525,529,59.5238,-4.1995,9.28212
526,530,60.0931,-4.27941,9.42091
527,531,60.6605,-4.36109,9.56606
528,532,61.226,-4.44432,9.71734
529,533,61.7892,-4.52858,9.8745
530,534,62.3496,-4.61357,10.0372
531,535,62.9071,-4.69899,10.2052
532,536,63.4612,-4.78439,10.3777
533,537,64.0116,-4.86957,10.5543
534,538,64.5578,-4.95419,10.7343
535,539,65.0996,-5.03798,10.917
536,540,65.6364,-5.12062,11.1017
537,541,66.1678,-5.20201,11.2875
538,542,66.6936,-5.28188,11.4735
539,543,67.2133,-5.35998,11.659
540,544,67.7265,-5.43627,11.8433
541,545,68.2329,-5.51036,12.0254
542,546,68.7321,-5.58217,12.2044
543,547,69.2238,-5.65156,12.3797
544,548,69.7077,-5.71833,12.5506
545,549,70.1834,-5.78225,12.7161
546,550,70.6508,-5.84332,12.8761
547,551,71.1095,-5.90127,13.0294
548,552,71.5593,-5.95616,13.176
549,553,72.0,-6.00786,13.3153
550,554,72.4312,-6.05641,13.447
551,555,72.8528,-6.10173,13.5711
552,556,73.2645,-6.14385,13.6875
553,557,73.666,-6.18302,13.7961
554,558,74.0572,-6.21916,13.8973
555,559,74.4378,-6.25245,13.9911
556,560,74.8075,-6.28305,14.0781
557,561,75.166,-6.31113,14.1587
558,562,75.5131,-6.33684,14.2333
559,563,75.8485,-6.36027,14.3024
560,564,76.172,-6.38169,14.3668
561,565,76.4832,-6.40118,14.427
562,566,76.7821,-6.41889,14.4833
563,567,77.0683,-6.43491,14.5367
564,568,77.3416,-6.44942,14.5871
565,569,77.6019,-6.4624,14.6352
566,570,77.849,-6.47395,14.6811
567,571,78.0828,-6.48417,14.7251
568,572,78.3031,-6.49287,14.7672
569,573,78.5101,-6.5003,14.8075
570,574,78.7034,-6.50636,14.8459
571,575,78.8831,-6.51107,14.8821
572,576,79.0491,-6.51444,14.916
573,577,79.2015,-6.51666,14.9474
574,578,79.3403,-6.51779,14.9761
575,579,79.4653,-6.51788,15.0018
576,580,79.5767,-6.51723,15.0242
577,581,79.6744,-6.51614,15.0433
578,582,79.7584,-6.51482,15.0589
579,583,79.8287,-6.51361,15.0711
580,584,79.8851,-6.51284,15.0798
581,585,79.9278,-6.51292,15.0852
582,586,79.9565,-6.51423,15.0875
583,587,79.9713,-6.51729,15.0869
584,588,79.972,-6.52249,15.0839
585,589,79.9586,-6.53015,15.0791
586,590,79.9308,-6.54071,15.0726
587,591,79.8887,-6.55474,15.0653
588,592,79.832,-6.57232,15.0576
589,593,79.7604,-6.59374,15.05
590,594,79.6739,-6.61921,15.0434
591,595,79.5721,-6.64886,15.0379
592,596,79.4549,-6.68267,15.0341
593,597,79.3218,-6.7205,15.0326
594,598,79.1726,-6.76221,15.0336
595,599,79.007,-6.80761,15.0377
596,600,78.8245,-6.85618,15.0449
597,601,78.6251,-6.90756,15.0558
598,602,78.4083,-6.96121,15.0706
599,603,78.1738,-7.01665,15.0895
600,604,77.9214,-7.07313,15.1128
601,605,77.6507,-7.12989,15.1407
602,606,77.3617,-7.18651,15.1736
603,607,77.054,-7.24204,15.2116
604,608,76.7275,-7.29593,15.255
605,609,76.382,-7.34731,15.3042
606,610,76.0175,-7.39569,15.3593
607,611,75.6339,-7.44015,15.4205
608,612,75.231,-7.48011,15.4882
609,613,74.809,-7.51515,15.5625
610,614,74.3677,-7.54445,15.6434
611,615,73.9073,-7.56748,15.7311
612,616,73.4277,-7.58386,15.8253
613,617,72.9291,-7.59318,15.926
614,618,72.4116,-7.59497,16.0328
615,619,71.8755,-7.58913,16.1452
616,620,71.3206,-7.57529,16.2627
617,621,70.7473,-7.55339,16.3843
618,622,70.1555,-7.52334,16.5093
619,623,69.5456,-7.48529,16.6362
620,624,68.9174,-7.43912,16.7645
621,625,68.271,-7.38515,16.8924
622,626,67.6063,-7.32363,17.0189
623,627,66.9234,-7.25467,17.1428
624,628,66.222,-7.17876,17.2626
625,629,65.5021,-7.0962,17.377
626,630,64.7633,-7.00745,17.485
627,631,64.0054,-6.91301,17.5853
628,632,63.2281,-6.81319,17.6771
629,633,62.431,-6.70874,17.7592
630,634,61.6138,-6.59989,17.8308
631,635,60.7762,-6.48722,17.891
632,636,59.9177,-6.37136,17.9393
633,637,59.038,-6.25249,17.9748
634,638,58.1369,-6.13131,17.9968
635,639,57.2142,-6.00795,18.005
636,640,56.2697,-5.88287,17.9986
637,641,55.3034,-5.75623,17.9771
638,642,54.3153,-5.62813,17.9398
639,643,53.3055,-5.49875,17.886
640,644,52.2742,-5.36796,17.8148
641,645,51.2217,-5.2356,17.7255
642,646,50.1486,-5.10172,17.6171
643,647,49.055,-4.96591,17.4884
644,648,47.9416,-4.82797,17.3383
645,649,46.8091,-4.68765,17.1655
646,650,45.6578,-4.54463,16.9688
647,651,44.4886,-4.39874,16.7467
648,652,43.302,-4.24972,16.498
649,653,42.0988,-4.09741,16.2214
650,654,40.8796,-3.94183,15.9158
651,655,39.6452,-3.78302,15.5802
652,656,38.3964,-3.6211,15.214
653,657,37.1343,-3.45653,14.8168
654,658,35.8596,-3.2897,14.3884
655,659,34.5738,-3.12129,13.9296
656,660,33.2779,-2.95195,13.4411
657,661,31.9738,-2.78267,12.9241
658,662,30.6629,-2.61418,12.3806
659,663,29.3475,-2.44763,11.8128
660,664,28.0298,-2.28401,11.2236
661,665,26.7125,-2.12432,10.6158
662,666,25.3982,-1.9695,9.99296
663,667,24.0902,-1.82031,9.35857
664,668,22.7918,-1.67759,8.71668
665,669,21.5068,-1.54182,8.07068
666,670,20.239,-1.41345,7.42482
667,671,18.9923,-1.2926,6.78244
668,672,17.7711,-1.17926,6.14694
669,673,16.5796,-1.07325,5.52181
670,674,15.4223,-0.974209,4.90999
671,675,14.3035,-0.881547,4.31378
672,676,13.2277,-0.794608,3.73557
673,677,12.1989,-0.712589,3.17729
674,678,11.2211,-0.634684,2.64001
675,679,10.298,-0.559928,2.12485
676,680,9.43297,-0.48751,1.63233
677,681,8.62866,-0.416525,1.16303
678,682,7.88737,-0.34623,0.716929
679,683,7.21077,-0.276,0.293363
680,684,6.59987,-0.20532,-0.107527
681,685,6.05506,-0.133907,-0.486577
682,686,5.57599,-0.0616236,-0.844546
683,687,5.16158,0.0114379,-1.18197
684,688,4.81006,0.0850439,-1.49983
685,689,4.51897,0.15876,-1.79884
686,690,4.28537,0.231952,-2.08012
687,691,4.10576,0.303901,-2.34396
688,692,3.97586,0.373878,-2.59121
689,693,3.89156,0.440996,-2.82192
690,694,3.848,0.504489,-3.03657
691,695,3.84039,0.563573,-3.23465
692,696,3.8639,0.617556,-3.41596
693,697,3.91341,0.665902,-3.57989
694,698,3.98434,0.708157,-3.72583
695,699,4.07179,0.744095,-3.85287
696,700,4.17137,0.773589,-3.96054
697,701,4.27887,0.796683,-4.04813
698,702,4.39041,0.813566,-4.11536
699,703,4.50254,0.82458,-4.16236
700,704,4.61203,0.830167,-4.18968
701,705,4.71615,0.830883,-4.19793
702,706,4.81259,0.827361,-4.18864
703,707,4.89942,0.820276,-4.1637
704,708,4.97514,0.81032,-4.12516
705,709,5.03861,0.798246,-4.0758
706,710,5.08925,0.784712,-4.01867
707,711,5.12681,0.770371,-3.95678
708,712,5.15131,0.755869,-3.89351
709,713,5.16302,0.741759,-3.83238
710,714,5.16298,0.728453,-3.77643
711,715,5.15204,0.716347,-3.72865
712,716,5.13168,0.705656,-3.69149
713,717,5.10322,0.696612,-3.66723
714,718,5.06874,0.689231,-3.65708
715,719,5.03005,0.68348,-3.66183
716,720,4.9893,0.679239,-3.6818
717,721,4.94874,0.676277,-3.71602
718,722,4.91068,0.674335,-3.76323
719,723,4.87747,0.673076,-3.82122
720,724,4.8516,0.672085,-3.88749
721,725,4.8352,0.671015,-3.95876
722,726,4.83068,0.66941,-4.03126
723,727,4.84006,0.666853,-4.10136
724,728,4.86532,0.662978,-4.16502
725,729,4.90806,0.657387,-4.21849
726,730,4.96992,0.649743,-4.25766
727,731,5.05179,0.639798,-4.27955
728,732,5.15482,0.627284,-4.28079
729,733,5.27911,0.612089,-4.25927
730,734,5.42497,0.594082,-4.21295
731,735,5.59192,0.573249,-4.1411
732,736,5.77941,0.5496,-4.04272
733,737,5.98618,0.523244,-3.91863
734,738,6.2108,0.494341,-3.76949
735,739,6.45153,0.463072,-3.59714
736,740,6.70625,0.429685,-3.40375
737,741,6.97244,0.39453,-3.19227
738,742,7.24764,0.357905,-2.96584
739,743,7.52897,0.32021,-2.72821
740,744,7.81381,0.281781,-2.48315
741,745,8.09906,0.243058,-2.23492
742,746,8.38209,0.204415,-1.98713
743,747,8.66002,0.166303,-1.74405
744,748,8.93031,0.129107,-1.50927
745,749,9.19066,0.0932067,-1.28627
746,750,9.43902,0.0589262,-1.07815
747,751,9.67353,0.0266442,-0.887556
748,752,9.89293,-0.00343305,-0.716376
749,753,10.0961,-0.031066,-0.566339
750,754,10.2821,-0.0560349,-0.438482
751,755,10.4509,-0.0783107,-0.333
752,756,10.6023,-0.0977996,-0.25008
753,757,10.7366,-0.114522,-0.189099
754,758,10.8546,-0.128575,-0.148567
755,759,10.9569,-0.140047,-0.127301
756,760,11.0447,-0.149131,-0.123157
757,761,11.1192,-0.156044,-0.133789
758,762,11.1818,-0.160993,-0.156842
759,763,11.234,-0.164313,-0.189225
760,764,11.2774,-0.166267,-0.228423
761,765,11.3135,-0.167154,-0.271152
762,766,11.3438,-0.167294,-0.314581
763,767,11.37,-0.166967,-0.355793
764,768,11.3934,-0.166476,-0.391911
765,769,11.4154,-0.166082,-0.420529
766,770,11.4372,-0.166064,-0.439218
767,771,11.46,-0.166614,-0.446251
768,772,11.4847,-0.167995,-0.439605
769,773,11.5122,-0.170365,-0.418237
770,774,11.543,-0.17384,-0.381306
771,775,11.5776,-0.1786,-0.32823
772,776,11.6162,-0.184718,-0.259225
773,777,11.659,-0.192294,-0.174471
774,778,11.7059,-0.201381,-0.0748911
775,779,11.7563,-0.211952,0.0383063
776,780,11.8101,-0.224069,0.163936
777,781,11.8667,-0.237681,0.300242
778,782,11.9254,-0.252762,0.44533
779,783,11.9853,-0.26922,0.597427
780,784,12.0457,-0.287012,0.754513
781,785,12.1057,-0.306025,0.914639
782,786,12.1645,-0.326146,1.076
783,787,12.2213,-0.347275,1.23685
784,788,12.2752,-0.369305,1.39555
785,789,12.3257,-0.392129,1.55072
786,790,12.3723,-0.415625,1.70146
787,791,12.4145,-0.439745,1.84669
788,792,12.4522,-0.464368,1.98587
789,793,12.4853,-0.489473,2.11873
790,794,12.5141,-0.514938,2.24482
791,795,12.539,-0.540763,2.36442
792,796,12.5605,-0.566853,2.47771
793,797,12.5795,-0.593218,2.58512
794,798,12.5968,-0.619721,2.68695
795,799,12.6137,-0.646382,2.78404
796,800,12.6314,-0.673103,2.87659
797,801,12.6515,-0.699868,2.96553
798,802,12.6754,-0.726559,3.05138
799,803,12.7047,-0.753174,3.13466
800,804,12.7412,-0.779648,3.2162
801,805,12.7868,-0.805955,3.29669
802,806,12.843,-0.832126,3.37662
803,807,12.9119,-0.858214,3.45695
804,808,12.9952,-0.884316,3.53831
805,809,13.0949,-0.910698,3.62186
806,810,13.2128,-0.937627,3.7085
807,811,13.351,-0.965539,3.79965
808,812,13.5112,-0.994947,3.89673
809,813,13.6954,-1.02656,4.00142
810,814,13.9057,-1.06113,4.11572
811,815,14.1436,-1.09954,4.24149
812,816,14.4112,-1.14283,4.38063
813,817,14.7098,-1.19197,4.53527
814,818,15.0409,-1.24815,4.70726
815,819,15.4054,-1.31245,4.89814
816,820,15.8041,-1.3859,5.10904
817,821,16.237,-1.46957,5.34087
818,822,16.7041,-1.5643,5.59403
819,823,17.2042,-1.67066,5.86839
820,824,17.7363,-1.78916,6.16329
821,825,18.2982,-1.91986,6.47705
822,826,18.8876,-2.06261,6.80793
823,827,19.5013,-2.21686,7.1529
824,828,20.1359,-2.38171,7.50868
825,829,20.7873,-2.55583,7.87097
826,830,21.4514,-2.73778,8.23575
827,831,22.1237,-2.92562,8.59817
828,832,22.7995,-3.11732,8.953
829,833,23.4743,-3.31063,9.29567
830,834,24.1438,-3.50321,9.62122
831,835,24.8037,-3.69274,9.92575
832,836,25.4501,-3.87694,10.2053
833,837,26.0796,-4.05382,10.4573
834,838,26.689,-4.22142,10.6793
835,839,27.2756,-4.37821,10.8702
836,840,27.8371,-4.52284,11.0296
837,841,28.3717,-4.65446,11.158
838,842,28.8778,-4.77259,11.2564
839,843,29.3542,-4.87692,11.3266
840,844,29.8,-4.96764,11.371
841,845,30.2147,-5.04509,11.392
842,846,30.5977,-5.10989,11.3923
843,847,30.949,-5.16284,11.3749
844,848,31.2684,-5.20467,11.3424
845,849,31.5563,-5.23634,11.2974
846,850,31.8128,-5.25871,11.2424
847,851,32.0383,-5.27246,11.1791
848,852,32.2332,-5.27849,11.1091
849,853,32.3983,-5.27738,11.0337
850,854,32.5339,-5.2698,10.954
851,855,32.6408,-5.25605,10.87
852,856,32.7196,-5.23675,10.7822
853,857,32.771,-5.212,10.6904
854,858,32.7958,-5.18233,10.5944
855,859,32.7948,-5.14785,10.494
856,860,32.7687,-5.10884,10.3887
857,861,32.7182,-5.06558,10.2784
858,862,32.6442,-5.01819,10.163
859,863,32.5475,-4.96701,10.0426
860,864,32.4288,-4.9122,9.91725
861,865,32.289,-4.85419,9.7876
862,866,32.1291,-4.79319,9.654
863,867,31.9497,-4.72946,9.51702
864,868,31.7515,-4.66325,9.37724
865,869,31.5357,-4.59492,9.2355
866,870,31.303,-4.52458,9.09206
867,871,31.054,-4.45255,8.94754
868,872,30.7898,-4.3789,8.80226
869,873,30.511,-4.30386,8.65613
870,874,30.2184,-4.22739,8.50918
871,875,29.913,-4.14975,8.36117
872,876,29.5954,-4.07084,8.21173
873,877,29.2666,-3.9908,8.06025
874,878,28.9271,-3.90954,7.90609
875,879,28.5778,-3.82714,7.74833
876,880,28.2193,-3.74354,7.58623
877,881,27.8525,-3.65887,7.41882
878,882,27.4779,-3.57305,7.24506
879,883,27.0961,-3.48625,7.06423
880,884,26.7078,-3.39847,6.87531
881,885,26.3137,-3.30992,6.67763
882,886,25.9142,-3.22068,6.47049
883,887,25.5102,-3.13107,6.25344
884,888,25.1021,-3.04113,6.02594
885,889,24.6908,-2.95123,5.78771
886,890,24.277,-2.86165,5.53877
887,891,23.8616,-2.77259,5.27923
888,892,23.4453,-2.68436,5.00922
889,893,23.0291,-2.59718,4.72928
890,894,22.6143,-2.51136,4.44001
891,895,22.2018,-2.42708,4.14233
892,896,21.7931,-2.34449,3.83698
893,897,21.3894,-2.26378,3.52562
894,898,20.9923,-2.18499,3.20911
895,899,20.6033,-2.10819,2.88915
896,900,20.2239,-2.03326,2.56715
897,901,19.8562,-1.96016,2.24487
898,902,19.5018,-1.88869,1.92386
899,903,19.1626,-1.81866,1.60606
900,904,18.8405,-1.74981,1.29312
901,905,18.5376,-1.68183,0.986687
902,906,18.2556,-1.61441,0.688553
903,907,17.9967,-1.54724,0.40042
904,908,17.7627,-1.48004,0.123537
905,909,17.5554,-1.41244,-0.140607
906,910,17.3765,-1.34422,-0.390647
907,911,17.2277,-1.27518,-0.62577
908,912,17.1105,-1.20522,-0.844954
909,913,17.0259,-1.13414,-1.0474
910,914,16.9752,-1.06198,-1.2327
911,915,16.9588,-0.988795,-1.40032
912,916,16.9771,-0.914679,-1.55022
913,917,17.0304,-0.839849,-1.68216
914,918,17.1182,-0.764552,-1.7963
915,919,17.2399,-0.689031,-1.89292
916,920,17.3946,-0.61373,-1.97213
917,921,17.5807,-0.538939,-2.03449
918,922,17.7966,-0.465045,-2.0806
919,923,18.0403,-0.392458,-2.11099
920,924,18.3094,-0.321564,-2.12655
921,925,18.6015,-0.252675,-2.12801
922,926,18.9138,-0.186242,-2.11665
923,927,19.2435,-0.122515,-2.09335
924,928,19.5876,-0.0617451,-2.05918
925,929,19.9434,-0.00425222,-2.01551
926,930,20.3079,0.0497404,-1.96323
927,931,20.6785,0.10011,-1.90373
928,932,21.0527,0.146689,-1.838
929,933,21.428,0.189388,-1.76703
930,934,21.8026,0.228139,-1.69153
931,935,22.1746,0.262917,-1.61213
932,936,22.5427,0.293739,-1.52955
933,937,22.9057,0.320664,-1.44403
934,938,23.2629,0.343774,-1.35568
935,939,23.6139,0.363222,-1.26457
936,940,23.9586,0.379161,-1.17076
937,941,24.2971,0.3918,-1.07382
938,942,24.6299,0.401388,-0.973648
939,943,24.9577,0.408206,-0.869791
940,944,25.2811,0.412604,-0.761796
941,945,25.6014,0.414857,-0.649204
942,946,25.9192,0.415454,-0.531744
943,947,26.2357,0.41479,-0.408921
944,948,26.5518,0.41323,-0.280452
945,949,26.8683,0.411347,-0.145796
946,950,27.1859,0.409484,-0.00478446
947,951,27.505,0.408169,0.142662
948,952,27.8259,0.407827,0.296754
949,953,28.1484,0.408951,0.457276
950,954,28.4722,0.411781,0.624404
951,955,28.7964,0.416898,0.797644
952,956,29.1202,0.424396,0.976767
953,957,29.4421,0.434626,1.1614
954,958,29.7604,0.447852,1.35095
955,959,30.0733,0.464107,1.5446
956,960,30.3787,0.483407,1.74194
957,961,30.6743,0.505859,1.94203
958,962,30.9577,0.531353,2.14385
959,963,31.2268,0.559792,2.34671
960,964,31.4792,0.591021,2.54972
961,965,31.713,0.624719,2.75226
962,966,31.9262,0.660816,2.95342
963,967,32.1175,0.699013,3.15279
964,968,32.2858,0.739109,3.34987
965,969,32.4305,0.78081,3.54465
966,970,32.5514,0.823987,3.73681
967,971,32.6489,0.868417,3.9268
968,972,32.7239,0.914044,4.11485
969,973,32.7776,0.960604,4.30143
970,974,32.8115,1.00822,4.48691
971,975,32.8278,1.05664,4.67179
972,976,32.8282,1.10594,4.8562
973,977,32.8149,1.15605,5.04007
974,978,32.7899,1.20692,5.22306
975,979,32.7551,1.25853,5.40482
976,980,32.7124,1.31076,5.58434
977,981,32.6632,1.36343,5.76077
978,982,32.6089,1.41636,5.9331
979,983,32.5508,1.46932,6.10021
980,984,32.4899,1.52208,6.26091
981,985,32.4269,1.57423,6.41416
982,986,32.3626,1.62539,6.55921
983,987,32.2974,1.67524,6.69527
984,988,32.2317,1.72335,6.82202
985,989,32.1659,1.76926,6.93949
986,990,32.1002,1.81263,7.04779
987,991,32.0346,1.85308,7.14739
988,992,31.9692,1.89037,7.2387
989,993,31.9041,1.92418,7.32293
990,994,31.8394,1.95438,7.40058
991,995,31.7751,1.98085,7.47267
992,996,31.7112,2.00349,7.54007
993,997,31.6477,2.02246,7.60346
994,998,31.5848,2.03774,7.66365
995,999,31.5225,2.04957,7.72125
996,1000,31.4609,2.05822,7.77676
997,1001,31.4001,2.06386,7.83052
998,1002,31.3403,2.06683,7.88304
999,1003,31.2817,2.06743,7.93453
1000,1004,31.2244,2.06596,7.98536
1001,1005,31.1685,2.06272,8.0358
1002,1006,31.1143,2.05802,8.08617
1003,1007,31.062,2.05213,8.13661
1004,1008,31.0115,2.04524,8.18745
1005,1009,30.9632,2.03761,8.23891
1006,1010,30.917,2.02933,8.29116
1007,1011,30.873,2.02059,8.34454
1008,1012,30.8313,2.01159,8.39888
1009,1013,30.7918,2.00231,8.45452
1010,1014,30.7545,1.99283,8.51152
1011,1015,30.7192,1.98329,8.56982
1012,1016,30.6859,1.97362,8.62942
1013,1017,30.6543,1.96396,8.69034
1014,1018,30.6244,1.95419,8.75238
1015,1019,30.5958,1.94442,8.81537
1016,1020,30.5684,1.93463,8.87906
1017,1021,30.5419,1.92476,8.94327
1018,1022,30.5158,1.91492,9.00754
1019,1023,30.4901,1.905,9.07169
1020,1024,30.4645,1.89503,9.13522
1021,1025,30.4385,1.88504,9.19784
1022,1026,30.4121,1.87502,9.2592
1023,1027,30.3851,1.86495,9.31867
1024,1028,30.3571,1.85487,9.37634
1025,1029,30.3282,1.84476,9.43172
1026,1030,30.2982,1.83466,9.48425
1027,1031,30.2671,1.82462,9.53395
1028,1032,30.2348,1.81463,9.58052
1029,1033,30.2013,1.80481,9.6238
1030,1034,30.1667,1.79507,9.66354
1031,1035,30.1312,1.78552,9.69977
1032,1036,30.0947,1.77611,9.73219
1033,1037,30.0575,1.76696,9.76101
1034,1038,30.0198,1.75806,9.78604
1035,1039,29.9815,1.74934,9.80732
1036,1040,29.9432,1.74082,9.82503
1037,1041,29.9049,1.73245,9.83913
1038,1042,29.8668,1.72432,9.84966
1039,1043,29.8291,1.71628,9.85692
1040,1044,29.792,1.70829,9.86078
1041,1045,29.7558,1.70026,9.86167
1042,1046,29.7207,1.69222,9.85964
1043,1047,29.6866,1.68399,9.85478
1044,1048,29.6539,1.67559,9.8473
1045,1049,29.6225,1.66684,9.83745
1046,1050,29.5927,1.65782,9.8253
1047,1051,29.5645,1.64833,9.81113
1048,1052,29.5379,1.63847,9.79507
1049,1053,29.513,1.62801,9.77726
1050,1054,29.4897,1.61703,9.75786
1051,1055,29.4682,1.60544,9.73699
1052,1056,29.4485,1.5932,9.7151
1053,1057,29.4304,1.58038,9.69193
1054,1058,29.4141,1.56681,9.6682
1055,1059,29.3995,1.55265,9.64365
1056,1060,29.3865,1.53775,9.61869
1057,1061,29.3754,1.52224,9.5933
1058,1062,29.3658,1.50606,9.56773
1059,1063,29.358,1.48926,9.54199
1060,1064,29.3517,1.47189,9.51599
1061,1065,29.3471,1.45392,9.48995
1062,1066,29.3442,1.43545,9.46361
1063,1067,29.343,1.41647,9.43693
1064,1068,29.3435,1.39699,9.41006
1065,1069,29.3456,1.37714,9.38255
1066,1070,29.3494,1.35677,9.35439
1067,1071,29.3551,1.33596,9.32541
1068,1072,29.3627,1.31479,9.29549
1069,1073,29.3721,1.29314,9.26449
1070,1074,29.3835,1.27101,9.23215
1071,1075,29.3971,1.24835,9.19867
1072,1076,29.4129,1.22513,9.16376
1073,1077,29.431,1.20122,9.12752
1074,1078,29.4516,1.17663,9.0901
1075,1079,29.475,1.15124,9.05134
1076,1080,29.5011,1.12498,9.01155
1077,1081,29.5303,1.09764,8.97108
1078,1082,29.5629,1.06924,8.93005
1079,1083,29.5989,1.03951,8.88876
1080,1084,29.6388,1.00834,8.84753
1081,1085,29.6826,0.975691,8.80663
1082,1086,29.7309,0.941296,8.76665
1083,1087,29.7835,0.905157,8.72744
1084,1088,29.841,0.867067,8.68974
1085,1089,29.9033,0.826962,8.65341
1086,1090,29.9708,0.784705,8.61892
1087,1091,30.0435,0.740402,8.58629
1088,1092,30.1215,0.693811,8.55566
1089,1093,30.2049,0.645098,8.52718
1090,1094,30.2939,0.594224,8.50084
1091,1095,30.3882,0.54127,8.47659
1092,1096,30.4881,0.486238,8.45459
1093,1097,30.5933,0.429366,8.43469
1094,1098,30.7038,0.37074,8.41667
1095,1099,30.8195,0.310567,8.40061
1096,1100,30.9403,0.24885,8.38674
1097,1101,31.0659,0.185991,8.37463
1098,1102,31.1963,0.122034,8.36438
1099,1103,31.3311,0.0571717,8.35615
1100,1104,31.4703,-0.00831596,8.3495
1101,1105,31.6136,-0.0743491,8.34474
1102,1106,31.7607,-0.140764,8.3419
1103,1107,31.9114,-0.207321,8.34076
1104,1108,32.0656,-0.274093,8.34155
1105,1109,32.223,-0.34085,8.34413
1106,1110,32.3834,-0.407603,8.34852
1107,1111,32.5466,-0.474352,8.35497
1108,1112,32.7125,-0.541058,8.36304
1109,1113,32.8808,-0.607799,8.37306
1110,1114,33.0515,-0.674583,8.38471
1111,1115,33.2242,-0.741517,8.3981
1112,1116,33.399,-0.808564,8.41304
1113,1117,33.5756,-0.876005,8.42939
1114,1118,33.7539,-0.943852,8.44723
1115,1119,33.9336,-1.0122,8.46621
1116,1120,34.1146,-1.08112,8.48614
1117,1121,34.2967,-1.15086,8.50709
1118,1122,34.4796,-1.22135,8.52874
1119,1123,34.6632,-1.29279,8.55104
1120,1124,34.847,-1.36528,8.57397
1121,1125,35.0309,-1.43881,8.59726
1122,1126,35.2146,-1.51358,8.62112
1123,1127,35.3977,-1.58946,8.64548
1124,1128,35.5801,-1.66658,8.67034
1125,1129,35.7614,-1.74503,8.69607
1126,1130,35.9413,-1.82469,8.72263
1127,1131,36.1195,-1.90561,8.7504
1128,1132,36.2958,-1.9877,8.77948
1129,1133,36.4699,-2.07108,8.8103
1130,1134,36.6416,-2.15561,8.84296
1131,1135,36.8106,-2.24119,8.8777
1132,1136,36.9766,-2.32786,8.91475
1133,1137,37.1395,-2.41548,8.95421
1134,1138,37.299,-2.50393,8.9963
1135,1139,37.4551,-2.5931,9.04088
1136,1140,37.6074,-2.68296,9.08799
1137,1141,37.7559,-2.77333,9.13751
1138,1142,37.9003,-2.86407,9.18923
1139,1143,38.0405,-2.95499,9.24318
1140,1144,38.1764,-3.04592,9.29884
1141,1145,38.3079,-3.13668,9.35614
1142,1146,38.435,-3.2271,9.41481
1143,1147,38.5574,-3.31683,9.47464
1144,1148,38.6752,-3.40586,9.53524
1145,1149,38.7884,-3.49385,9.59652
1146,1150,38.8969,-3.58059,9.65806
1147,1151,39.0007,-3.66576,9.71983
1148,1152,39.0999,-3.74924,9.78136
1149,1153,39.1945,-3.83088,9.84258
1150,1154,39.2844,-3.91033,9.90331
1151,1155,39.3699,-3.98748,9.96321
1152,1156,39.4509,-4.0622,10.0222
1153,1157,39.5274,-4.13427,10.0801
1154,1158,39.5997,-4.20373,10.1368
1155,1159,39.6678,-4.27046,10.1921
1156,1160,39.7316,-4.33432,10.2458
1157,1161,39.7915,-4.39558,10.298
1158,1162,39.8473,-4.45409,10.3486
1159,1163,39.8993,-4.51,10.3974
1160,1164,39.9475,-4.56352,10.4446
1161,1165,39.9922,-4.61485,10.4901
1162,1166,40.0334,-4.66412,10.5341
1163,1167,40.0712,-4.71165,10.5766
1164,1168,40.1059,-4.75767,10.6177
1165,1169,40.1375,-4.80248,10.6579
1166,1170,40.1664,-4.8465,10.6971
1167,1171,40.1925,-4.88978,10.7357
1168,1172,40.2162,-4.93274,10.7739
1169,1173,40.2375,-4.97566,10.8119
1170,1174,40.2567,-5.01883,10.8501
1171,1175,40.2741,-5.06239,10.8885
1172,1176,40.2897,-5.10648,10.9272
1173,1177,40.3039,-5.15141,10.9668
1174,1178,40.3167,-5.1971,11.0068
1175,1179,40.3285,-5.24376,11.0476
1176,1180,40.3394,-5.29127,11.0889
1177,1181,40.3495,-5.33967,11.1308
1178,1182,40.3591,-5.38885,11.1731
1179,1183,40.3684,-5.43875,11.2157
1180,1184,40.3773,-5.48912,11.2581
1181,1185,40.3861,-5.53994,11.3005
1182,1186,40.3948,-5.59096,11.3423
1183,1187,40.4036,-5.6419,11.3832
1184,1188,40.4124,-5.6927,11.4231
1185,1189,40.4213,-5.7431,11.4613
1186,1190,40.4303,-5.79294,11.498
1187,1191,40.4393,-5.84205,11.5325
1188,1192,40.4483,-5.89036,11.5648
1189,1193,40.4571,-5.93764,11.5945
1190,1194,40.4658,-5.98379,11.6216
1191,1195,40.4741,-6.02874,11.6458
1192,1196,40.482,-6.07251,11.6671
1193,1197,40.4893,-6.1151,11.6855
1194,1198,40.4959,-6.15643,11.7008
1195,1199,40.5016,-6.19654,11.7129
1196,1200,40.5063,-6.23547,11.7219
1197,1201,40.5099,-6.27337,11.7278
1198,1202,40.5122,-6.3103,11.7306
1199,1203,40.5131,-6.34634,11.7302
1200,1204,40.5126,-6.38159,11.7266
1201,1205,40.5106,-6.41628,11.7201
1202,1206,40.507,-6.45035,11.7105
1203,1207,40.5018,-6.48401,11.6978
1204,1208,40.495,-6.51735,11.682
1205,1209,40.4864,-6.55058,11.6631
1206,1210,40.4761,-6.58359,11.6409
1207,1211,40.4641,-6.61652,11.6154
1208,1212,40.4502,-6.6495,11.5863
1209,1213,40.4345,-6.68245,11.5535
1210,1214,40.4166,-6.71535,11.5166
1211,1215,40.3964,-6.74811,11.4755
1212,1216,40.3737,-6.78063,11.4299
1213,1217,40.348,-6.81292,11.3796
1214,1218,40.3191,-6.84476,11.3242
1215,1219,40.2865,-6.87598,11.2636
1216,1220,40.2497,-6.90636,11.1979
1217,1221,40.2082,-6.93576,11.127
1218,1222,40.1618,-6.96408,11.051
1219,1223,40.1101,-6.99126,10.9705
1220,1224,40.0528,-7.01715,10.8855
1221,1225,39.9899,-7.04169,10.7969
1222,1226,39.9214,-7.06501,10.7052
1223,1227,39.8476,-7.0873,10.6112
1224,1228,39.7689,-7.10862,10.5158
1225,1229,39.686,-7.12925,10.4197
1226,1230,39.5996,-7.14949,10.3238
1227,1231,39.5104,-7.16964,10.2286
1228,1232,39.4195,-7.1901,10.135
1229,1233,39.3277,-7.21127,10.0434
1230,1234,39.236,-7.23341,9.95426
1231,1235,39.1452,-7.25679,9.86778
1232,1236,39.0563,-7.28173,9.78424
1233,1237,38.9697,-7.30856,9.70381
1234,1238,38.8862,-7.33739,9.62633
1235,1239,38.8061,-7.36818,9.55163
1236,1240,38.7298,-7.401,9.47955
1237,1241,38.6574,-7.43568,9.40981
1238,1242,38.589,-7.47212,9.34195
1239,1243,38.5246,-7.50978,9.27548
1240,1244,38.4641,-7.54838,9.20988
1241,1245,38.4071,-7.58718,9.14447
1242,1246,38.3536,-7.62562,9.07885
1243,1247,38.3034,-7.66293,9.01222
1244,1248,38.2562,-7.69805,8.94424
1245,1249,38.2118,-7.73011,8.8743
1246,1250,38.1703,-7.75792,8.8021
1247,1251,38.1316,-7.78042,8.72724
1248,1252,38.0959,-7.79638,8.64952
1249,1253,38.063,-7.80448,8.56848
1250,1254,38.0335,-7.80348,8.48398
1251,1255,38.0076,-7.79214,8.39563
1252,1256,37.9855,-7.76911,8.3029
1253,1257,37.9678,-7.73332,8.20551
1254,1258,37.9547,-7.68354,8.10273
1255,1259,37.9467,-7.6188,7.99377
1256,1260,37.9441,-7.53833,7.8779
1257,1261,37.947,-7.44134,7.754
1258,1262,37.9556,-7.32736,7.62122
1259,1263,37.97,-7.19617,7.47823
1260,1264,37.9899,-7.04763,7.32412
1261,1265,38.0152,-6.88188,7.15785
1262,1266,38.0455,-6.69938,6.97838
1263,1267,38.0801,-6.50067,6.78506
1264,1268,38.1187,-6.28664,6.57767
1265,1269,38.1603,-6.0584,6.35586
1266,1270,38.2042,-5.8172,6.12023
1267,1271,38.2495,-5.56449,5.87117
1268,1272,38.2951,-5.30195,5.60984
1269,1273,38.3401,-5.03125,5.3376
1270,1274,38.3834,-4.7544,5.05618
1271,1275,38.4237,-4.47325,4.7676
1272,1276,38.46,-4.18986,4.47413
1273,1277,38.491,-3.90622,4.17836
1274,1278,38.5157,-3.62426,3.88272
1275,1279,38.5331,-3.34591,3.59024
1276,1280,38.5422,-3.07293,3.30349
1277,1281,38.5421,-2.80699,3.0253
1278,1282,38.5322,-2.5495,2.75834
1279,1283,38.512,-2.3018,2.50492
1280,1284,38.481,-2.06487,2.26713
1281,1285,38.4389,-1.83955,2.04677
1282,1286,38.3856,-1.62638,1.84496
1283,1287,38.3211,-1.42582,1.66259
1284,1288,38.2453,-1.23779,1.49985
1285,1289,38.1586,-1.06249,1.35651
1286,1290,38.0608,-0.89951,1.23166
1287,1291,37.9524,-0.748497,1.12416
1288,1292,37.8334,-0.608906,1.03227
1289,1293,37.7042,-0.480175,0.95375
1290,1294,37.5649,-0.361637,0.886298
1291,1295,37.4158,-0.252555,0.827576
1292,1296,37.2569,-0.152136,0.774709
1293,1297,37.0887,-0.0598365,0.725384
1294,1298,36.9112,0.0251665,0.67699
1295,1299,36.7248,0.103291,0.627665
1296,1300,36.5297,0.175081,0.575472
1297,1301,36.3263,0.241014,0.518826
1298,1302,36.115,0.301363,0.456853
1299,1303,35.8963,0.356188,0.388802
1300,1304,35.6707,0.405748,0.314322
1301,1305,35.4389,0.449872,0.23368
1302,1306,35.2016,0.488619,0.147227
1303,1307,34.9597,0.521704,0.0556784
1304,1308,34.7139,0.549044,-0.0401158
1305,1309,34.4654,0.570269,-0.139046
1306,1310,34.2149,0.585283,-0.240012
1307,1311,33.9636,0.593879,-0.342028
1308,1312,33.7125,0.595851,-0.444013
1309,1313,33.4625,0.591041,-0.54495
1310,1314,33.2144,0.579577,-0.644051
1311,1315,32.9692,0.561334,-0.740662
1312,1316,32.7275,0.53661,-0.834201
1313,1317,32.4899,0.505575,-0.924281
1314,1318,32.2569,0.468569,-1.01042
1315,1319,32.0286,0.426148,-1.09243
1316,1320,31.8054,0.378701,-1.17
1317,1321,31.587,0.327045,-1.24303
1318,1322,31.3733,0.271761,-1.3112
1319,1323,31.1639,0.213651,-1.37398
1320,1324,30.9583,0.153596,-1.43126
1321,1325,30.7558,0.0925007,-1.48265
1322,1326,30.5556,0.0311237,-1.52763
1323,1327,30.3566,-0.0294987,-1.56606
1324,1328,30.1579,-0.0886752,-1.59725
1325,1329,29.9581,-0.145398,-1.62109
1326,1330,29.756,-0.199044,-1.63737
1327,1331,29.5504,-0.248909,-1.64609
1328,1332,29.3398,-0.294401,-1.64731
1329,1333,29.1229,-0.335052,-1.64159
1330,1334,28.8984,-0.370581,-1.62936
1331,1335,28.6651,-0.400746,-1.61156
1332,1336,28.4218,-0.425476,-1.58957
1333,1337,28.1676,-0.444854,-1.56446
1334,1338,27.9017,-0.459073,-1.5379
1335,1339,27.6235,-0.468482,-1.51162
1336,1340,27.3325,-0.473471,-1.48763
1337,1341,27.0285,-0.474476,-1.46771
1338,1342,26.7119,-0.472294,-1.45391
1339,1343,26.3829,-0.467414,-1.4479
1340,1344,26.0422,-0.46064,-1.45131
1341,1345,25.6907,-0.452667,-1.46569
1342,1346,25.3296,-0.44422,-1.49202
1343,1347,24.9602,-0.436043,-1.53108
1344,1348,24.5842,-0.428864,-1.5831
1345,1349,24.2031,-0.423295,-1.64837
1346,1350,23.8188,-0.419943,-1.72618
1347,1351,23.433,-0.419202,-1.81585
1348,1352,23.0476,-0.421642,-1.9163
1349,1353,22.6644,-0.427506,-2.02565
1350,1354,22.2851,-0.437021,-2.14264
1351,1355,21.9113,-0.450265,-2.26464
1352,1356,21.5446,-0.467282,-2.38967
1353,1357,21.1862,-0.487984,-2.51548
1354,1358,20.8374,-0.51213,-2.6393
1355,1359,20.4992,-0.539483,-2.75898
1356,1360,20.1727,-0.569692,-2.87198
1357,1361,19.8585,-0.602282,-2.97633
1358,1362,19.5573,-0.636905,-3.07003
1359,1363,19.2698,-0.672979,-3.15128
1360,1364,18.9965,-0.710067,-3.21886
1361,1365,18.7379,-0.747697,-3.27162
1362,1366,18.4945,-0.785417,-3.30894
1363,1367,18.2666,-0.822812,-3.33024
1364,1368,18.0549,-0.859589,-3.33564
1365,1369,17.8599,-0.895428,-3.32549
1366,1370,17.6819,-0.930126,-3.30044
1367,1371,17.5218,-0.963569,-3.26105
1368,1372,17.3798,-0.995666,-3.20873
1369,1373,17.2566,-1.02646,-3.14432
1370,1374,17.1529,-1.05601,-3.06955
1371,1375,17.0689,-1.08442,-2.98552
1372,1376,17.0052,-1.11186,-2.89372
1373,1377,16.9621,-1.13849,-2.79551
1374,1378,16.9396,-1.16452,-2.69198
1375,1379,16.938,-1.19008,-2.5844
1376,1380,16.957,-1.21539,-2.47344
1377,1381,16.9964,-1.24059,-2.36007
1378,1382,17.0556,-1.26579,-2.24473
1379,1383,17.1341,-1.29107,-2.12798
1380,1384,17.2309,-1.31649,-2.00992
1381,1385,17.3451,-1.34203,-1.89083
1382,1386,17.4754,-1.36771,-1.77077
1383,1387,17.6205,-1.39342,-1.64968
1384,1388,17.779,-1.41909,-1.52772
1385,1389,17.9493,-1.4446,-1.40467
1386,1390,18.1298,-1.4698,-1.28099
1387,1391,18.3188,-1.49456,-1.15674
1388,1392,18.5145,-1.51874,-1.03212
1389,1393,18.7154,-1.54218,-0.907601
1390,1394,18.9197,-1.56478,-0.783804
1391,1395,19.1259,-1.58642,-0.661264
1392,1396,19.3326,-1.60699,-0.540676
1393,1397,19.5386,-1.62645,-0.422824
1394,1398,19.7424,-1.64473,-0.308522
1395,1399,19.9434,-1.66183,-0.198482
1396,1400,20.1407,-1.67772,-0.0935423
1397,1401,20.3336,-1.69249,0.00580052
1398,1402,20.5219,-1.70611,0.0988835
1399,1403,20.7054,-1.71865,0.185353
1400,1404,20.8843,-1.73025,0.265168
1401,1405,21.0588,-1.74096,0.338151
1402,1406,21.2295,-1.75087,0.404608
1403,1407,21.3972,-1.76011,0.465081
1404,1408,21.5626,-1.76875,0.520116
1405,1409,21.7269,-1.77688,0.570593
1406,1410,21.8913,-1.78458,0.617572
1407,1411,22.0569,-1.7919,0.662235
1408,1412,22.2251,-1.79884,0.705818
1409,1413,22.3974,-1.80542,0.749598
1410,1414,22.575,-1.81163,0.794917
1411,1415,22.7594,-1.81743,0.842917
1412,1416,22.9517,-1.82276,0.894732
1413,1417,23.1531,-1.8276,0.951297
1414,1418,23.3648,-1.83191,1.01329
1415,1419,23.5878,-1.83563,1.08143
1416,1420,23.8227,-1.83881,1.15575
1417,1421,24.0702,-1.84145,1.2366
1418,1422,24.3308,-1.84361,1.32353
1419,1423,24.6048,-1.84549,1.41638
1420,1424,24.8922,-1.84717,1.51458
1421,1425,25.1932,-1.84889,1.61753
1422,1426,25.5075,-1.85094,1.72464
1423,1427,25.835,-1.85361,1.83532
1424,1428,26.1753,-1.85726,1.94916
1425,1429,26.5281,-1.86227,2.06578
1426,1430,26.893,-1.86907,2.18517
1427,1431,27.2695,-1.87802,2.30747
1428,1432,27.6575,-1.88953,2.43318
1429,1433,28.0564,-1.90397,2.56283
1430,1434,28.4661,-1.92167,2.69762
1431,1435,28.8862,-1.94282,2.83839
1432,1436,29.3164,-1.96766,2.98658
1433,1437,29.7564,-1.99617,3.14344
1434,1438,30.2059,-2.02837,3.31033
1435,1439,30.6646,-2.06406,3.48857
1436,1440,31.1319,-2.10299,3.67921
1437,1441,31.6074,-2.14483,3.88312
1438,1442,32.0904,-2.18906,4.10098
1439,1443,32.5801,-2.23511,4.33305
1440,1444,33.0758,-2.28239,4.57921
1441,1445,33.5766,-2.33016,4.83915
1442,1446,34.0815,-2.37768,5.11205
1443,1447,34.5897,-2.42415,5.39694
1444,1448,35.1002,-2.46879,5.69258
1445,1449,35.6124,-2.51083,5.99746
1446,1450,36.1255,-2.54943,6.30985
1447,1451,36.6393,-2.58381,6.62798
1448,1452,37.1533,-2.61329,6.94987
1449,1453,37.6675,-2.63716,7.27355
1450,1454,38.1821,-2.65477,7.59681
1451,1455,38.6972,-2.66556,7.91743
1452,1456,39.2133,-2.66905,8.23319
1453,1457,39.7309,-2.6648,8.5418
1454,1458,40.2505,-2.65246,8.84091
1455,1459,40.7728,-2.63192,9.1282
1456,1460,41.2982,-2.60313,9.40136
1457,1461,41.8271,-2.56617,9.65802
1458,1462,42.3597,-2.52135,9.89605
1459,1463,42.8962,-2.46918,10.1133
1460,1464,43.4363,-2.41037,10.3078
1461,1465,43.9795,-2.34581,10.4778
1462,1466,44.5253,-2.27663,10.6221
1463,1467,45.0726,-2.2042,10.7397
1464,1468,45.6205,-2.12997,10.8299
1465,1469,46.1676,-2.05575,10.893
1466,1470,46.7126,-1.98329,10.9298
1467,1471,47.2539,-1.91454,10.9413
1468,1472,47.7901,-1.85155,10.9299
1469,1473,48.3198,-1.79634,10.898
1470,1474,48.8414,-1.75088,10.8491
1471,1475,49.3538,-1.71704,10.7869
1472,1476,49.8558,-1.6966,10.7157
1473,1477,50.3464,-1.69117,10.6404
1474,1478,50.8249,-1.70211,10.5658
1475,1479,51.291,-1.7305,10.497
1476,1480,51.7443,-1.77707,10.4388
1477,1481,52.185,-1.84238,10.396
1478,1482,52.6133,-1.92653,10.3728
1479,1483,53.0299,-2.02931,10.3729
1480,1484,53.4354,-2.15015,10.3994
1481,1485,53.8308,-2.28809,10.4542
1482,1486,54.2172,-2.44205,10.5388
1483,1487,54.5959,-2.61048,10.6533
1484,1488,54.9681,-2.79169,10.7969
1485,1489,55.3351,-2.98382,10.968
1486,1490,55.6981,-3.18473,11.1639
1487,1491,56.0584,-3.39244,11.3812
1488,1492,56.4171,-3.60475,11.6157
1489,1493,56.7752,-3.81958,11.8629
1490,1494,57.1335,-4.03497,12.1178
1491,1495,57.4926,-4.2491,12.3754
1492,1496,57.8528,-4.4604,12.6307
1493,1497,58.2144,-4.6673,12.879
1494,1498,58.5774,-4.86878,13.1161
1495,1499,58.9413,-5.06394,13.3386
1496,1500,59.3058,-5.2522,13.5435
1497,1501,59.67,-5.43308,13.7288
1498,1502,60.0331,-5.60664,13.8932
1499,1503,60.3939,-5.77287,14.0364
1500,1504,60.7512,-5.93208,14.1588
1501,1505,61.1035,-6.0848,14.2615
1502,1506,61.4495,-6.23147,14.3462
1503,1507,61.7876,-6.37271,14.4151
1504,1508,62.1163,-6.50916,14.4705
1505,1509,62.4344,-6.64142,14.5152
1506,1510,62.7403,-6.76984,14.5517
1507,1511,63.0329,-6.89487,14.5825
1508,1512,63.3112,-7.01671,14.61
1509,1513,63.5742,-7.13543,14.6361
1510,1514,63.8211,-7.25088,14.6623
1511,1515,64.0516,-7.36283,14.6896
1512,1516,64.2653,-7.47073,14.7186
1513,1517,64.462,-7.57401,14.7495
1514,1518,64.642,-7.67202,14.782
1515,1519,64.8054,-7.76392,14.8154
1516,1520,64.9525,-7.8489,14.8486
1517,1521,65.0841,-7.92621,14.8806
1518,1522,65.2005,-7.99503,14.9101
1519,1523,65.3025,-8.05479,14.9357
1520,1524,65.3907,-8.10495,14.9562
1521,1525,65.4657,-8.14513,14.9707
1522,1526,65.5281,-8.17525,14.9782
1523,1527,65.5783,-8.19514,14.9783
1524,1528,65.6168,-8.20515,14.9707
1525,1529,65.6438,-8.20562,14.9556
1526,1530,65.6594,-8.19697,14.9332
1527,1531,65.6636,-8.18009,14.9043
1528,1532,65.6563,-8.15555,14.8697
1529,1533,65.6371,-8.12434,14.8305
1530,1534,65.6056,-8.08732,14.7878
1531,1535,65.5614,-8.04547,14.7429
1532,1536,65.5038,-7.99948,14.6966
1533,1537,65.4322,-7.95043,14.6501
1534,1538,65.346,-7.89891,14.604
1535,1539,65.2446,-7.84556,14.559
1536,1540,65.1273,-7.79093,14.5152
1537,1541,64.9937,-7.73549,14.4729
1538,1542,64.8435,-7.67954,14.4318
1539,1543,64.6763,-7.6232,14.3913
1540,1544,64.492,-7.56659,14.3508
1541,1545,64.2909,-7.50977,14.3094
1542,1546,64.0731,-7.45276,14.2662
1543,1547,63.839,-7.39547,14.2202
1544,1548,63.5894,-7.33785,14.1702
1545,1549,63.3251,-7.28003,14.1153
1546,1550,63.047,-7.22198,14.0546
1547,1551,62.7561,-7.16378,13.9874
1548,1552,62.4536,-7.10577,13.9129
1549,1553,62.1408,-7.04822,13.831
1550,1554,61.8187,-6.99149,13.7414
1551,1555,61.4886,-6.93614,13.6442
1552,1556,61.1514,-6.88273,13.5396
1553,1557,60.8082,-6.83181,13.4279
1554,1558,60.4597,-6.78415,13.3096
1555,1559,60.1067,-6.74037,13.1853
1556,1560,59.7495,-6.70119,13.0555
1557,1561,59.3885,-6.66727,12.9207
1558,1562,59.024,-6.63915,12.7814
1559,1563,58.6559,-6.61738,12.6379
1560,1564,58.2842,-6.60231,12.4904
1561,1565,57.9086,-6.59414,12.3392
1562,1566,57.5292,-6.593,12.1844
1563,1567,57.1455,-6.59868,12.026
1564,1568,56.7575,-6.61095,11.864
1565,1569,56.3649,-6.62921,11.6986
1566,1570,55.9678,-6.65285,11.5299
1567,1571,55.5662,-6.68077,11.358
1568,1572,55.1604,-6.71191,11.1832
1569,1573,54.7506,-6.745,11.006
1570,1574,54.3376,-6.77855,10.827
1571,1575,53.9221,-6.81103,10.6469
1572,1576,53.5051,-6.84075,10.4666
1573,1577,53.088,-6.866,10.2871
1574,1578,52.6722,-6.88507,10.1096
1575,1579,52.2593,-6.89614,9.93521
1576,1580,51.8514,-6.8976,9.76521
1577,1581,51.4504,-6.88781,9.60074
1578,1582,51.0586,-6.86532,9.44279
1579,1583,50.6782,-6.82867,9.29214
1580,1584,50.3114,-6.77663,9.14929
1581,1585,49.9605,-6.70826,9.01451
1582,1586,49.6275,-6.62263,8.88762
1583,1587,49.3146,-6.51907,8.76806
1584,1588,49.0235,-6.39713,8.65495
1585,1589,48.7559,-6.25648,8.54701
1586,1590,48.5132,-6.09703,8.44259
1587,1591,48.2966,-5.9188,8.33981
1588,1592,48.1068,-5.72196,8.23648
1589,1593,47.9446,-5.50687,8.13037
1590,1594,47.8102,-5.2739,8.01902
1591,1595,47.7037,-5.02365,7.9001
1592,1596,47.6247,-4.75673,7.77145
1593,1597,47.5729,-4.47394,7.63114
1594,1598,47.5474,-4.17607,7.47764
1595,1599,47.5473,-3.86409,7.30987
1596,1600,47.5714,-3.53914,7.12726
1597,1601,47.6183,-3.20236,6.92967
1598,1602,47.6863,-2.85513,6.71764
1599,1603,47.7735,-2.49896,6.49223
1600,1604,47.8779,-2.13541,6.2548
1601,1605,47.9974,-1.76629,6.00726
1602,1606,48.1297,-1.39354,5.75178
1603,1607,48.2722,-1.01922,5.49088
1604,1608,48.4226,-0.645526,5.22715
1605,1609,48.5786,-0.274658,4.96332
1606,1610,48.7378,0.0909179,4.70223
1607,1611,48.898,0.448906,4.44657
1608,1612,49.0573,0.796808,4.19903
1609,1613,49.2139,1.13238,3.96211
1610,1614,49.3664,1.45322,3.73814
1611,1615,49.5136,1.75718,3.52918
1612,1616,49.6546,2.04232,3.33703
1613,1617,49.7887,2.30664,3.16323
1614,1618,49.9158,2.5486,3.00895
1615,1619,50.0358,2.7668,2.87503
1616,1620,50.1489,2.96011,2.76205
1617,1621,50.2556,3.12766,2.6702
1618,1622,50.3565,3.26887,2.59939
1619,1623,50.4524,3.38348,2.54921
1620,1624,50.5442,3.47141,2.519
1621,1625,50.6328,3.53294,2.50789
1622,1626,50.7193,3.56858,2.51467
1623,1627,50.8048,3.57907,2.53819
1624,1628,50.89,3.5654,2.57709
1625,1629,50.9761,3.52867,2.62991
1626,1630,51.0638,3.47042,2.69517
1627,1631,51.1539,3.39203,2.77154
1628,1632,51.247,3.29527,2.85765
1629,1633,51.3435,3.18187,2.95226
1630,1634,51.4437,3.05385,3.05418
1631,1635,51.5476,2.91309,3.16237
1632,1636,51.6552,2.7617,3.27587
1633,1637,51.7661,2.60173,3.39376
1634,1638,51.8798,2.43529,3.51513
1635,1639,51.9953,2.2645,3.63905
1636,1640,52.1118,2.09131,3.76463
1637,1641,52.2279,1.91784,3.89079
1638,1642,52.3421,1.74596,4.01625
1639,1643,52.4527,1.57745,4.13972
1640,1644,52.5578,1.41409,4.25968
1641,1645,52.6554,1.25737,4.37453
1642,1646,52.7432,1.10872,4.48248
1643,1647,52.819,0.969316,4.58164
1644,1648,52.8803,0.840205,4.67014
1645,1649,52.9249,0.722241,4.74621
1646,1650,52.9505,0.616001,4.80812
1647,1651,52.9547,0.521884,4.85425
1648,1652,52.9355,0.440099,4.88333
1649,1653,52.891,0.370548,4.89433
1650,1654,52.8196,0.312982,4.88669
1651,1655,52.7199,0.266926,4.86013
1652,1656,52.5908,0.23174,4.81498
1653,1657,52.4317,0.206525,4.75191
1654,1658,52.2422,0.190282,4.67206
1655,1659,52.0226,0.181879,4.57721
1656,1660,51.7733,0.180105,4.4692
1657,1661,51.4952,0.183612,4.35055
1658,1662,51.1897,0.191088,4.22371
1659,1663,50.8584,0.201179,4.09154
1660,1664,50.5033,0.212621,3.95683
1661,1665,50.1266,0.224204,3.82228
1662,1666,49.7308,0.234791,3.69057
1663,1667,49.3183,0.243399,3.56403
1664,1668,48.8918,0.249187,3.44468
1665,1669,48.4538,0.25148,3.33423
1666,1670,48.0068,0.249764,3.23384
1667,1671,47.553,0.243779,3.14423
1668,1672,47.0946,0.233346,3.06569
1669,1673,46.6332,0.218537,2.99798
1670,1674,46.1702,0.19959,2.94058
1671,1675,45.7067,0.176876,2.89239
1672,1676,45.2432,0.150921,2.85201
1673,1677,44.7801,0.122331,2.81793
1674,1678,44.3171,0.0918181,2.78828
1675,1679,43.8539,0.0601956,2.76116
1676,1680,43.3896,0.0282797,2.73447
1677,1681,42.9231,-0.00309584,2.70627
1678,1682,42.453,-0.0330822,2.67453
1679,1683,41.9779,-0.0608991,2.63741
1680,1684,41.496,-0.0857844,2.5931
1681,1685,41.0057,-0.10703,2.54003
1682,1686,40.505,-0.124045,2.47677
1683,1687,39.9923,-0.136329,2.4021
1684,1688,39.4658,-0.143407,2.31499
1685,1689,38.9239,-0.145039,2.21464
1686,1690,38.3652,-0.140942,2.10038
1687,1691,37.7883,-0.131016,1.97176
1688,1692,37.1924,-0.115314,1.82851
1689,1693,36.5764,-0.0938802,1.67055
1690,1694,35.9398,-0.0668966,1.49785
1691,1695,35.2824,-0.0346799,1.31061
1692,1696,34.6041,0.00244647,1.10912
1693,1697,33.9051,0.0439858,0.893698
1694,1698,33.1858,0.0894236,0.66487
1695,1699,32.447,0.138141,0.423249
1696,1700,31.6896,0.189487,0.16951
1697,1701,30.9148,0.242696,-0.0955093
1698,1702,30.1237,0.29701,-0.370849
1699,1703,29.318,0.351591,-0.65538
1700,1704,28.4992,0.405572,-0.947682
1701,1705,27.6691,0.458117,-1.2463
1702,1706,26.8296,0.508353,-1.54932
1703,1707,25.9825,0.555445,-1.85469
1704,1708,25.1298,0.59865,-2.16016
1705,1709,24.2735,0.63723,-2.46306
1706,1710,23.4156,0.670601,-2.76079
1707,1711,22.5578,0.698269,-3.05051
1708,1712,21.7022,0.719865,-3.32929
1709,1713,20.8502,0.735159,-3.59432
1710,1714,20.0037,0.744096,-3.8429
1711,1715,19.164,0.746772,-4.07254
1712,1716,18.3325,0.743432,-4.28117
1713,1717,17.5105,0.734472,-4.46692
1714,1718,16.6991,0.720456,-4.62847
1715,1719,15.8993,0.702027,-4.76507
1716,1720,15.1122,0.679977,-4.87639
1717,1721,14.3386,0.655158,-4.96269
1718,1722,13.5797,0.628485,-5.02478
1719,1723,12.8363,0.600909,-5.06382
1720,1724,12.1098,0.57339,-5.08149
1721,1725,11.4012,0.546844,-5.07968
1722,1726,10.7121,0.522177,-5.06068
1723,1727,10.044,0.500188,-5.02686
1724,1728,9.39892,0.481645,-4.98057
1725,1729,8.77883,0.467137,-4.92412
1726,1730,8.18607,0.457178,-4.85976
1727,1731,7.62321,0.452134,-4.7894
1728,1732,7.09306,0.452224,-4.71468
1729,1733,6.59857,0.457537,-4.63688
1730,1734,6.14284,0.467989,-4.557
1731,1735,5.72902,0.483379,-4.47562
1732,1736,5.36034,0.503366,-4.39297
1733,1737,5.03991,0.527478,-4.30915
1734,1738,4.77079,0.555147,-4.2239
1735,1739,4.55586,0.585727,-4.13683
1736,1740,4.39774,0.618493,-4.04742
1737,1741,4.29881,0.652676,-3.95516
1738,1742,4.26113,0.687496,-3.85931
1739,1743,4.28645,0.722181,-3.75929
1740,1744,4.3761,0.755985,-3.65431
1741,1745,4.53106,0.788215,-3.5435
1742,1746,4.75191,0.818228,-3.42605
1743,1747,5.03876,0.845498,-3.30094
1744,1748,5.39135,0.869576,-3.16714
1745,1749,5.80887,0.890076,-3.02354
1746,1750,6.29011,0.906774,-2.86894
1747,1751,6.83337,0.919514,-2.70226
1748,1752,7.43647,0.928224,-2.52244
1749,1753,8.09677,0.93293,-2.32848
1750,1754,8.81116,0.933716,-2.11977
1751,1755,9.57612,0.930732,-1.89582
1752,1756,10.3877,0.924156,-1.65662
1753,1757,11.2415,0.914158,-1.40248
1754,1758,12.1331,0.900939,-1.13415
1755,1759,13.0575,0.88466,-0.852844
1756,1760,14.0097,0.865481,-0.560115
1757,1761,14.9849,0.843527,-0.257806
1758,1762,15.9782,0.818896,0.0520919
1759,1763,16.985,0.791671,0.367546
1760,1764,18.001,0.761941,0.686628
1761,1765,19.0227,0.729827,1.0076
1762,1766,20.0468,0.695434,1.32906
1763,1767,21.0708,0.658916,1.64993
1764,1768,22.0928,0.620472,1.96945
1765,1769,23.1116,0.58036,2.28722
1766,1770,24.1262,0.538851,2.60313
1767,1771,25.1364,0.496263,2.91727
1768,1772,26.1423,0.45295,3.22987
1769,1773,27.1439,0.409273,3.54119
1770,1774,28.1417,0.365571,3.85154
1771,1775,29.136,0.322206,4.16115
1772,1776,30.1273,0.27946,4.47018
1773,1777,31.1158,0.237619,4.77856
1774,1778,32.1014,0.196878,5.08621
1775,1779,33.084,0.157433,5.39276
1776,1780,34.0632,0.1194,5.69781
1777,1781,35.0382,0.0828897,6.00082
1778,1782,36.0081,0.0479594,6.30117
1779,1783,36.9719,0.0147116,6.59821
1780,1784,37.928,-0.0167968,6.89127
1781,1785,38.8752,-0.0464343,7.17963
1782,1786,39.8118,-0.0740364,7.46267
1783,1787,40.7363,-0.099383,7.73969
1784,1788,41.6473,-0.122151,8.00999
1785,1789,42.5432,-0.141972,8.27292
1786,1790,43.423,-0.158378,8.52773
1787,1791,44.2854,-0.170828,8.77369
1788,1792,45.1297,-0.178729,9.00998
1789,1793,45.9554,-0.181415,9.23583
1790,1794,46.7622,-0.178218,9.45038
1791,1795,47.5502,-0.168502,9.65283
1792,1796,48.3196,-0.151664,9.84235
1793,1797,49.0712,-0.127186,10.0182
1794,1798,49.8057,-0.0946834,10.1797
1795,1799,50.5242,-0.0539393,10.3262
1796,1800,51.2279,-0.00495726,10.4572
1797,1801,51.9181,0.0520307,10.5727
1798,1802,52.5961,0.116519,10.6724
1799,1803,53.2634,0.187722,10.7566
1800,1804,53.9212,0.264561,10.8258
1801,1805,54.5708,0.34569,10.8806
1802,1806,55.2133,0.429491,10.9223
1803,1807,55.8495,0.514134,10.9521
1804,1808,56.4802,0.597581,10.9719
1805,1809,57.1059,0.677694,10.9835
1806,1810,57.7268,0.75226,10.9891
1807,1811,58.343,0.819091,10.991
1808,1812,58.9542,0.876077,10.9916
1809,1813,59.5599,0.92128,10.9934
1810,1814,60.1597,0.952979,10.9986
1811,1815,60.7526,0.96977,11.0093
1812,1816,61.3377,0.970596,11.0275
1813,1817,61.914,0.954798,11.0545
1814,1818,62.4805,0.922143,11.0915
1815,1819,63.036,0.872866,11.1392
1816,1820,63.5795,0.80764,11.1976
1817,1821,64.1099,0.727551,11.2665
1818,1822,64.6263,0.634132,11.345
1819,1823,65.1278,0.529213,11.432
1820,1824,65.6138,0.414942,11.5257
1821,1825,66.0836,0.293692,11.6242
1822,1826,66.537,0.167948,11.7254
1823,1827,66.9736,0.0402612,11.8269
1824,1828,67.3932,-0.0868765,11.9263
1825,1829,67.7959,-0.211083,12.0212
1826,1830,68.1817,-0.330202,12.1096
1827,1831,68.5508,-0.442362,12.1893
1828,1832,68.9034,-0.546024,12.2587
1829,1833,69.2398,-0.640055,12.3165
1830,1834,69.5603,-0.723742,12.3619
1831,1835,69.8651,-0.796806,12.3944
1832,1836,70.1545,-0.859396,12.4141
1833,1837,70.4287,-0.912098,12.4215
1834,1838,70.688,-0.95584,12.4175
1835,1839,70.9323,-0.991912,12.4035
1836,1840,71.1618,-1.02185,12.3811
1837,1841,71.3764,-1.04742,12.3522
1838,1842,71.5761,-1.07052,12.3189
1839,1843,71.7606,-1.09309,12.2834
1840,1844,71.9298,-1.11709,12.2477
1841,1845,72.0833,-1.14441,12.214
1842,1846,72.2209,-1.17679,12.1843
1843,1847,72.342,-1.21577,12.1601
1844,1848,72.4463,-1.26273,12.1428
1845,1849,72.5332,-1.31871,12.1336
1846,1850,72.6023,-1.38451,12.1332
1847,1851,72.653,-1.46064,12.1418
1848,1852,72.6848,-1.5473,12.1596
1849,1853,72.6971,-1.64441,12.1861
1850,1854,72.6894,-1.75166,12.2207
1851,1855,72.661,-1.86846,12.2626
1852,1856,72.6114,-1.99405,12.3107
1853,1857,72.54,-2.12749,12.3637
1854,1858,72.4464,-2.26768,12.4204
1855,1859,72.33,-2.41348,12.4794
1856,1860,72.1904,-2.56363,12.5395
1857,1861,72.0272,-2.71689,12.5995
1858,1862,71.8402,-2.872,12.6582
1859,1863,71.6291,-3.02775,12.7148
1860,1864,71.3938,-3.18299,12.7686
1861,1865,71.1342,-3.33666,12.8189
1862,1866,70.8504,-3.48778,12.8654
1863,1867,70.5427,-3.63551,12.908
1864,1868,70.2115,-3.7791,12.9467
1865,1869,69.8572,-3.91793,12.9816
1866,1870,69.4807,-4.05153,13.0131
1867,1871,69.0826,-4.17948,13.0417
1868,1872,68.6642,-4.30154,13.0677
1869,1873,68.2267,-4.41754,13.0916
1870,1874,67.7713,-4.52741,13.114
1871,1875,67.2997,-4.63118,13.1353
1872,1876,66.8136,-4.72895,13.1559
1873,1877,66.3149,-4.82088,13.176
1874,1878,65.8056,-4.90722,13.1956
1875,1879,65.2878,-4.98827,13.2149
1876,1880,64.7636,-5.06435,13.2337
1877,1881,64.2355,-5.13586,13.2516
1878,1882,63.7056,-5.20322,13.2682
1879,1883,63.1763,-5.26687,13.2828
1880,1884,62.6498,-5.32728,13.2949
1881,1885,62.1284,-5.38492,13.3035
1882,1886,61.6141,-5.44022,13.3076
1883,1887,61.109,-5.49367,13.3063
1884,1888,60.615,-5.54563,13.2982
1885,1889,60.1339,-5.5965,13.2822
1886,1890,59.6672,-5.64659,13.257
1887,1891,59.2165,-5.69616,13.2213
1888,1892,58.7829,-5.74539,13.1736
1889,1893,58.3678,-5.79444,13.1128
1890,1894,57.972,-5.84333,13.0377
1891,1895,57.5965,-5.89205,12.9475
1892,1896,57.2422,-5.9405,12.8413
1893,1897,56.9096,-5.98853,12.7189
1894,1898,56.5996,-6.03591,12.5802
1895,1899,56.3128,-6.08236,12.4258
1896,1900,56.0497,-6.12752,12.2564
1897,1901,55.8111,-6.17105,12.0737
1898,1902,55.5977,-6.2125,11.8794
1899,1903,55.4102,-6.25145,11.6763
1900,1904,55.2495,-6.28743,11.4672
1901,1905,55.1164,-6.31997,11.2557
1902,1906,55.0119,-6.34857,11.0457
1903,1907,54.9369,-6.37278,10.8414
1904,1908,54.8925,-6.39211,10.6472
1905,1909,54.8796,-6.40612,10.4675
1906,1910,54.8992,-6.41439,10.3065
1907,1911,54.9522,-6.4165,10.1682
1908,1912,55.0393,-6.41207,10.0557
1909,1913,55.1608,-6.40074,9.97166
1910,1914,55.3171,-6.38215,9.91762
1911,1915,55.5081,-6.35598,9.89409
1912,1916,55.7332,-6.32186,9.90044
1913,1917,55.9917,-6.27945,9.93486
1914,1918,56.2824,-6.22836,9.99443
1915,1919,56.6037,-6.1682,10.0753
1916,1920,56.9537,-6.09851,10.1729
1917,1921,57.3305,-6.01882,10.2818
1918,1922,57.7317,-5.9286,10.3965
1919,1923,58.1548,-5.8273,10.5112
1920,1924,58.5975,-5.7143,10.6205
1921,1925,59.0571,-5.58897,10.719
1922,1926,59.5312,-5.4507,10.8021
1923,1927,60.0173,-5.29886,10.8659
1924,1928,60.5132,-5.13285,10.9073
1925,1929,61.0165,-4.95215,10.9239
1926,1930,61.525,-4.7563,10.9144
1927,1931,62.0365,-4.54493,10.8781
1928,1932,62.5487,-4.31779,10.8152
1929,1933,63.0595,-4.07476,10.7266
1930,1934,63.5667,-3.81583,10.6137
1931,1935,64.0681,-3.54117,10.4782
1932,1936,64.5613,-3.25111,10.3225
1933,1937,65.0443,-2.94613,10.149
1934,1938,65.5148,-2.62689,9.96041
1935,1939,65.9707,-2.29419,9.75926
1936,1940,66.41,-1.94907,9.54823
1937,1941,66.8308,-1.59268,9.32978
1938,1942,67.2312,-1.22637,9.10624
1939,1943,67.6097,-0.851646,8.87963
1940,1944,67.9649,-0.470177,8.65168
1941,1945,68.2956,-0.0837479,8.42383
1942,1946,68.601,0.305678,8.19723
1943,1947,68.8804,0.696046,7.9727
1944,1948,69.1334,1.08517,7.7508
1945,1949,69.3601,1.47081,7.53185
1946,1950,69.5606,1.85064,7.31606
1947,1951,69.7355,2.2223,7.10342
1948,1952,69.8854,2.58342,6.89394
1949,1953,70.0113,2.93166,6.68753
1950,1954,70.1144,3.2648,6.48412
1951,1955,70.1958,3.58069,6.2837
1952,1956,70.2571,3.87736,6.08632
1953,1957,70.2994,4.15311,5.89208
1954,1958,70.3243,4.40647,5.70122
1955,1959,70.333,4.63627,5.51399
1956,1960,70.3266,4.84171,5.33077
1957,1961,70.3062,5.02231,5.15193
1958,1962,70.2726,5.17802,4.97796
1959,1963,70.2265,5.3091,4.80924
1960,1964,70.168,5.41629,4.64627
1961,1965,70.0972,5.50057,4.48941
1962,1966,70.0137,5.56333,4.33896
1963,1967,69.917,5.60614,4.19513
1964,1968,69.806,5.63083,4.05809
1965,1969,69.6795,5.63947,3.92772
1966,1970,69.5358,5.6341,3.8039
1967,1971,69.3729,5.6169,3.68627
1968,1972,69.1888,5.59003,3.57436
1969,1973,68.9809,5.55551,3.46738
1970,1974,68.7466,5.51535,3.36443
1971,1975,68.483,5.47129,3.26436
1972,1976,68.1869,5.42501,3.16584
1973,1977,67.8552,5.37785,3.0673
1974,1978,67.4846,5.33102,2.96711
1975,1979,67.072,5.28547,2.86345
1976,1980,66.614,5.24193,2.75443
1977,1981,66.1075,5.20086,2.63817
1978,1982,65.5496,5.16257,2.51272
1979,1983,64.9375,5.12709,2.37628
1980,1984,64.2688,5.09431,2.22713
1981,1985,63.5415,5.06392,2.06373
1982,1986,62.7538,5.03537,1.88481
1983,1987,61.9047,5.00809,1.68927
1984,1988,60.9935,4.98123,1.47646
1985,1989,60.0204,4.95389,1.246
1986,1990,58.9861,4.92497,0.997949
1987,1991,57.8919,4.89331,0.732805
1988,1992,56.7402,4.85762,0.451604
1989,1993,55.5339,4.81653,0.155754
1990,1994,54.2767,4.76866,-0.152682
1991,1995,52.9732,4.7126,-0.47135
1992,1996,51.6286,4.64689,-0.7972
1993,1997,50.2487,4.57026,-1.12708
1994,1998,48.8399,4.48153,-1.45735
1995,1999,47.409,4.37965,-1.78423
1996,2000,45.9632,4.26389,-2.10385
1997,2001,44.5098,4.13379,-2.41235
1998,2002,43.0562,3.98926,-2.70601
1999,2003,41.6096,3.83062,-2.98134
2000,2004,40.1771,3.65861,-3.23527
2001,2005,38.7654,3.47439,-3.46521
2002,2006,37.3808,3.27967,-3.66906
2003,2007,36.0289,3.07642,-3.84552
2004,2008,34.7147,2.86711,-3.99385
2005,2009,33.4425,2.65446,-4.11409
2006,2010,32.2157,2.44142,-4.20703
2007,2011,31.0371,2.2311,-4.27408
2008,2012,29.9084,2.02662,-4.31729
2009,2013,28.8305,1.83104,-4.3394
2010,2014,27.8037,1.64725,-4.34341
2011,2015,26.8273,1.47786,-4.33291
2012,2016,25.8996,1.32514,-4.31152
2013,2017,25.0188,1.19093,-4.28318
2014,2018,24.182,1.07657,-4.25183
2015,2019,23.3859,0.982887,-4.22124
2016,2020,22.6267,0.910177,-4.19521
2017,2021,21.9005,0.858199,-4.17711
2018,2022,21.2028,0.826208,-4.17016
2019,2023,20.5292,0.812983,-4.17706
2020,2024,19.8754,0.816855,-4.20015
2021,2025,19.237,0.835841,-4.24128
2022,2026,18.6098,0.867662,-4.30172
2023,2027,17.9902,0.909833,-4.38231
2024,2028,17.3747,0.95979,-4.48325
2025,2029,16.7606,1.0149,-4.60427
2026,2030,16.1454,1.07262,-4.74443
2027,2031,15.5276,1.13055,-4.90233
2028,2032,14.9059,1.18646,-5.07603
2029,2033,14.28,1.23839,-5.26314
2030,2034,13.6501,1.2847,-5.46086
2031,2035,13.0169,1.3241,-5.66613
2032,2036,12.3816,1.35563,-5.87549
2033,2037,11.7461,1.37876,-6.08549
2034,2038,11.1124,1.39329,-6.29264
2035,2039,10.4828,1.39934,-6.49345
2036,2040,9.86004,1.39739,-6.68471
2037,2041,9.24657,1.38821,-6.86349
2038,2042,8.6451,1.37274,-7.0273
2039,2043,8.05814,1.35214,-7.17402
2040,2044,7.48804,1.3277,-7.30216
2041,2045,6.93695,1.30074,-7.41068
2042,2046,6.40665,1.27264,-7.49925
2043,2047,5.89867,1.24473,-7.56786
2044,2048,5.41413,1.21828,-7.61723
2045,2049,4.95384,1.19444,-7.64827
2046,2050,4.51819,1.1742,-7.66252
2047,2051,4.1072,1.15845,-7.66154
2048,2052,3.7206,1.14783,-7.64732
2049,2053,3.35779,1.1428,-7.62185
2050,2054,3.01783,1.14366,-7.58712
2051,2055,2.69958,1.15045,-7.54528
2052,2056,2.40165,1.16306,-7.49824
2053,2057,2.1225,1.18116,-7.44789
2054,2058,1.86044,1.2043,-7.3958
2055,2059,1.61365,1.23185,-7.34353
2056,2060,1.38031,1.26308,-7.29224
2057,2061,1.15858,1.29716,-7.24302
2058,2062,0.946611,1.33323,-7.19663
2059,2063,0.742618,1.37037,-7.15358
2060,2064,0.544958,1.40766,-7.11426
2061,2065,0.352052,1.44423,-7.0788
2062,2066,0.162526,1.47926,-7.04718
2063,2067,-0.0248139,1.512,-7.01911
2064,2068,-0.211028,1.54179,-6.99433
2065,2069,-0.39692,1.56811,-6.97236
2066,2070,-0.583035,1.59055,-6.9527
2067,2071,-0.769756,1.60886,-6.93485
2068,2072,-0.95728,1.62289,-6.9182
2069,2073,-1.14552,1.63267,-6.90229
2070,2074,-1.33423,1.63834,-6.88668
2071,2075,-1.52306,1.64017,-6.87115
2072,2076,-1.71135,1.63856,-6.85553
2073,2077,-1.89843,1.63401,-6.83965
2074,2078,-2.08347,1.6271,-6.82377
2075,2079,-2.26542,1.61849,-6.80803
2076,2080,-2.44329,1.60886,-6.79283
2077,2081,-2.61584,1.59895,-6.7786
2078,2082,-2.78176,1.58946,-6.76575
2079,2083,-2.93969,1.58109,-6.75483
2080,2084,-3.08812,1.57451,-6.74615
2081,2085,-3.22541,1.57028,-6.73996
2082,2086,-3.34973,1.56892,-6.73627
2083,2087,-3.45911,1.5708,-6.73489
2084,2088,-3.55132,1.57624,-6.73495
2085,2089,-3.62391,1.58537,-6.73531
2086,2090,-3.67418,1.59822,-6.73421
2087,2091,-3.69901,1.61466,-6.72927
2088,2092,-3.69509,1.63445,-6.7174
2089,2093,-3.65867,1.65717,-6.69482
2090,2094,-3.58579,1.68229,-6.65721
2091,2095,-3.47218,1.70912,-6.59958
2092,2096,-3.3135,1.7369,-6.51633
2093,2097,-3.10511,1.76471,-6.40174
2094,2098,-2.8426,1.7916,-6.24967
2095,2099,-2.52167,1.81652,-6.05421
2096,2100,-2.13828,1.83844,-5.80962
2097,2101,-1.68906,1.85627,-5.51077
2098,2102,-1.17132,1.86899,-5.1535
2099,2103,-0.583227,1.87561,-4.73459
2100,2104,0.0756388,1.87527,-4.25263
2101,2105,0.804606,1.86716,-3.70805
2102,2106,1.60146,1.85068,-3.1032
2103,2107,2.46236,1.82538,-2.44264
2104,2108,3.38211,1.79099,-1.73333
2105,2109,4.35393,1.74748,-0.98422
2106,2110,5.37003,1.69501,-0.20596
2107,2111,6.42177,1.63399,0.589173
2108,2112,7.49991,1.56502,1.38847
2109,2113,8.59513,1.48894,2.17846
2110,2114,9.69852,1.40668,2.9466
2111,2115,10.8016,1.31936,3.68097
2112,2116,11.897,1.22811,4.37122
2113,2117,12.9781,1.13417,5.00881
2114,2118,14.0397,1.03864,5.58729
2115,2119,15.0777,0.942594,6.10275
2116,2120,16.089,0.846971,6.55353
2117,2121,17.0716,0.752573,6.94007
2118,2122,18.0245,0.65993,7.26484
2119,2123,18.9472,0.569559,7.53182
2120,2124,19.8401,0.481657,7.74624
2121,2125,20.7039,0.396417,7.91386
2122,2126,21.5398,0.313767,8.04127
2123,2127,22.3492,0.233685,8.1346
2124,2128,23.1337,0.156071,8.20008
2125,2129,23.8952,0.080736,8.24371
2126,2130,24.6355,0.00754548,8.27084
2127,2131,25.3565,-0.0636436,8.28636
2128,2132,26.06,-0.132978,8.29471
2129,2133,26.748,-0.200523,8.29985
2130,2134,27.4222,-0.266367,8.30508
2131,2135,28.0843,-0.33055,8.3133
2132,2136,28.7359,-0.393097,8.32693
2133,2137,29.3784,-0.453998,8.34772
2134,2138,30.0133,-0.513263,8.37713
2135,2139,30.6414,-0.570847,8.41578
2136,2140,31.2642,-0.626836,8.46415
2137,2141,31.8822,-0.681149,8.52191
2138,2142,32.4962,-0.73398,8.58846
2139,2143,33.107,-0.785403,8.66275
2140,2144,33.7148,-0.835637,8.74351
2141,2145,34.3199,-0.884855,8.82898
2142,2146,34.9225,-0.933466,8.91763
2143,2147,35.5225,-0.981827,9.00766
2144,2148,36.1199,-1.03033,9.09726
2145,2149,36.7142,-1.0795,9.18487
2146,2150,37.3053,-1.12979,9.26896
2147,2151,37.8925,-1.18172,9.34841
2148,2152,38.4754,-1.23579,9.4221
2149,2153,39.0534,-1.29245,9.48934
2150,2154,39.6258,-1.35214,9.54964
2151,2155,40.1919,-1.41513,9.60252
2152,2156,40.7513,-1.4818,9.64783
2153,2157,41.3032,-1.55217,9.68552
2154,2158,41.847,-1.62637,9.71542
2155,2159,42.3823,-1.70422,9.73761
2156,2160,42.9085,-1.78559,9.75198
2157,2161,43.4254,-1.87012,9.7586
2158,2162,43.9325,-1.95733,9.75733
2159,2163,44.4299,-2.04673,9.74813
2160,2164,44.9173,-2.13773,9.73095
2161,2165,45.3948,-2.22968,9.70575
2162,2166,45.8627,-2.32188,9.67251
2163,2167,46.3211,-2.41375,9.63131
2164,2168,46.7705,-2.50472,9.58234
2165,2169,47.2113,-2.59423,9.5258
2166,2170,47.6441,-2.68185,9.46222
2167,2171,48.0695,-2.76739,9.39214
2168,2172,48.4882,-2.85072,9.31624
2169,2173,48.9009,-2.93194,9.23541
2170,2174,49.3084,-3.01131,9.15056
2171,2175,49.7115,-3.08932,9.06287
2172,2176,50.1109,-3.16664,8.97343
2173,2177,50.5073,-3.24404,8.88333
2174,2178,50.9015,-3.32264,8.79386
2175,2179,51.294,-3.40349,8.70614
2176,2180,51.6855,-3.48783,8.62123
2177,2181,52.0764,-3.57691,8.54013
2178,2182,52.4671,-3.67208,8.46385
2179,2183,52.8579,-3.77454,8.39321
2180,2184,53.2492,-3.88551,8.32883
2181,2185,53.6411,-4.00607,8.27141
2182,2186,54.0336,-4.13702,8.22132
2183,2187,54.4267,-4.27903,8.17888
2184,2188,54.8203,-4.4326,8.14431
2185,2189,55.2143,-4.59784,8.11771
2186,2190,55.6083,-4.77465,8.09895
2187,2191,56.0022,-4.96263,8.08795
2188,2192,56.3955,-5.16106,8.08436
2189,2193,56.7879,-5.36902,8.08781
2190,2194,57.179,-5.58525,8.09788
2191,2195,57.5685,-5.80845,8.11404
2192,2196,57.9559,-6.03703,8.1357
2193,2197,58.3408,-6.26915,8.16232
2194,2198,58.723,-6.50321,8.1933
2195,2199,59.1021,-6.73729,8.22815
2196,2200,59.4777,-6.9696,8.26638
2197,2201,59.8495,-7.19843,8.30768
2198,2202,60.2173,-7.42215,8.35184
2199,2203,60.5808,-7.6393,8.39887
2200,2204,60.9395,-7.84864,8.44892
2201,2205,61.2932,-8.049,8.50229
2202,2206,61.6414,-8.23962,8.55954
2203,2207,61.9838,-8.41975,8.62129
2204,2208,62.3198,-8.58914,8.68843
2205,2209,62.6489,-8.74749,8.76174
2206,2210,62.9705,-8.89478,8.84215
2207,2211,63.284,-9.03125,8.93052
2208,2212,63.5885,-9.15719,9.02766
2209,2213,63.8834,-9.27297,9.13408
2210,2214,64.1678,-9.37915,9.25021
2211,2215,64.4409,-9.47624,9.37612
2212,2216,64.7019,-9.56485,9.51153
2213,2217,64.9498,-9.64542,9.65585
2214,2218,65.184,-9.7186,9.80815
2215,2219,65.4038,-9.78481,9.96704
2216,2220,65.6084,-9.84451,10.1308
2217,2221,65.7975,-9.89806,10.2974
2218,2222,65.9707,-9.94572,10.4646
2219,2223,66.128,-9.98772,10.63
2220,2224,66.2695,-10.0242,10.791
2221,2225,66.3956,-10.0554,10.9451
2222,2226,66.5072,-10.0812,11.0898
2223,2227,66.605,-10.1019,11.2226
2224,2228,66.6905,-10.1176,11.3415
2225,2229,66.7651,-10.1282,11.4446
2226,2230,66.8307,-10.1339,11.5301
2227,2231,66.8894,-10.1348,11.5969
2228,2232,66.9434,-10.1311,11.6441
2229,2233,66.995,-10.1231,11.6712
2230,2234,67.0468,-10.1109,11.6781
2231,2235,67.1011,-10.0949,11.6653
2232,2236,67.1605,-10.0753,11.6332
2233,2237,67.227,-10.0524,11.583
2234,2238,67.3026,-10.0266,11.5158
2235,2239,67.3891,-9.99806,11.4329
2236,2240,67.4877,-9.96716,11.336
2237,2241,67.5991,-9.93412,11.2266
2238,2242,67.7237,-9.89915,11.1063
2239,2243,67.8612,-9.86235,10.9766
2240,2244,68.011,-9.8239,10.8392
2241,2245,68.1718,-9.78373,10.6957
2242,2246,68.342,-9.74174,10.5473
2243,2247,68.5195,-9.69796,10.3956
2244,2248,68.7019,-9.65196,10.2419
2245,2249,68.8866,-9.60372,10.0875
2246,2250,69.0708,-9.55272,9.93364
2247,2251,69.2516,-9.49874,9.78148
2248,2252,69.426,-9.44117,9.63208
2249,2253,69.5911,-9.37956,9.48653
2250,2254,69.7443,-9.3135,9.3457
2251,2255,69.8831,-9.24231,9.21048
2252,2256,70.0051,-9.16553,9.08169
2253,2257,70.1084,-9.08248,8.95994
2254,2258,70.1914,-8.99252,8.84581
2255,2259,70.2526,-8.89508,8.73973
2256,2260,70.291,-8.78953,8.64202
2257,2261,70.306,-8.67517,8.55291
2258,2262,70.297,-8.55138,8.47244
2259,2263,70.2638,-8.41755,8.40064
2260,2264,70.2064,-8.27316,8.33723
2261,2265,70.1251,-8.11756,8.28201
2262,2266,70.0202,-7.95022,8.23444
2263,2267,69.8921,-7.77085,8.19398
2264,2268,69.7412,-7.57907,8.15987
2265,2269,69.568,-7.37459,8.13113
2266,2270,69.373,-7.15714,8.10659
2267,2271,69.1567,-6.92682,8.08499
2268,2272,68.9193,-6.68362,8.06471
2269,2273,68.661,-6.42752,8.04411
2270,2274,68.3822,-6.15918,8.02136
2271,2275,68.083,-5.87877,7.99447
2272,2276,67.7634,-5.58687,7.96145
2273,2277,67.4235,-5.28417,7.92031
2274,2278,67.0634,-4.97166,7.86909
2275,2279,66.6833,-4.65005,7.80604
2276,2280,66.2832,-4.32045,7.72938
2277,2281,65.8637,-3.98404,7.6379
2278,2282,65.4251,-3.64198,7.53043
2279,2283,64.9682,-3.29564,7.40633
2280,2284,64.4938,-2.9462,7.26507
2281,2285,64.0031,-2.59525,7.10675
2282,2286,63.4973,-2.24419,6.93174
2283,2287,62.9781,-1.89424,6.74068
2284,2288,62.4471,-1.54688,6.53463
2285,2289,61.9063,-1.20335,6.31471
2286,2290,61.3577,-0.864962,6.08249
2287,2291,60.8034,-0.532903,5.83949
2288,2292,60.2455,-0.207968,5.58741
2289,2293,59.6862,0.108721,5.32792
2290,2294,59.1276,0.416521,5.06274
2291,2295,58.5718,0.714821,4.79343
2292,2296,58.0206,1.00306,4.52163
2293,2297,57.4757,1.28081,4.24872
2294,2298,56.9388,1.54789,3.97594
2295,2299,56.4112,1.80402,3.70458
2296,2300,55.894,2.04901,3.43565
2297,2301,55.3885,2.28266,3.17009
2298,2302,54.895,2.50515,2.90879
2299,2303,54.4145,2.71589,2.65254
2300,2304,53.9471,2.91515,2.40194
2301,2305,53.493,3.10258,2.15774
2302,2306,53.0523,3.27787,1.92049
2303,2307,52.6247,3.44088,1.69094
2304,2308,52.21,3.59119,1.46962
2305,2309,51.8075,3.72854,1.25752
2306,2310,51.4165,3.85266,1.05527
2307,2311,51.0364,3.96304,0.863822
2308,2312,50.6659,4.0595,0.684131
2309,2313,50.3039,4.14189,0.517036
2310,2314,49.949,4.20983,0.36352
2311,2315,49.5997,4.26344,0.224341
2312,2316,49.2541,4.30254,0.100188
2313,2317,48.9104,4.32729,-0.00853919
2314,2318,48.5661,4.33798,-0.101621
2315,2319,48.2191,4.33504,-0.179404
2316,2320,47.8667,4.31891,-0.242345
2317,2321,47.506,4.2903,-0.291358
2318,2322,47.1344,4.24999,-0.327961
2319,2323,46.7487,4.19894,-0.353803
2320,2324,46.3462,4.13813,-0.37119
2321,2325,45.9238,4.06865,-0.382671
2322,2326,45.4787,3.99163,-0.390971
2323,2327,45.008,3.90825,-0.399248
2324,2328,44.5095,3.81957,-0.410683
2325,2329,43.9807,3.72685,-0.428563
2326,2330,43.4198,3.63094,-0.456122
2327,2331,42.8253,3.53296,-0.496594
2328,2332,42.1959,3.43378,-0.552778
2329,2333,41.5311,3.33394,-0.627095
2330,2334,40.8306,3.23419,-0.721928
2331,2335,40.0948,3.13502,-0.838752
2332,2336,39.3247,3.03674,-0.97882
2333,2337,38.5215,2.93969,-1.14263
2334,2338,37.6873,2.84404,-1.33011
2335,2339,36.8243,2.74981,-1.5408
2336,2340,35.9357,2.65717,-1.7733
2337,2341,35.0247,2.56602,-2.02606
2338,2342,34.0951,2.4765,-2.29693
2339,2343,33.1508,2.38856,-2.58327
2340,2344,32.1963,2.3023,-2.88236
2341,2345,31.2362,2.21773,-3.19097
2342,2346,30.2749,2.13523,-3.50626
2343,2347,29.3173,2.05493,-3.82501
2344,2348,28.3679,1.97713,-4.14397
2345,2349,27.4313,1.90232,-4.46031
2346,2350,26.5116,1.83096,-4.77108
2347,2351,25.6132,1.76348,-5.07391
2348,2352,24.7397,1.70044,-5.36616
2349,2353,23.8944,1.64238,-5.6458
2350,2354,23.0801,1.58985,-5.91085
2351,2355,22.2993,1.54326,-6.15945
2352,2356,21.5539,1.50301,-6.39019
2353,2357,20.8451,1.46948,-6.6016
2354,2358,20.1736,1.44275,-6.79253
2355,2359,19.5396,1.423,-6.96198
2356,2360,18.9426,1.41016,-7.10927
2357,2361,18.3815,1.40389,-7.23363
2358,2362,17.8548,1.40387,-7.3348
2359,2363,17.3602,1.40958,-7.41278
2360,2364,16.8952,1.42033,-7.46755
2361,2365,16.4568,1.4353,-7.49962
2362,2366,16.0417,1.45362,-7.50985
2363,2367,15.6462,1.47431,-7.49927
2364,2368,15.2667,1.49626,-7.46922
2365,2369,14.8992,1.51856,-7.42152
2366,2370,14.5402,1.54005,-7.35807
2367,2371,14.1858,1.5598,-7.28113
2368,2372,13.8327,1.57693,-7.19332
2369,2373,13.4776,1.59071,-7.09713
2370,2374,13.1178,1.60042,-6.99533
2371,2375,12.7509,1.60567,-6.89068
2372,2376,12.375,1.60613,-6.7862
2373,2377,11.9887,1.6017,-6.68447
2374,2378,11.591,1.59245,-6.58839
2375,2379,11.1816,1.57862,-6.5003
2376,2380,10.7604,1.5606,-6.42292
2377,2381,10.328,1.53895,-6.35822
2378,2382,9.88514,1.51435,-6.30827
2379,2383,9.43307,1.48754,-6.27485
2380,2384,8.97333,1.4593,-6.25915
2381,2385,8.50749,1.43052,-6.2625
2382,2386,8.03752,1.402,-6.28569
2383,2387,7.56532,1.37457,-6.32913
2384,2388,7.09287,1.34898,-6.39275
2385,2389,6.62226,1.32583,-6.4764
2386,2390,6.1554,1.30569,-6.57894
2387,2391,5.69416,1.28901,-6.69942
2388,2392,5.2404,1.27604,-6.83591
2389,2393,4.79574,1.26695,-6.98632
2390,2394,4.36159,1.26176,-7.14799
2391,2395,3.93949,1.26037,-7.31785
2392,2396,3.53056,1.26252,-7.49282
2393,2397,3.1357,1.26791,-7.66918
2394,2398,2.75582,1.2761,-7.84305
2395,2399,2.3915,1.28661,-8.011
2396,2400,2.04316,1.29892,-8.16912
2397,2401,1.71111,1.31244,-8.31385
2398,2402,1.39532,1.3266,-8.44228
2399,2403,1.09567,1.34085,-8.55156
2400,2404,0.811877,1.35461,-8.63952
2401,2405,0.543366,1.36738,-8.7045
2402,2406,0.289514,1.37869,-8.74564
2403,2407,0.0495406,1.38818,-8.7626
2404,2408,-0.177408,1.39549,-8.75592
2405,2409,-0.392297,1.40043,-8.72662
2406,2410,-0.596116,1.40285,-8.67631
2407,2411,-0.78974,1.40276,-8.60721
2408,2412,-0.973977,1.40022,-8.52167
2409,2413,-1.14977,1.39541,-8.4226
2410,2414,-1.3177,1.38859,-8.31283
2411,2415,-1.47821,1.38009,-8.19575
2412,2416,-1.63164,1.37034,-8.07402
2413,2417,-1.77812,1.35978,-7.95052
2414,2418,-1.91749,1.34892,-7.82795
2415,2419,-2.04956,1.33826,-7.70809
2416,2420,-2.17386,1.32832,-7.59323
2417,2421,-2.28968,1.31961,-7.48446
2418,2422,-2.39648,1.31258,-7.38288
2419,2423,-2.49346,1.30766,-7.28924
2420,2424,-2.57972,1.30523,-7.20345
2421,2425,-2.65455,1.30558,-7.12575
2422,2426,-2.7172,1.30895,-7.05538
2423,2427,-2.76723,1.3155,-6.99223
2424,2428,-2.80408,1.32531,-6.93544
2425,2429,-2.82749,1.3384,-6.88416
2426,2430,-2.83754,1.35471,-6.83793
2427,2431,-2.83435,1.37413,-6.79585
2428,2432,-2.81849,1.39646,-6.75721
2429,2433,-2.79051,1.42148,-6.72182
2430,2434,-2.75127,1.44891,-6.68912
2431,2435,-2.70177,1.47842,-6.65884
2432,2436,-2.64303,1.50964,-6.63095
2433,2437,-2.57629,1.54216,-6.60568
2434,2438,-2.50261,1.57553,-6.58297
2435,2439,-2.42301,1.60925,-6.56294
2436,2440,-2.33842,1.64279,-6.54598
2437,2441,-2.24944,1.67562,-6.53213
2438,2442,-2.15638,1.70712,-6.52143
2439,2443,-2.05919,1.73667,-6.5138
2440,2444,-1.95736,1.76366,-6.50851
2441,2445,-1.84987,1.78747,-6.50505
2442,2446,-1.73515,1.80752,-6.50205
2443,2447,-1.61105,1.82327,-6.49764
2444,2448,-1.47481,1.83425,-6.48982
2445,2449,-1.32332,1.84009,-6.4757
2446,2450,-1.15261,1.84056,-6.45192
2447,2451,-0.958588,1.83558,-6.41468
2448,2452,-0.736603,1.82529,-6.35972
2449,2453,-0.481636,1.80997,-6.28207
2450,2454,-0.188802,1.79021,-6.17721
2451,2455,0.146889,1.76675,-6.04008
2452,2456,0.530094,1.74062,-5.86635
2453,2457,0.965122,1.71302,-5.65178
2454,2458,1.45561,1.68537,-5.39354
2455,2459,2.00426,1.65922,-5.08913
2456,2460,2.61278,1.63622,-4.73852
2457,2461,3.28172,1.61805,-4.34214
2458,2462,4.01043,1.6064,-3.90291
2459,2463,4.79704,1.60282,-3.42493
2460,2464,5.63851,1.6087,-2.91366
2461,2465,6.53077,1.62519,-2.37602
2462,2466,7.46891,1.65315,-1.81942
2463,2467,8.44776,1.69305,-1.25177
2464,2468,9.4618,1.74498,-0.68055
2465,2469,10.5055,1.80861,-0.11306
2466,2470,11.5735,1.88313,0.444774
2467,2471,12.6611,1.96732,0.987946
2468,2472,13.7639,2.0595,1.51306
2469,2473,14.878,2.15757,2.01758
2470,2474,16.0,2.25918,2.50058
2471,2475,17.1266,2.36167,2.96211
2472,2476,18.2551,2.46228,3.40286
2473,2477,19.3827,2.55823,3.82432
2474,2478,20.507,2.64689,4.22847
2475,2479,21.6252,2.72588,4.61712
2476,2480,22.7349,2.79316,4.99223
2477,2481,23.8333,2.8472,5.35503
2478,2482,24.9177,2.88701,5.70689
2479,2483,25.9854,2.91215,6.04826
2480,2484,27.0338,2.9228,6.37923
2481,2485,28.0602,2.91983,6.69904
2482,2486,29.0621,2.90444,7.00716
2483,2487,30.0372,2.87843,7.30219
2484,2488,30.9832,2.84407,7.58268
2485,2489,31.8983,2.80378,7.84699
2486,2490,32.7807,2.7602,8.09384
2487,2491,33.629,2.71608,8.32148
2488,2492,34.442,2.67402,8.52892
2489,2493,35.2185,2.63661,8.71507
2490,2494,35.9581,2.60595,8.87931
2491,2495,36.6603,2.58405,9.02148
2492,2496,37.3247,2.57239,9.14148
2493,2497,37.9516,2.57187,9.24025
2494,2498,38.5413,2.58321,9.31824
2495,2499,39.0944,2.60645,9.377
2496,2500,39.6116,2.64111,9.41836
2497,2501,40.0939,2.68654,9.44395
2498,2502,40.5427,2.74167,9.45606
2499,2503,40.9592,2.80496,9.45722
2500,2504,41.3452,2.875,9.4501
2501,2505,41.7022,2.95007,9.43736
2502,2506,42.0322,3.02841,9.42167
2503,2507,42.3369,3.10836,9.40546
2504,2508,42.6185,3.18832,9.39125
2505,2509,42.8789,3.2669,9.38098
2506,2510,43.1199,3.34262,9.37624
2507,2511,43.3435,3.41446,9.37846
2508,2512,43.5513,3.48144,9.38826
2509,2513,43.745,3.5428,9.40586
2510,2514,43.926,3.59791,9.43108
2511,2515,44.0955,3.64624,9.46323
2512,2516,44.2546,3.68753,9.50109
2513,2517,44.4043,3.7215,9.54331
2514,2518,44.5453,3.74805,9.58843
2515,2519,44.6783,3.76708,9.6346
2516,2520,44.8039,3.77862,9.6803
2517,2521,44.9229,3.78271,9.72383
2518,2522,45.0355,3.77952,9.7639
2519,2523,45.1424,3.76911,9.79955
2520,2524,45.2442,3.75165,9.82974
2521,2525,45.3415,3.72748,9.8541
2522,2526,45.4349,3.69655,9.87237
2523,2527,45.525,3.65942,9.88438
2524,2528,45.6124,3.61638,9.8903
2525,2529,45.6977,3.56762,9.89073
2526,2530,45.7815,3.51368,9.88586
2527,2531,45.8644,3.45494,9.87652
2528,2532,45.9467,3.39204,9.86324
2529,2533,46.0291,3.32534,9.84681
2530,2534,46.112,3.25555,9.82774
2531,2535,46.1957,3.18312,9.80702
2532,2536,46.2806,3.1088,9.78509
2533,2537,46.367,3.03307,9.76271
2534,2538,46.4552,2.95661,9.74028
2535,2539,46.5453,2.88008,9.71808
2536,2540,46.6378,2.80377,9.69664
2537,2541,46.7326,2.72835,9.67594
2538,2542,46.8299,2.65429,9.65605
2539,2543,46.9299,2.58194,9.6369
2540,2544,47.0325,2.51161,9.61849
2541,2545,47.1378,2.44364,9.60047
2542,2546,47.2459,2.37805,9.58255
2543,2547,47.3566,2.31505,9.56435
2544,2548,47.4697,2.25477,9.54544
2545,2549,47.5853,2.19705,9.52546
2546,2550,47.7032,2.14179,9.50404
2547,2551,47.8231,2.08888,9.48091
2548,2552,47.9449,2.03824,9.45563
2549,2553,48.0684,1.9896,9.42795
2550,2554,48.1935,1.94266,9.39779
2551,2555,48.3199,1.89729,9.36491
2552,2556,48.4474,1.85317,9.3293
2553,2557,48.576,1.81009,9.29103
2554,2558,48.7055,1.76793,9.24993
2555,2559,48.8357,1.72635,9.20623
2556,2560,48.9666,1.68525,9.16004
2557,2561,49.098,1.64444,9.11133
2558,2562,49.2299,1.60392,9.06043
2559,2563,49.3623,1.56347,9.00734
2560,2564,49.4951,1.52305,8.95212
2561,2565,49.6283,1.48247,8.89519
2562,2566,49.7619,1.44191,8.8362
2563,2567,49.8959,1.40118,8.77561
2564,2568,50.0303,1.36031,8.71319
2565,2569,50.1651,1.31922,8.64921
2566,2570,50.3003,1.27786,8.58364
2567,2571,50.436,1.23641,8.51634
2568,2572,50.5721,1.1946,8.44756
