,X,Y,Z
4,5.76865,4.23658,-2.3891
5,5.76902,4.23826,-2.38952
6,5.76892,4.23989,-2.3904
7,5.76862,4.24141,-2.39143
8,5.76799,4.24284,-2.3928
9,5.76716,4.24419,-2.39431
10,5.76599,4.24546,-2.39608
11,5.76456,4.24663,-2.39805
12,5.76284,4.24771,-2.40026
13,5.76078,4.24874,-2.40274
14,5.75851,4.24967,-2.40535
15,5.75592,4.25056,-2.40815
16,5.75312,4.25134,-2.41106
17,5.75005,4.25209,-2.41409
18,5.74664,4.25281,-2.41724
19,5.74308,4.25346,-2.42051
20,5.73928,4.25408,-2.42385
21,5.7352,4.25468,-2.42714
22,5.73093,4.25528,-2.43062
23,5.72648,4.25585,-2.4338
24,5.72183,4.25644,-2.43717
25,5.71704,4.25703,-2.44021
26,5.71203,4.25765,-2.44316
27,5.70685,4.25831,-2.44572
28,5.70165,4.25897,-2.44807
29,5.69615,4.25971,-2.44998
30,5.69063,4.26046,-2.45152
31,5.68495,4.26129,-2.45234
32,5.67908,4.26214,-2.4527
33,5.67312,4.26303,-2.45249
34,5.6669,4.264,-2.45166
35,5.66053,4.26499,-2.45014
36,5.6538,4.26603,-2.44809
37,5.64682,4.2671,-2.44566
38,5.63943,4.26822,-2.44276
39,5.63173,4.26935,-2.43951
40,5.62345,4.27052,-2.43592
41,5.61475,4.27171,-2.43258
42,5.6054,4.27292,-2.42929
43,5.59553,4.27416,-2.42621
44,5.58502,4.27542,-2.42371
45,5.57382,4.27671,-2.42185
46,5.56201,4.27801,-2.4207
47,5.54963,4.27933,-2.42033
48,5.53663,4.28067,-2.42114
49,5.52308,4.28203,-2.42293
50,5.5091,4.28338,-2.42566
51,5.49494,4.28471,-2.42928
52,5.48043,4.28603,-2.434
53,5.46587,4.28731,-2.43918
54,5.45137,4.28852,-2.44526
55,5.43721,4.28964,-2.45167
56,5.42339,4.29067,-2.45841
57,5.41022,4.29153,-2.46504
58,5.39783,4.29224,-2.47166
59,5.38648,4.29273,-2.47795
60,5.37616,4.29305,-2.48375
61,5.36722,4.29313,-2.48878
62,5.35974,4.29299,-2.49289
63,5.35395,4.29258,-2.49609
64,5.34983,4.29191,-2.49817
65,5.34754,4.291,-2.499
66,5.34725,4.2898,-2.49868
67,5.34886,4.28838,-2.49693
68,5.35252,4.28671,-2.49398
69,5.35829,4.28477,-2.48964
70,5.36601,4.28264,-2.48418
71,5.37583,4.28026,-2.47734
72,5.38756,4.27771,-2.46948
73,5.40122,4.27496,-2.4605
74,5.41661,4.27208,-2.45045
75,5.43369,4.26903,-2.43974
76,5.45236,4.26584,-2.42796
77,5.47234,4.26254,-2.41547
78,5.49365,4.25913,-2.40228
79,5.516,4.25562,-2.38816
80,5.53923,4.25204,-2.37342
81,5.5632,4.24834,-2.35776
82,5.5878,4.24455,-2.34116
83,5.61273,4.2407,-2.32376
84,5.63791,4.23673,-2.30515
85,5.66313,4.23269,-2.28567
86,5.68842,4.22853,-2.26473
87,5.71344,4.22431,-2.24283
88,5.7382,4.21995,-2.21954
89,5.76249,4.21553,-2.19527
90,5.78625,4.21102,-2.16961
91,5.80944,4.20645,-2.143
92,5.83189,4.20185,-2.11533
93,5.85367,4.1972,-2.08664
94,5.87463,4.19257,-2.05731
95,5.89472,4.18799,-2.02721
96,5.91388,4.18352,-1.99672
97,5.93214,4.17922,-1.96612
98,5.94951,4.17511,-1.93527
99,5.96596,4.17128,-1.90433
100,5.98149,4.16776,-1.87342
101,5.99605,4.16465,-1.84262
102,6.00979,4.16196,-1.81197
103,6.0228,4.15974,-1.78117
104,6.03508,4.15803,-1.75023
105,6.04669,4.15686,-1.71892
106,6.05775,4.15624,-1.68699
107,6.06839,4.15616,-1.65407
108,6.07866,4.1566,-1.61994
109,6.08868,4.15752,-1.58417
110,6.09848,4.15893,-1.54658
111,6.10825,4.16069,-1.50674
112,6.11798,4.16278,-1.46446
113,6.12775,4.1651,-1.4197
114,6.13752,4.16758,-1.37231
115,6.14741,4.17009,-1.32211
116,6.15725,4.17257,-1.26931
117,6.16703,4.17488,-1.21369
118,6.17669,4.17698,-1.15589
119,6.18603,4.17873,-1.09604
120,6.19498,4.18006,-1.03427
121,6.20329,4.1809,-0.971289
122,6.21095,4.18113,-0.907247
123,6.21758,4.18074,-0.84262
124,6.22307,4.17969,-0.778061
125,6.2271,4.17794,-0.713835
126,6.22964,4.17544,-0.650113
127,6.23041,4.17223,-0.587849
128,6.22919,4.16833,-0.526753
129,6.22584,4.16376,-0.467671
130,6.22031,4.15856,-0.410468
131,6.21246,4.15278,-0.355292
132,6.20227,4.14651,-0.30242
133,6.18958,4.13984,-0.251922
134,6.17468,4.13277,-0.203656
135,6.15746,4.12545,-0.157469
136,6.13804,4.11794,-0.113421
137,6.11667,4.11031,-0.0714458
138,6.09348,4.10264,-0.0311036
139,6.06885,4.09497,0.00773266
140,6.04287,4.08737,0.0451982
141,6.01584,4.07992,0.0814392
142,5.98814,4.07261,0.11679
143,5.96011,4.06552,0.151586
144,5.93206,4.05864,0.186163
145,5.90418,4.05203,0.220392
146,5.87693,4.04567,0.254887
147,5.85059,4.03961,0.289849
148,5.82547,4.03378,0.325158
149,5.80178,4.02826,0.36143
150,5.77982,4.02301,0.398573
151,5.75976,4.01803,0.436712
152,5.74183,4.01332,0.47633
153,5.72617,4.00886,0.516933
154,5.71304,4.00463,0.559095
155,5.70242,4.00064,0.602514
156,5.69447,3.99686,0.647312
157,5.68928,3.99328,0.693677
158,5.6869,3.98988,0.741256
159,5.68721,3.98667,0.789877
160,5.69035,3.9836,0.839707
161,5.69625,3.98069,0.890427
162,5.70498,3.97785,0.942139
163,5.7165,3.97512,0.99434
164,5.73062,3.97249,1.04727
165,5.74744,3.96989,1.10035
166,5.7668,3.96735,1.15362
167,5.78867,3.96484,1.20681
168,5.81294,3.96236,1.25965
169,5.83943,3.95989,1.3121
170,5.8681,3.95743,1.36353
171,5.8987,3.95499,1.41419
172,5.93121,3.95255,1.46324
173,5.96532,3.95015,1.51095
174,6.00082,3.94777,1.55661
175,6.03766,3.94542,1.60031
176,6.07541,3.94318,1.64157
177,6.11386,3.94101,1.68019
178,6.15283,3.93897,1.71591
179,6.19194,3.93708,1.74865
180,6.231,3.93537,1.77801
181,6.26956,3.9339,1.80406
182,6.30747,3.93261,1.8266
183,6.34435,3.9316,1.84526
184,6.37983,3.93088,1.86041
185,6.41378,3.93042,1.87194
186,6.44579,3.93026,1.87991
187,6.47559,3.93038,1.88419
188,6.50311,3.93075,1.88529
189,6.5279,3.93136,1.88326
190,6.54985,3.93219,1.87834
191,6.56878,3.93317,1.87106
192,6.58469,3.93425,1.86138
193,6.59739,3.93541,1.84994
194,6.60684,3.93658,1.83691
195,6.61309,3.93769,1.82281
196,6.61601,3.93872,1.8078
197,6.61581,3.93959,1.79231
198,6.6125,3.9403,1.77648
199,6.60619,3.94075,1.76037
200,6.59716,3.94092,1.74425
201,6.58525,3.94084,1.72771
202,6.57092,3.94044,1.71096
203,6.55423,3.93974,1.69369
204,6.53524,3.93875,1.67578
205,6.51419,3.9375,1.65696
206,6.49121,3.93599,1.63649
207,6.46638,3.9343,1.61451
208,6.43985,3.93246,1.59076
209,6.41185,3.93048,1.56498
210,6.3823,3.9285,1.53686
211,6.35136,3.92653,1.5067
212,6.31928,3.92461,1.47446
213,6.28598,3.92285,1.44062
214,6.25171,3.92128,1.40533
215,6.21665,3.91993,1.36921
216,6.18084,3.9189,1.3326
217,6.14448,3.91819,1.29627
218,6.10772,3.91784,1.26055
219,6.07071,3.91787,1.22649
220,6.03367,3.91827,1.19425
221,5.99663,3.91907,1.1643
222,5.95986,3.92021,1.13722
223,5.92333,3.92171,1.11315
224,5.88708,3.92347,1.09217
225,5.8512,3.92549,1.07424
226,5.81566,3.92767,1.05908
227,5.78037,3.92998,1.04652
228,5.74521,3.93232,1.036
229,5.71005,3.93464,1.02658
230,5.67472,3.93687,1.0179
231,5.63909,3.93893,1.00912
232,5.60296,3.94077,0.99944
233,5.56613,3.94237,0.988198
234,5.52877,3.94363,0.974995
235,5.4906,3.9446,0.959079
236,5.4517,3.94523,0.94023
237,5.41215,3.94555,0.917794
238,5.3722,3.94556,0.89212
239,5.33196,3.94534,0.862838
240,5.29195,3.94491,0.830304
241,5.25239,3.94435,0.79434
242,5.21374,3.94375,0.755449
243,5.17638,3.94319,0.713501
244,5.14078,3.94274,0.669261
245,5.10741,3.94247,0.622738
246,5.07648,3.94246,0.574347
247,5.04827,3.94281,0.524274
248,5.02308,3.94353,0.472864
249,5.00083,3.94468,0.420379
250,4.98176,3.94626,0.367093
251,4.96564,3.94831,0.313629
252,4.95242,3.95083,0.259916
253,4.9419,3.95384,0.206458
254,4.93399,3.95728,0.153771
255,4.92846,3.96112,0.102227
256,4.92505,3.96537,0.0521434
257,4.92351,3.96998,0.00390876
258,4.92388,3.97487,-0.0419777
259,4.92581,3.98004,-0.0853409
260,4.92923,3.98543,-0.125726
261,4.93409,3.99097,-0.163073
262,4.94014,3.99665,-0.197136
263,4.94741,4.00241,-0.227862
264,4.95589,4.00822,-0.255165
265,4.96551,4.01403,-0.278997
266,4.97626,4.01984,-0.299572
267,4.98814,4.02561,-0.31675
268,5.00127,4.03129,-0.331062
269,5.0155,4.03689,-0.342437
270,5.03098,4.04237,-0.350959
271,5.04767,4.04769,-0.357241
272,5.06555,4.05286,-0.361416
273,5.08474,4.05782,-0.363656
274,5.10506,4.06253,-0.364185
275,5.12655,4.067,-0.363706
276,5.14916,4.07119,-0.36216
277,5.1728,4.07506,-0.359794
278,5.19734,4.0786,-0.357217
279,5.22282,4.08176,-0.354316
280,5.24913,4.08449,-0.351268
281,5.27605,4.08684,-0.348384
282,5.30359,4.08872,-0.345854
283,5.33171,4.09009,-0.343266
284,5.36026,4.09099,-0.341058
285,5.38917,4.09137,-0.338681
286,5.4185,4.0912,-0.336335
287,5.44806,4.09053,-0.333612
288,5.478,4.08931,-0.330193
289,5.50811,4.08757,-0.325908
290,5.53841,4.08539,-0.320329
291,5.56902,4.08275,-0.313086
292,5.59981,4.07969,-0.303812
293,5.63088,4.07629,-0.29199
294,5.66213,4.07261,-0.277492
295,5.69376,4.06867,-0.259589
296,5.72569,4.06458,-0.238201
297,5.75795,4.06036,-0.212865
298,5.79053,4.05612,-0.183498
299,5.82366,4.05187,-0.149619
300,5.85732,4.04764,-0.111155
301,5.89149,4.0435,-0.0682636
302,5.92635,4.03944,-0.0203333
303,5.962,4.03546,0.0320095
304,5.9984,4.03161,0.0888861
305,6.03566,4.02789,0.150128
306,6.07398,4.02424,0.215388
307,6.11339,4.02068,0.284536
308,6.1539,4.01722,0.356989
309,6.19567,4.01386,0.432009
310,6.23877,4.01059,0.509517
311,6.28322,4.00742,0.588554
312,6.32922,4.00438,0.668605
313,6.37666,4.00149,0.748852
314,6.42573,3.99881,0.828605
315,6.47661,3.99631,0.907348
316,6.52918,3.9941,0.983989
317,6.58375,3.99219,1.05825
318,6.64029,3.99062,1.12946
319,6.699,3.98945,1.19689
320,6.76005,3.98868,1.26027
321,6.82355,3.98841,1.31934
322,6.8898,3.98857,1.37381
323,6.959,3.98921,1.4235
324,7.03133,3.99033,1.4685
325,7.10712,3.99186,1.50898
326,7.18668,3.99378,1.54518
327,7.27017,3.99607,1.57728
328,7.35778,3.99868,1.60584
329,7.44986,4.00154,1.631
330,7.54648,4.0046,1.65369
331,7.64791,4.0078,1.67416
332,7.75431,4.01107,1.69319
333,7.8656,4.01438,1.7111
334,7.98178,4.0177,1.72845
335,8.10304,4.02096,1.74607
336,8.22906,4.02418,1.76432
337,8.35979,4.02731,1.78373
338,8.49502,4.03034,1.8047
339,8.63447,4.03333,1.82758
340,8.77793,4.03621,1.85304
341,8.92504,4.03904,1.88111
342,9.07536,4.04184,1.9122
343,9.22855,4.04466,1.94623
344,9.38418,4.04752,1.98365
345,9.54173,4.05048,2.02421
346,9.70085,4.05356,2.06798
347,9.86119,4.05679,2.11493
348,10.0221,4.06024,2.16472
349,10.1834,4.06399,2.21724
350,10.3447,4.06807,2.27196
351,10.5056,4.07248,2.32872
352,10.6658,4.07734,2.38682
353,10.8253,4.0826,2.44607
354,10.9838,4.08834,2.50564
355,11.1412,4.09457,2.56495
356,11.2976,4.1013,2.62374
357,11.4528,4.1085,2.68118
358,11.6072,4.1162,2.73666
359,11.7605,4.12443,2.78965
360,11.9133,4.1331,2.83972
361,12.0655,4.14226,2.88633
362,12.2176,4.15187,2.92918
363,12.3697,4.1619,2.96792
364,12.5222,4.17231,3.00245
365,12.6754,4.18306,3.03254
366,12.8296,4.1941,3.05832
367,12.9852,4.20543,3.08013
368,13.1425,4.21692,3.09802
369,13.3019,4.22859,3.11263
370,13.4636,4.24035,3.12438
371,13.628,4.25217,3.13394
372,13.7954,4.26399,3.14221
373,13.9658,4.27579,3.15016
374,14.1395,4.28752,3.15829
375,14.3166,4.29918,3.16761
376,14.4971,4.31076,3.17904
377,14.681,4.3223,3.19329
378,14.8681,4.33384,3.2111
379,15.0583,4.34546,3.2327
380,15.2514,4.35718,3.25878
381,15.4469,4.36913,3.28959
382,15.6444,4.38139,3.32501
383,15.8435,4.39405,3.36496
384,16.0437,4.40712,3.40924
385,16.2442,4.42081,3.45723
386,16.4446,4.43511,3.50856
387,16.6441,4.45006,3.56238
388,16.8421,4.46567,3.61822
389,17.0379,4.48192,3.6754
390,17.2308,4.49878,3.73298
391,17.4202,4.51609,3.79056
392,17.6054,4.53383,3.84754
393,17.7861,4.55172,3.90355
394,17.9615,4.56968,3.95821
395,18.1312,4.58742,4.01117
396,18.295,4.60465,4.06258
397,18.4524,4.62112,4.11254
398,18.6032,4.63657,4.1609
399,18.7473,4.6507,4.20836
400,18.8846,4.66323,4.2549
401,19.0149,4.67393,4.30088
402,19.1382,4.68254,4.34672
403,19.2546,4.68893,4.39286
404,19.3642,4.69289,4.43969
405,19.4671,4.69437,4.48713
406,19.5636,4.69322,4.53567
407,19.6538,4.6895,4.58547
408,19.7379,4.6832,4.63669
409,19.8163,4.67447,4.68889
410,19.8891,4.66344,4.7425
411,19.9569,4.65019,4.79707
412,20.0199,4.63495,4.85281
413,20.0784,4.618,4.90919
414,20.1331,4.59947,4.96614
415,20.1842,4.57971,5.02356
416,20.2322,4.55893,5.08143
417,20.2775,4.53745,5.13928
418,20.3207,4.5155,5.19724
419,20.3623,4.49341,5.2552
420,20.4026,4.47138,5.31307
421,20.4423,4.44971,5.37082
422,20.4816,4.42867,5.42823
423,20.5213,4.40838,5.48559
424,20.5615,4.38913,5.54247
425,20.6028,4.37105,5.59909
426,20.6455,4.35432,5.65506
427,20.6901,4.339,5.71062
428,20.7369,4.32512,5.76553
429,20.7862,4.31282,5.8196
430,20.8383,4.30207,5.87313
431,20.8936,4.29278,5.92564
432,20.9523,4.28502,5.9774
433,21.0145,4.2786,6.02853
434,21.0807,4.27337,6.07904
435,21.151,4.26925,6.12947
436,21.2256,4.26609,6.17981
437,21.3047,4.26366,6.23042
438,21.3885,4.26182,6.2818
439,21.4772,4.26037,6.33418
440,21.571,4.25913,6.38821
441,21.6699,4.25791,6.44446
442,21.7742,4.25654,6.50289
443,21.8839,4.25482,6.5641
444,21.9992,4.25265,6.62836
445,22.1202,4.24984,6.69591
446,22.2469,4.2463,6.76688
447,22.3795,4.24192,6.84142
448,22.518,4.23654,6.91936
449,22.6626,4.23018,7.00084
450,22.8134,4.22266,7.08572
451,22.9705,4.21394,7.17363
452,23.1341,4.204,7.26463
453,23.3043,4.19277,7.35846
454,23.4812,4.18025,7.45475
455,23.6653,4.16635,7.55367
456,23.8566,4.15113,7.65484
457,24.0553,4.13453,7.75829
458,24.2618,4.11657,7.86392
459,24.4763,4.09731,7.9714
460,24.6988,4.07682,8.08089
461,24.9297,4.05509,8.19242
462,25.1691,4.03229,8.30576
463,25.4169,4.00849,8.42099
464,25.6735,3.98374,8.53797
465,25.9385,3.95831,8.65639
466,26.2123,3.93223,8.77656
467,26.4948,3.90561,8.89797
468,26.7857,3.87877,9.02046
469,27.085,3.85173,9.14397
470,27.3927,3.82469,9.26799
471,27.7085,3.7978,9.39268
472,28.0324,3.77125,9.51719
473,28.3641,3.74519,9.64173
474,28.7037,3.71959,9.76569
475,29.051,3.69473,9.8889
476,29.4059,3.67067,10.0111
477,29.7684,3.64741,10.1322
478,30.1384,3.62505,10.2514
479,30.5159,3.60366,10.369
480,30.9007,3.58327,10.4843
481,31.293,3.56376,10.5973
482,31.6926,3.54522,10.7077
483,32.0996,3.5275,10.8154
484,32.5139,3.51057,10.9201
485,32.9355,3.49432,11.0217
486,33.3644,3.47846,11.1204
487,33.8007,3.46295,11.2161
488,34.2442,3.44748,11.3092
489,34.6951,3.43186,11.3998
490,35.1535,3.41573,11.4885
491,35.6194,3.39889,11.5759
492,36.0928,3.38098,11.6624
493,36.5738,3.36174,11.7488
494,37.0625,3.34083,11.8357
495,37.5588,3.31798,11.9242
496,38.0628,3.29288,12.0145
497,38.5745,3.26529,12.1077
498,39.0938,3.23493,12.204
499,39.6206,3.20169,12.3042
500,40.1548,3.16542,12.4084
501,40.696,3.12594,12.5169
502,41.2442,3.08327,12.6298
503,41.7988,3.03737,12.7472
504,42.3597,2.98817,12.8686
505,42.9262,2.93587,12.9938
506,43.498,2.88037,13.1226
507,44.0746,2.82201,13.2542
508,44.6555,2.76074,13.3885
509,45.2402,2.69666,13.525
510,45.8282,2.62989,13.6628
511,46.4189,2.56075,13.8018
512,47.012,2.48904,13.9414
513,47.6069,2.41504,14.0815
514,48.2033,2.33873,14.2214
515,48.8006,2.2602,14.3612
516,49.3985,2.17943,14.5004
517,49.9968,2.09643,14.6391
518,50.595,2.01125,14.7772
519,51.193,1.92378,14.9143
520,51.7904,1.83408,15.0507
521,52.3872,1.74199,15.1862
522,52.9831,1.64762,15.321
523,53.5779,1.55099,15.4548
524,54.1715,1.45202,15.5877
525,54.764,1.35074,15.7197
526,55.3549,1.24749,15.8507
527,55.9444,1.14209,15.9809
528,56.5322,1.03495,16.1098
529,57.1183,0.926168,16.2379
530,57.7027,0.815925,16.3649
531,58.2851,0.704512,16.4909
532,58.8655,0.59222,16.6158
533,59.4436,0.479372,16.7399
534,60.0193,0.366164,16.8631
535,60.5924,0.252968,16.9854
536,61.1625,0.140129,17.1069
537,61.7296,0.0277686,17.2277
538,62.2933,-0.0838212,17.3478
539,62.8532,-0.194282,17.467
540,63.409,-0.303504,17.5855
541,63.9604,-0.411344,17.7029
542,64.507,-0.517485,17.8193
543,65.0482,-0.621795,17.9346
544,65.5839,-0.724324,18.0483
545,66.1134,-0.824714,18.1606
546,66.6363,-0.922891,18.2709
547,67.1521,-1.01883,18.3793
548,67.6602,-1.11221,18.4852
549,68.1603,-1.20306,18.5884
550,68.6519,-1.29127,18.689
551,69.1343,-1.37658,18.7864
552,69.6071,-1.45881,18.8805
553,70.0698,-1.53785,18.9712
554,70.522,-1.61364,19.0583
555,70.9631,-1.68595,19.1416
556,71.3928,-1.75467,19.2211
557,71.8108,-1.81976,19.2966
558,72.2164,-1.88098,19.3682
559,72.6096,-1.93832,19.4359
560,72.9899,-1.99175,19.4995
561,73.357,-2.04129,19.5593
562,73.7108,-2.08694,19.6151
563,74.0509,-2.12861,19.6674
564,74.3773,-2.16644,19.7163
565,74.6896,-2.20039,19.7619
566,74.9879,-2.23068,19.8047
567,75.2721,-2.25741,19.8448
568,75.542,-2.28063,19.8826
569,75.7976,-2.30048,19.9184
570,76.0388,-2.31722,19.9524
571,76.2657,-2.33101,19.985
572,76.4783,-2.342,20.0164
573,76.6764,-2.35035,20.0466
574,76.8604,-2.35643,20.0759
575,77.03,-2.36036,20.1046
576,77.1855,-2.36234,20.1322
577,77.3268,-2.36281,20.159
578,77.454,-2.36191,20.1849
579,77.5673,-2.3599,20.2098
580,77.6666,-2.35714,20.2334
581,77.7521,-2.35396,20.2555
582,77.8239,-2.35054,20.2761
583,77.8821,-2.34737,20.2948
584,77.9268,-2.34466,20.3115
585,77.9581,-2.34269,20.326
586,77.976,-2.34188,20.3383
587,77.9808,-2.34247,20.3482
588,77.9724,-2.3447,20.3556
589,77.9509,-2.34881,20.3606
590,77.9163,-2.35502,20.3632
591,77.8686,-2.3635,20.3637
592,77.8079,-2.3744,20.3619
593,77.7339,-2.38749,20.3581
594,77.6466,-2.40293,20.3524
595,77.5458,-2.42052,20.3451
596,77.4311,-2.43993,20.3365
597,77.3023,-2.46093,20.3265
598,77.159,-2.48292,20.3154
599,77.0006,-2.50549,20.3036
600,76.8268,-2.52801,20.291
601,76.6368,-2.54978,20.2779
602,76.4301,-2.56997,20.2645
603,76.2058,-2.58775,20.251
604,75.9635,-2.60228,20.2377
605,75.7022,-2.61271,20.2248
606,75.4213,-2.61812,20.2122
607,75.12,-2.61744,20.2006
608,74.7977,-2.61002,20.1899
609,74.4537,-2.59492,20.1808
610,74.0874,-2.57128,20.1732
611,73.6983,-2.53841,20.1677
612,73.2858,-2.49562,20.1645
613,72.8499,-2.44252,20.1641
614,72.39,-2.37831,20.1664
615,71.9064,-2.30295,20.1721
616,71.3988,-2.21606,20.181
617,70.8673,-2.11744,20.1935
618,70.3124,-2.00744,20.2096
619,69.7343,-1.88581,20.2296
620,69.1336,-1.75326,20.2533
621,68.5108,-1.60999,20.2806
622,67.8665,-1.45678,20.3112
623,67.2015,-1.2942,20.3452
624,66.5166,-1.1232,20.382
625,65.8124,-0.944533,20.4211
626,65.0898,-0.759305,20.4619
627,64.3496,-0.568709,20.5039
628,63.5925,-0.373734,20.5461
629,62.8192,-0.17557,20.5877
630,62.0303,0.0244454,20.6278
631,61.2263,0.225235,20.6656
632,60.4078,0.425571,20.7001
633,59.5751,0.624214,20.7298
634,58.7285,0.820156,20.7541
635,57.8681,1.01219,20.7716
636,56.9942,1.19941,20.7813
637,56.1065,1.38078,20.7821
638,55.2052,1.55556,20.7729
639,54.2901,1.7228,20.7526
640,53.3609,1.88214,20.72
641,52.4174,2.03294,20.6746
642,51.4594,2.17483,20.6151
643,50.4866,2.3076,20.5408
644,49.4986,2.43124,20.4508
645,48.4953,2.54571,20.3443
646,47.4762,2.65133,20.2207
647,46.4412,2.7485,20.079
648,45.3902,2.83768,19.9186
649,44.323,2.91951,19.7383
650,43.2397,2.99472,19.5374
651,42.1401,3.06421,19.3148
652,41.0245,3.12895,19.0693
653,39.893,3.18966,18.7998
654,38.7458,3.2474,18.5052
655,37.5835,3.30299,18.184
656,36.4066,3.35722,17.8352
657,35.2155,3.41099,17.4578
658,34.0111,3.46482,17.0508
659,32.7944,3.51917,16.6135
660,31.5663,3.57452,16.1456
661,30.3281,3.6311,15.6471
662,29.0814,3.68887,15.1186
663,27.8276,3.74798,14.5605
664,26.5689,3.80809,13.975
665,25.3074,3.86904,13.3637
666,24.0454,3.9305,12.7293
667,22.7856,3.99212,12.0749
668,21.5312,4.05345,11.4043
669,20.2851,4.11412,10.7213
670,19.0509,4.17371,10.0302
671,17.8324,4.23191,9.33538
672,16.6332,4.28845,8.64147
673,15.4575,4.34303,7.95242
674,14.3092,4.3955,7.27272
675,13.1925,4.44582,6.60582
676,12.1113,4.49386,5.95491
677,11.0694,4.53968,5.32301
678,10.0705,4.58326,4.7123
679,9.11788,4.6247,4.1246
680,8.21467,4.66396,3.56109
681,7.36322,4.70113,3.02288
682,6.56565,4.73616,2.51052
683,5.82365,4.76902,2.02393
684,5.13819,4.79962,1.56384
685,4.50972,4.8279,1.12975
686,3.93836,4.85368,0.722118
687,3.42372,4.87682,0.341027
688,2.96465,4.89717,-0.0129554
689,2.55998,4.91456,-0.339606
690,2.2077,4.92888,-0.638316
691,1.90583,4.94003,-0.908095
692,1.65184,4.94793,-1.1484
693,1.44314,4.95255,-1.35845
694,1.27661,4.95395,-1.53734
695,1.14939,4.95218,-1.68473
696,1.05802,4.94741,-1.80018
697,0.99922,4.93982,-1.88387
698,0.969645,4.92964,-1.93609
699,0.965789,4.91716,-1.95782
700,0.984379,4.90269,-1.94996
701,1.02199,4.88661,-1.91439
702,1.07536,4.86929,-1.85333
703,1.14126,4.85113,-1.76955
704,1.21655,4.83257,-1.66615
705,1.29841,4.814,-1.54639
706,1.38395,4.79584,-1.41438
707,1.47059,4.77848,-1.27382
708,1.55599,4.76229,-1.1293
709,1.63791,4.74758,-0.984739
710,1.71434,4.73465,-0.844361
711,1.78382,4.72375,-0.712052
712,1.84483,4.71502,-0.591493
713,1.89644,4.70862,-0.48598
714,1.93785,4.70458,-0.398412
715,1.96863,4.70295,-0.331031
716,1.98889,4.70368,-0.285354
717,1.99882,4.70668,-0.262661
718,1.99912,4.71181,-0.263092
719,1.99078,4.71895,-0.286592
720,1.97485,4.7279,-0.332334
721,1.95316,4.73845,-0.398465
722,1.92719,4.75042,-0.483146
723,1.89908,4.76354,-0.583896
724,1.8708,4.77759,-0.697509
725,1.84463,4.79232,-0.820756
726,1.82263,4.8075,-0.950116
727,1.80695,4.8229,-1.08185
728,1.79964,4.83824,-1.21233
729,1.80247,4.85331,-1.33827
730,1.81724,4.86787,-1.4559
731,1.84519,4.8817,-1.56265
732,1.8873,4.89459,-1.65588
733,1.94444,4.90634,-1.73331
734,2.01683,4.91678,-1.7937
735,2.10463,4.92575,-1.83562
736,2.20731,4.93315,-1.85906
737,2.32415,4.93886,-1.8642
738,2.45427,4.94284,-1.85155
739,2.59635,4.94507,-1.82235
740,2.74894,4.94552,-1.77838
741,2.91036,4.94425,-1.72139
742,3.0789,4.94131,-1.65347
743,3.25282,4.93678,-1.57733
744,3.43028,4.93081,-1.49522
745,3.60968,4.92347,-1.4096
746,3.78931,4.91495,-1.32307
747,3.96785,4.90537,-1.23764
748,4.14396,4.89492,-1.15544
749,4.3166,4.88372,-1.07835
750,4.48493,4.87198,-1.0079
751,4.64842,4.85982,-0.945101
752,4.80656,4.84741,-0.891001
753,4.95941,4.83489,-0.846065
754,5.10685,4.82236,-0.810407
755,5.24924,4.80998,-0.783666
756,5.38705,4.79785,-0.765594
757,5.52085,4.78606,-0.755107
758,5.65138,4.77469,-0.75117
759,5.77949,4.76384,-0.752438
760,5.90601,4.7536,-0.757494
761,6.0319,4.74404,-0.764608
762,6.15807,4.73524,-0.772366
763,6.28548,4.72728,-0.778793
764,6.41492,4.72027,-0.782732
765,6.547,4.71433,-0.782395
766,6.68252,4.70953,-0.776663
767,6.8217,4.706,-0.764561
768,6.96506,4.70385,-0.745303
769,7.11258,4.7032,-0.71841
770,7.26444,4.70412,-0.683182
771,7.4204,4.7067,-0.640153
772,7.5801,4.71101,-0.589061
773,7.74311,4.71709,-0.530524
774,7.90895,4.7249,-0.464912
775,8.07689,4.73446,-0.393172
776,8.2461,4.74567,-0.315793
777,8.41599,4.75844,-0.233795
778,8.5856,4.77258,-0.147978
779,8.75428,4.78788,-0.0592032
780,8.9211,4.80413,0.0316878
781,9.0853,4.82099,0.123992
782,9.24629,4.8382,0.216915
783,9.40337,4.85539,0.310318
784,9.55612,4.87222,0.403618
785,9.70407,4.88834,0.496646
786,9.84698,4.90339,0.58963
787,9.98468,4.91703,0.682716
788,10.1172,4.929,0.776209
789,10.2445,4.93902,0.870469
790,10.367,4.9469,0.966294
791,10.4849,4.95255,1.06378
792,10.5986,4.95585,1.16358
793,10.7086,4.95689,1.26634
794,10.8157,4.95564,1.37206
795,10.9204,4.95233,1.48116
796,11.0235,4.94718,1.5934
797,11.1258,4.94044,1.70893
798,11.2281,4.93239,1.82679
799,11.3312,4.92342,1.94691
800,11.436,4.91386,2.0681
801,11.5433,4.90408,2.18968
802,11.654,4.89438,2.31061
803,11.769,4.8851,2.42951
804,11.8891,4.87646,2.5454
805,12.0152,4.86858,2.65713
806,12.1483,4.86159,2.76374
807,12.2892,4.85542,2.86465
808,12.439,4.84993,2.95903
809,12.5987,4.84486,3.04695
810,12.7695,4.83978,3.12859
811,12.9526,4.83429,3.20472
812,13.1495,4.82765,3.2766
813,13.3615,4.81924,3.34607
814,13.5903,4.80824,3.41555
815,13.8374,4.79397,3.48747
816,14.1045,4.77555,3.56539
817,14.3934,4.75218,3.65232
818,14.7059,4.72311,3.75215
819,15.0433,4.68766,3.86816
820,15.4068,4.64532,4.00332
821,15.7978,4.59554,4.16071
822,16.2166,4.5381,4.3425
823,16.6636,4.47286,4.55024
824,17.1386,4.39994,4.78485
825,17.641,4.31966,5.04622
826,18.1694,4.23257,5.3336
827,18.7222,4.13953,5.64485
828,19.2968,4.04169,5.97738
829,19.8907,3.94021,6.32795
830,20.5002,3.83677,6.6918
831,21.1217,3.73299,7.06473
832,21.7513,3.63072,7.44143
833,22.3847,3.53174,7.81702
834,23.0177,3.43794,8.18669
835,23.6459,3.35112,8.5455
836,24.2652,3.27283,8.88998
837,24.8718,3.20447,9.21644
838,25.4619,3.14725,9.52237
839,26.0323,3.10196,9.80589
840,26.5803,3.06918,10.066
841,27.1032,3.04911,10.3026
842,27.5992,3.04161,10.5157
843,28.0668,3.04628,10.7063
844,28.5047,3.06243,10.8759
845,28.912,3.08925,11.026
846,29.2884,3.1256,11.1588
847,29.6336,3.17032,11.2758
848,29.9475,3.22226,11.3789
849,30.2303,3.28013,11.4699
850,30.4823,3.34278,11.5505
851,30.7036,3.40916,11.6214
852,30.8946,3.47831,11.6836
853,31.0557,3.54936,11.7374
854,31.1873,3.62162,11.7831
855,31.2897,3.69445,11.8202
856,31.3632,3.76748,11.8483
857,31.4085,3.84021,11.8668
858,31.4257,3.91238,11.875
859,31.4153,3.98375,11.8721
860,31.3779,4.05395,11.8575
861,31.3142,4.12273,11.8309
862,31.2245,4.1898,11.7914
863,31.1099,4.25476,11.7394
864,30.9709,4.31723,11.6751
865,30.8084,4.37683,11.5988
866,30.6233,4.43305,11.5112
867,30.4166,4.48542,11.4137
868,30.1891,4.53355,11.3071
869,29.9421,4.57699,11.1927
870,29.6763,4.61544,11.0721
871,29.3927,4.64866,10.9463
872,29.0923,4.6765,10.8167
873,28.7761,4.69902,10.6842
874,28.4446,4.71631,10.5497
875,28.0988,4.72864,10.4135
876,27.7392,4.73641,10.2759
877,27.3665,4.74011,10.1367
878,26.9811,4.74039,9.99544
879,26.5835,4.73792,9.85146
880,26.174,4.73346,9.70366
881,25.7529,4.72771,9.55093
882,25.3204,4.72147,9.39202
883,24.8768,4.71541,9.2257
884,24.422,4.7102,9.05069
885,23.9565,4.70631,8.86573
886,23.4803,4.70423,8.66985
887,22.9936,4.70431,8.46221
888,22.4965,4.70676,8.24211
889,21.9894,4.71162,8.00938
890,21.4725,4.71895,7.76357
891,20.9465,4.72848,7.50511
892,20.4116,4.74008,7.23404
893,19.8686,4.75341,6.95121
894,19.3182,4.76807,6.65724
895,18.7614,4.78363,6.35295
896,18.1993,4.79965,6.03951
897,17.6329,4.81564,5.71784
898,17.0638,4.83118,5.38947
899,16.4934,4.84581,5.05564
900,15.9234,4.85923,4.71738
901,15.3556,4.871,4.37656
902,14.7921,4.8809,4.03459
903,14.2348,4.88868,3.69306
904,13.6859,4.89428,3.35372
905,13.1479,4.89749,3.01853
906,12.6227,4.89845,2.68923
907,12.1129,4.89712,2.36825
908,11.6207,4.89361,2.0573
909,11.1484,4.88804,1.7592
910,10.6981,4.88062,1.4759
911,10.2719,4.87147,1.20992
912,9.87167,4.86084,0.963458
913,9.49907,4.84883,0.73851
914,9.15569,4.83559,0.537528
915,8.84253,4.82132,0.362026
916,8.56075,4.80606,0.213603
917,8.31097,4.78986,0.0932781
918,8.09346,4.77277,0.00209563
919,7.90839,4.7548,-0.0596973
920,7.75549,4.73589,-0.0919914
921,7.63417,4.71606,-0.0953786
922,7.5436,4.69524,-0.0707786
923,7.48271,4.67343,-0.0190234
924,7.45011,4.65059,0.0580889
925,7.44414,4.62679,0.158859
926,7.46306,4.60207,0.28114
927,7.5049,4.57651,0.422876
928,7.56749,4.55029,0.58137
929,7.64863,4.52354,0.754414
930,7.74606,4.49647,0.939416
931,7.8575,4.46931,1.13358
932,7.98048,4.44233,1.33466
933,8.1128,4.41582,1.53995
934,8.25221,4.39003,1.74711
935,8.39645,4.36528,1.95375
936,8.54355,4.34182,2.1575
937,8.69146,4.31994,2.35642
938,8.83852,4.29987,2.54851
939,8.98295,4.28182,2.73182
940,9.12332,4.26603,2.90479
941,9.2583,4.25259,3.06583
942,9.38684,4.24164,3.21367
943,9.50783,4.23329,3.34704
944,9.62066,4.22754,3.46492
945,9.7249,4.22433,3.56682
946,9.81992,4.22367,3.65176
947,9.90582,4.22542,3.71971
948,9.98251,4.22945,3.77053
949,10.0503,4.23556,3.80432
950,10.1095,4.24357,3.82115
951,10.1607,4.25319,3.82226
952,10.2047,4.26418,3.80787
953,10.2422,4.27628,3.77942
954,10.274,4.28922,3.73767
955,10.3015,4.30262,3.6844
956,10.3255,4.31626,3.62094
957,10.3472,4.32984,3.54857
958,10.3678,4.3431,3.46909
959,10.3884,4.35576,3.38377
960,10.4102,4.36762,3.29448
961,10.4344,4.37845,3.20229
962,10.462,4.38809,3.10858
963,10.494,4.39638,3.0148
964,10.5314,4.40319,2.92185
965,10.5752,4.40842,2.83074
966,10.6261,4.41198,2.74247
967,10.6848,4.41381,2.65777
968,10.7521,4.41394,2.57703
969,10.8285,4.41229,2.50107
970,10.9144,4.40896,2.42997
971,11.0105,4.40388,2.36464
972,11.1169,4.39719,2.30465
973,11.2341,4.38892,2.25085
974,11.362,4.37919,2.20282
975,11.5012,4.36807,2.16107
976,11.6514,4.35569,2.12528
977,11.813,4.34216,2.0958
978,11.9855,4.32765,2.07208
979,12.1691,4.31225,2.0544
980,12.3636,4.29615,2.04224
981,12.5687,4.27942,2.0353
982,12.7844,4.26218,2.03391
983,13.0102,4.24462,2.03729
984,13.2459,4.22671,2.04549
985,13.491,4.20863,2.0582
986,13.7454,4.19039,2.0755
987,14.0085,4.17204,2.09717
988,14.28,4.1536,2.12323
989,14.5596,4.13509,2.1538
990,14.8467,4.11649,2.18907
991,15.1409,4.09779,2.22951
992,15.4418,4.07897,2.27488
993,15.7489,4.05994,2.32607
994,16.0616,4.04069,2.38329
995,16.3795,4.02118,2.4468
996,16.7019,4.00128,2.5172
997,17.0282,3.98101,2.5943
998,17.3578,3.96022,2.67878
999,17.6896,3.93895,2.77035
1000,18.0231,3.91708,2.86891
1001,18.3572,3.8946,2.97412
1002,18.6909,3.87154,3.08539
1003,19.0228,3.84791,3.20176
1004,19.352,3.82375,3.32238
1005,19.6769,3.79915,3.44575
1006,19.9962,3.77421,3.57075
1007,20.3084,3.74908,3.69553
1008,20.6118,3.724,3.81894
1009,20.9049,3.6992,3.93898
1010,21.1861,3.67495,4.05433
1011,21.4539,3.65151,4.16364
1012,21.7065,3.62936,4.2654
1013,21.9426,3.60878,4.35921
1014,22.1608,3.59021,4.44398
1015,22.3598,3.5741,4.51953
1016,22.5386,3.5609,4.58573
1017,22.6962,3.55095,4.64296
1018,22.8318,3.54479,4.6918
1019,22.9451,3.54261,4.73307
1020,23.0357,3.54489,4.76745
1021,23.1035,3.55182,4.79629
1022,23.1485,3.56362,4.8203
1023,23.1712,3.58035,4.84041
1024,23.172,3.6021,4.85763
1025,23.1515,3.62875,4.87216
1026,23.1105,3.66016,4.88455
1027,23.0498,3.69613,4.89435
1028,22.9705,3.73625,4.90167
1029,22.8735,3.78023,4.90563
1030,22.76,3.82743,4.906
1031,22.6312,3.87753,4.90169
1032,22.4882,3.92983,4.8917
1033,22.3323,3.98379,4.87569
1034,22.1648,4.03877,4.85244
1035,21.9871,4.09425,4.82145
1036,21.8003,4.14956,4.78241
1037,21.6056,4.2043,4.735
1038,21.4043,4.25785,4.67938
1039,21.1977,4.30987,4.61565
1040,20.987,4.35986,4.5447
1041,20.773,4.40767,4.46684
1042,20.5571,4.45288,4.38351
1043,20.3401,4.49543,4.2957
1044,20.1229,4.53514,4.20457
1045,19.9064,4.57201,4.11153
1046,19.6913,4.60598,4.01788
1047,19.4782,4.6372,3.92486
1048,19.2678,4.66573,3.83336
1049,19.0605,4.69176,3.7447
1050,18.8566,4.71546,3.65955
1051,18.6566,4.73699,3.57836
1052,18.4605,4.75669,3.50166
1053,18.2687,4.7747,3.42951
1054,18.0814,4.79135,3.36221
1055,17.8985,4.80687,3.29927
1056,17.7203,4.82142,3.24069
1057,17.5467,4.83536,3.18586
1058,17.3779,4.84881,3.1345
1059,17.214,4.86195,3.08623
1060,17.0552,4.87495,3.04057
1061,16.9016,4.88794,2.99716
1062,16.7535,4.901,2.95558
1063,16.6111,4.91419,2.9158
1064,16.4747,4.92766,2.87726
1065,16.3444,4.94139,2.83993
1066,16.2209,4.95537,2.804
1067,16.1041,4.9697,2.76912
1068,15.9947,4.9843,2.73574
1069,15.8929,4.99914,2.70402
1070,15.7991,5.01427,2.67402
1071,15.7133,5.02965,2.64594
1072,15.6362,5.04521,2.6204
1073,15.5678,5.06101,2.59728
1074,15.5083,5.07699,2.57714
1075,15.4578,5.09314,2.56008
1076,15.4165,5.10947,2.54629
1077,15.3843,5.12596,2.536
1078,15.3611,5.14269,2.52897
1079,15.3469,5.15962,2.52552
1080,15.3415,5.17685,2.52502
1081,15.3445,5.1944,2.52761
1082,15.3559,5.21231,2.53299
1083,15.3751,5.23061,2.54062
1084,15.4017,5.24945,2.55007
1085,15.4356,5.26874,2.56143
1086,15.4762,5.28864,2.57392
1087,15.5231,5.30911,2.58711
1088,15.5759,5.33021,2.60102
1089,15.6341,5.35194,2.61506
1090,15.6974,5.37432,2.62921
1091,15.7654,5.39734,2.64331
1092,15.8378,5.42094,2.65737
1093,15.914,5.44515,2.6714
1094,15.9938,5.46986,2.68544
1095,16.0769,5.49505,2.6997
1096,16.163,5.52067,2.71451
1097,16.2518,5.54664,2.72971
1098,16.3429,5.57288,2.74584
1099,16.436,5.59936,2.76289
1100,16.5309,5.626,2.78105
1101,16.6271,5.65275,2.80051
1102,16.7245,5.67958,2.82109
1103,16.8226,5.7064,2.84305
1104,16.9213,5.7332,2.86613
1105,17.02,5.75994,2.89016
1106,17.1186,5.78657,2.91518
1107,17.2168,5.81307,2.94088
1108,17.3143,5.83947,2.96672
1109,17.4107,5.86571,2.9927
1110,17.506,5.89173,3.01857
1111,17.6,5.91752,3.04391
1112,17.6924,5.94305,3.06844
1113,17.7833,5.96831,3.09197
1114,17.8725,5.99321,3.11425
1115,17.9602,6.01771,3.13531
1116,18.0461,6.04183,3.15488
1117,18.1304,6.06552,3.17293
1118,18.2131,6.08874,3.18961
1119,18.2945,6.11145,3.20469
1120,18.3744,6.13366,3.21866
1121,18.453,6.15541,3.23095
1122,18.5304,6.17665,3.2421
1123,18.6067,6.19738,3.25203
1124,18.6821,6.21763,3.26106
1125,18.7568,6.23735,3.269
1126,18.8308,6.25654,3.27627
1127,18.9042,6.27522,3.28284
1128,18.9773,6.29335,3.28879
1129,19.0503,6.31084,3.29442
1130,19.1233,6.32771,3.29972
1131,19.1966,6.34395,3.30473
1132,19.2704,6.35942,3.30996
1133,19.3446,6.3742,3.31507
1134,19.4198,6.38813,3.32071
1135,19.496,6.4013,3.32674
1136,19.5733,6.41359,3.3338
1137,19.6522,6.4251,3.34162
1138,19.7326,6.43572,3.35075
1139,19.8148,6.44558,3.36136
1140,19.899,6.45468,3.37359
1141,19.9851,6.46309,3.38776
1142,20.0735,6.47091,3.40406
1143,20.1643,6.47823,3.42277
1144,20.2575,6.48514,3.44395
1145,20.3532,6.49178,3.4676
1146,20.4514,6.4983,3.49374
1147,20.5523,6.50489,3.52254
1148,20.6559,6.51164,3.55367
1149,20.7621,6.51876,3.5871
1150,20.8711,6.52638,3.62252
1151,20.9827,6.53468,3.65988
1152,21.0971,6.54381,3.69876
1153,21.2143,6.55386,3.73899
1154,21.3343,6.56497,3.78017
1155,21.457,6.57726,3.82215
1156,21.5828,6.59079,3.86473
1157,21.7115,6.60563,3.9076
1158,21.8434,6.62186,3.9505
1159,21.9785,6.6395,3.99371
1160,22.1169,6.65857,4.03673
1161,22.2589,6.67914,4.0794
1162,22.4045,6.70118,4.12208
1163,22.5539,6.7247,4.16436
1164,22.7072,6.74971,4.20646
1165,22.8643,6.77625,4.24806
1166,23.0255,6.80421,4.28941
1167,23.1907,6.83366,4.33029
1168,23.36,6.86451,4.37055
1169,23.5329,6.8968,4.41004
1170,23.7098,6.9304,4.44897
1171,23.89,6.96534,4.4869
1172,24.0734,7.00158,4.52387
1173,24.2596,7.03905,4.55978
1174,24.4485,7.07761,4.5946
1175,24.6394,7.11729,4.62815
1176,24.8319,7.15792,4.66066
1177,25.0255,7.19946,4.69188
1178,25.2199,7.24172,4.7222
1179,25.4144,7.28462,4.75146
1180,25.6084,7.32801,4.77985
1181,25.8016,7.37177,4.80766
1182,25.9934,7.41574,4.83498
1183,26.1832,7.45966,4.86221
1184,26.3708,7.50344,4.88947
1185,26.5555,7.5469,4.91697
1186,26.7371,7.5898,4.9451
1187,26.9151,7.63204,4.9738
1188,27.0891,7.67339,5.00323
1189,27.2591,7.71369,5.03359
1190,27.4246,7.75282,5.06483
1191,27.5855,7.79068,5.09701
1192,27.7416,7.82709,5.12977
1193,27.8931,7.86194,5.16345
1194,28.0396,7.89528,5.19741
1195,28.1816,7.92695,5.232
1196,28.3191,7.95697,5.26692
1197,28.4524,7.98536,5.30193
1198,28.5817,8.01218,5.33694
1199,28.7073,8.0376,5.37203
1200,28.83,8.06168,5.40725
1201,28.95,8.0846,5.44234
1202,29.0679,8.10665,5.47779
1203,29.1841,8.12809,5.51348
1204,29.2994,8.14928,5.5493
1205,29.414,8.17067,5.58578
1206,29.5285,8.19258,5.62285
1207,29.6434,8.21561,5.66049
1208,29.7589,8.24026,5.69897
1209,29.8752,8.26707,5.73786
1210,29.9926,8.29668,5.7773
1211,30.111,8.3297,5.81685
1212,30.2305,8.36674,5.8563
1213,30.3508,8.4084,5.89544
1214,30.4717,8.45524,5.93363
1215,30.5929,8.50781,5.97055
1216,30.7141,8.56661,6.00583
1217,30.8347,8.63201,6.03898
1218,30.954,8.70436,6.06966
1219,31.0717,8.78394,6.09743
1220,31.1872,8.87082,6.12234
1221,31.2998,8.96498,6.14443
1222,31.4089,9.06636,6.16355
1223,31.514,9.17474,6.18033
1224,31.6145,9.28972,6.19529
1225,31.7103,9.41072,6.20936
1226,31.8009,9.53719,6.22344
1227,31.886,9.66833,6.23908
1228,31.9655,9.80327,6.25784
1229,32.0396,9.94102,6.28185
1230,32.1082,10.0804,6.31285
1231,32.1719,10.2203,6.35353
1232,32.2308,10.3594,6.40615
1233,32.2853,10.4964,6.47301
1234,32.3362,10.6297,6.55693
1235,32.3839,10.7579,6.66036
1236,32.4289,10.8796,6.78538
1237,32.4716,10.9931,6.93405
1238,32.5127,11.0968,7.10813
1239,32.5521,11.1895,7.30887
1240,32.5899,11.2694,7.53721
1241,32.6258,11.3352,7.79368
1242,32.6595,11.3855,8.07817
1243,32.6903,11.419,8.39023
1244,32.717,11.4345,8.72921
1245,32.7384,11.4311,9.09405
1246,32.7533,11.408,9.48286
1247,32.7598,11.3642,9.89406
1248,32.7564,11.2996,10.3254
1249,32.741,11.2138,10.7742
1250,32.7121,11.1067,11.2377
1251,32.6675,10.9788,11.7125
1252,32.6056,10.8308,12.1953
1253,32.5249,10.6635,12.6822
1254,32.4237,10.4782,13.1693
1255,32.3008,10.2767,13.6524
1256,32.1551,10.0607,14.1273
1257,31.9857,9.83248,14.5897
1258,31.7919,9.59454,15.0355
1259,31.5733,9.34942,15.4603
1260,31.33,9.09975,15.8605
1261,31.0616,8.84842,16.2317
1262,30.7687,8.59802,16.5704
1263,30.4516,8.35115,16.8734
1264,30.111,8.11031,17.1374
1265,29.7475,7.8776,17.3599
1266,29.3621,7.655,17.5383
1267,28.9557,7.44396,17.6715
1268,28.5292,7.24588,17.7575
1269,28.0837,7.06155,17.7958
1270,27.6202,6.89153,17.7865
1271,27.1398,6.73608,17.7292
1272,26.6438,6.59513,17.6251
1273,26.133,6.46845,17.475
1274,25.6085,6.35544,17.2801
1275,25.0715,6.25552,17.0418
1276,24.5229,6.16789,16.7616
1277,23.9638,6.09174,16.4409
1278,23.3952,6.02619,16.0809
1279,22.8183,5.97032,15.6832
1280,22.2343,5.92335,15.2488
1281,21.6443,5.88437,14.779
1282,21.0497,5.85267,14.2748
1283,20.4522,5.82745,13.7376
1284,19.8531,5.80806,13.1687
1285,19.2544,5.79388,12.5699
1286,18.6581,5.78424,11.9432
1287,18.0666,5.77869,11.2913
1288,17.4822,5.77676,10.6171
1289,16.9076,5.77803,9.92418
1290,16.346,5.78219,9.21687
1291,15.8004,5.78889,8.50012
1292,15.274,5.79797,7.77923
1293,14.7703,5.80925,7.06034
1294,14.2931,5.82261,6.34985
1295,13.8458,5.83795,5.65473
1296,13.4318,5.85536,4.98162
1297,13.0545,5.87468,4.33744
1298,12.7168,5.89598,3.72886
1299,12.4215,5.91916,3.16194
1300,12.1708,5.94414,2.64209
1301,11.9661,5.97076,2.17373
1302,11.8083,5.99877,1.76026
1303,11.6975,6.02786,1.40359
1304,11.6331,6.05759,1.10479
1305,11.6137,6.0875,0.863507
1306,11.6368,6.11701,0.677787
1307,11.6998,6.1456,0.545123
1308,11.7988,6.17257,0.461907
1309,11.9297,6.19747,0.42354
1310,12.088,6.2197,0.425471
1311,12.2686,6.23885,0.462529
1312,12.4668,6.25453,0.529875
1313,12.6773,6.26651,0.622671
1314,12.8954,6.27464,0.736585
1315,13.1162,6.27888,0.867981
1316,13.3357,6.27928,1.0134
1317,13.5497,6.27604,1.17068
1318,13.7552,6.26938,1.33748
1319,13.9494,6.25959,1.51291
1320,14.1302,6.24702,1.69611
1321,14.2961,6.23205,1.88645
1322,14.4462,6.21507,2.08372
1323,14.5801,6.19647,2.2875
1324,14.698,6.17658,2.49717
1325,14.8002,6.15576,2.71195
1326,14.8877,6.13431,2.93076
1327,14.9613,6.11252,3.15145
1328,15.0223,6.09062,3.372
1329,15.072,6.06879,3.58962
1330,15.1114,6.04723,3.80135
1331,15.1417,6.02613,4.00393
1332,15.1641,6.00563,4.19401
1333,15.1796,5.98586,4.36896
1334,15.189,5.96698,4.52553
1335,15.1931,5.94916,4.66186
1336,15.1924,5.93254,4.77635
1337,15.1875,5.91725,4.86813
1338,15.1789,5.90347,4.93701
1339,15.1669,5.89131,4.98376
1340,15.1516,5.88093,5.00974
1341,15.1333,5.87248,5.01687
1342,15.1121,5.86607,5.00773
1343,15.0881,5.86181,4.98501
1344,15.0612,5.85986,4.95185
1345,15.0317,5.86025,4.91118
1346,14.9992,5.86312,4.86586
1347,14.9639,5.8685,4.81855
1348,14.9256,5.87645,4.77146
1349,14.8841,5.887,4.72612
1350,14.8394,5.90011,4.68369
1351,14.7913,5.91578,4.64484
1352,14.7396,5.9339,4.60918
1353,14.6841,5.9544,4.57629
1354,14.6247,5.97714,4.54496
1355,14.5611,6.00197,4.51364
1356,14.4932,6.02873,4.48046
1357,14.421,6.05717,4.44354
1358,14.3443,6.0871,4.40063
1359,14.2632,6.11827,4.34981
1360,14.1777,6.15043,4.28924
1361,14.0878,6.18329,4.21719
1362,13.9939,6.21661,4.13248
1363,13.8961,6.25008,4.03429
1364,13.795,6.28344,3.9219
1365,13.6909,6.31636,3.79563
1366,13.5845,6.34854,3.65579
1367,13.4765,6.37969,3.50339
1368,13.3675,6.40951,3.33983
1369,13.2587,6.43767,3.16683
1370,13.1509,6.46392,2.9866
1371,13.0452,6.48797,2.80165
1372,12.9428,6.50962,2.61447
1373,12.8449,6.52859,2.42814
1374,12.7528,6.54478,2.24544
1375,12.6678,6.55804,2.06946
1376,12.5913,6.5683,1.90315
1377,12.5245,6.57555,1.74903
1378,12.4688,6.57982,1.60985
1379,12.4255,6.58123,1.4877
1380,12.3956,6.5799,1.3846
1381,12.3801,6.5761,1.30178
1382,12.3801,6.57007,1.24046
1383,12.3962,6.56212,1.20101
1384,12.4289,6.5526,1.18356
1385,12.4787,6.5419,1.18758
1386,12.5457,6.53042,1.21223
1387,12.6298,6.51858,1.25615
1388,12.7308,6.50679,1.31774
1389,12.8483,6.49545,1.39491
1390,12.9817,6.4849,1.48568
1391,13.13,6.47553,1.58753
1392,13.2926,6.46759,1.69795
1393,13.4681,6.46134,1.81471
1394,13.6554,6.45697,1.93519
1395,13.8533,6.45459,2.05725
1396,14.0602,6.45426,2.17852
1397,14.2749,6.456,2.29724
1398,14.4957,6.4597,2.41162
1399,14.7212,6.46527,2.52018
1400,14.9498,6.47253,2.6219
1401,15.1803,6.48129,2.71587
1402,15.411,6.49125,2.80157
1403,15.6407,6.50214,2.87878
1404,15.8681,6.51365,2.94759
1405,16.0921,6.52543,3.00833
1406,16.3116,6.53714,3.06151
1407,16.5258,6.5484,3.10778
1408,16.7337,6.55888,3.14785
1409,16.9347,6.56823,3.18281
1410,17.1283,6.57613,3.21344
1411,17.3141,6.58225,3.24088
1412,17.4917,6.58635,3.26596
1413,17.6611,6.58816,3.28966
1414,17.8224,6.58747,3.31287
1415,17.9757,6.58417,3.33653
1416,18.1212,6.57813,3.36121
1417,18.2595,6.56933,3.38788
1418,18.3911,6.55775,3.41715
1419,18.5167,6.54349,3.44949
1420,18.637,6.5267,3.48563
1421,18.753,6.50756,3.52578
1422,18.8655,6.48632,3.57046
1423,18.9756,6.46329,3.61981
1424,19.0842,6.43879,3.67403
1425,19.1925,6.4132,3.73315
1426,19.3015,6.38689,3.79724
1427,19.4123,6.36027,3.866
1428,19.5258,6.33375,3.93935
1429,19.6432,6.30773,4.01685
1430,19.7653,6.28259,4.09819
1431,19.8933,6.25869,4.18291
1432,20.0279,6.23635,4.27026
1433,20.1699,6.21591,4.35989
1434,20.3203,6.1976,4.45099
1435,20.4796,6.18165,4.54283
1436,20.6487,6.16819,4.6347
1437,20.828,6.15736,4.72591
1438,21.0181,6.14924,4.81568
1439,21.2195,6.1438,4.90315
1440,21.4327,6.14102,4.98785
1441,21.6581,6.14074,5.06902
1442,21.8958,6.14287,5.14606
1443,22.1463,6.14718,5.21835
1444,22.4098,6.15341,5.28572
1445,22.6863,6.1613,5.34771
1446,22.9762,6.17048,5.40425
1447,23.2795,6.18063,5.45533
1448,23.5963,6.19137,5.50111
1449,23.9268,6.20229,5.54197
1450,24.2711,6.21301,5.57851
1451,24.629,6.22315,5.6114
1452,25.0007,6.23233,5.64142
1453,25.3863,6.24019,5.66968
1454,25.7855,6.24641,5.69719
1455,26.1984,6.25071,5.72511
1456,26.6248,6.25289,5.75463
1457,27.0644,6.25274,5.78694
1458,27.5171,6.25017,5.82312
1459,27.9824,6.24512,5.86409
1460,28.4599,6.23759,5.91098
1461,28.9492,6.2276,5.96434
1462,29.4496,6.21539,6.02472
1463,29.9607,6.20103,6.09265
1464,30.4816,6.18487,6.16831
1465,31.0119,6.16711,6.25194
1466,31.5507,6.14812,6.34348
1467,32.0976,6.12824,6.44292
1468,32.6519,6.10783,6.55015
1469,33.213,6.08731,6.66506
1470,33.7805,6.067,6.78737
1471,34.3541,6.04729,6.91707
1472,34.9334,6.02855,7.05386
1473,35.5184,6.01101,7.1977
1474,36.1091,5.99498,7.34828
1475,36.7054,5.98064,7.50554
1476,37.3077,5.96813,7.66935
1477,37.9163,5.95751,7.83952
1478,38.5316,5.94878,8.01579
1479,39.154,5.94183,8.19797
1480,39.7842,5.93652,8.38584
1481,40.4228,5.93258,8.57925
1482,41.0703,5.92968,8.77778
1483,41.7273,5.92749,8.98106
1484,42.3944,5.92557,9.18879
1485,43.072,5.92341,9.40035
1486,43.7604,5.92056,9.6153
1487,44.4597,5.91652,9.83297
1488,45.1702,5.91079,10.0528
1489,45.8916,5.90289,10.2741
1490,46.6236,5.89238,10.4961
1491,47.3659,5.87892,10.7182
1492,48.1178,5.86223,10.9396
1493,48.8787,5.84201,11.1597
1494,49.6478,5.81812,11.3779
1495,50.424,5.7905,11.5936
1496,51.2065,5.75905,11.8062
1497,51.9943,5.72385,12.0154
1498,52.7862,5.68496,12.2207
1499,53.5811,5.64254,12.4214
1500,54.3779,5.59671,12.6175
1501,55.1754,5.5477,12.8083
1502,55.9723,5.49569,12.9939
1503,56.7676,5.44094,13.174
1504,57.5599,5.38371,13.3487
1505,58.3481,5.32426,13.5182
1506,59.1309,5.26287,13.6829
1507,59.9073,5.1998,13.8433
1508,60.6761,5.13539,14.0001
1509,61.4363,5.06995,14.1542
1510,62.1868,5.00395,14.3065
1511,62.9268,4.93768,14.458
1512,63.6554,4.87163,14.6098
1513,64.3721,4.80619,14.7626
1514,65.076,4.74188,14.9174
1515,65.7669,4.67904,15.0746
1516,66.4443,4.61825,15.2346
1517,67.1078,4.5599,15.3973
1518,67.7574,4.50426,15.5626
1519,68.3927,4.45169,15.7299
1520,69.0139,4.40239,15.8984
1521,69.6209,4.35643,16.0669
1522,70.2138,4.31379,16.2342
1523,70.7926,4.27418,16.3989
1524,71.3576,4.23728,16.5596
1525,71.9087,4.20264,16.715
1526,72.4464,4.16941,16.8638
1527,72.9706,4.13689,17.0051
1528,73.4816,4.10393,17.138
1529,73.9795,4.06956,17.262
1530,74.4645,4.03251,17.3772
1531,74.9365,3.99162,17.4836
1532,75.3955,3.94556,17.5816
1533,75.8414,3.89328,17.6722
1534,76.2739,3.83367,17.7564
1535,76.6928,3.76579,17.8354
1536,77.0975,3.68879,17.9106
1537,77.4874,3.60216,17.9836
1538,77.8617,3.50561,18.0557
1539,78.2197,3.39896,18.1286
1540,78.5604,3.28235,18.2036
1541,78.8826,3.15615,18.2821
1542,79.1853,3.021,18.3651
1543,79.4673,2.87763,18.4534
1544,79.7274,2.72697,18.5478
1545,79.9641,2.57025,18.6485
1546,80.1765,2.40849,18.7557
1547,80.363,2.24312,18.8693
1548,80.5227,2.07523,18.9888
1549,80.6542,1.90614,19.1137
1550,80.7566,1.73688,19.2433
1551,80.8289,1.56852,19.3769
1552,80.8702,1.40197,19.5136
1553,80.8797,1.2378,19.6527
1554,80.8567,1.07647,19.7936
1555,80.8008,0.918232,19.9357
1556,80.7116,0.763143,20.079
1557,80.5886,0.610997,20.2232
1558,80.4319,0.461461,20.3687
1559,80.2412,0.313971,20.5159
1560,80.0167,0.168007,20.6655
1561,79.7585,0.0228104,20.8183
1562,79.4669,-0.122277,20.9755
1563,79.1422,-0.267784,21.1381
1564,78.7849,-0.414327,21.3072
1565,78.3956,-0.562241,21.484
1566,77.9749,-0.711659,21.6694
1567,77.5234,-0.862606,21.8642
1568,77.0418,-1.01482,22.0687
1569,76.531,-1.16775,22.283
1570,75.9915,-1.32065,22.5071
1571,75.4243,-1.47259,22.7403
1572,74.8299,-1.62246,22.9816
1573,74.2092,-1.76895,23.2298
1574,73.5628,-1.91074,23.4833
1575,72.8914,-2.04634,23.7405
1576,72.1954,-2.17441,23.9995
1577,71.4755,-2.29349,24.2582
1578,70.732,-2.40226,24.5147
1579,69.9653,-2.49955,24.767
1580,69.1757,-2.58421,25.0133
1581,68.3634,-2.65537,25.2519
1582,67.5284,-2.71208,25.4811
1583,66.6705,-2.75368,25.6994
1584,65.7897,-2.7796,25.9055
1585,64.8855,-2.78935,26.098
1586,63.9574,-2.78252,26.2759
1587,63.0048,-2.7588,26.4378
1588,62.0269,-2.71789,26.5827
1589,61.0227,-2.65956,26.7092
1590,59.9911,-2.58352,26.8162
1591,58.931,-2.48959,26.9021
1592,57.841,-2.37758,26.9656
1593,56.7199,-2.24734,27.0048
1594,55.5663,-2.09877,27.0178
1595,54.379,-1.9318,27.0023
1596,53.1566,-1.74648,26.9562
1597,51.8982,-1.54305,26.8767
1598,50.6026,-1.32184,26.761
1599,49.269,-1.08329,26.6057
1600,47.897,-0.828224,26.4077
1601,46.4862,-0.557456,26.1631
1602,45.0367,-0.272247,25.8682
1603,43.5487,0.0259862,25.519
1604,42.0232,0.335589,25.1116
1605,40.4613,0.654703,24.642
1606,38.8647,0.981072,24.1063
1607,37.2359,1.31238,23.5012
1608,35.5774,1.64609,22.8236
1609,33.8928,1.9795,22.0713
1610,32.1863,2.3098,21.2429
1611,30.4625,2.63415,20.3378
1612,28.7269,2.94971,19.357
1613,26.9857,3.25369,18.3028
1614,25.2457,3.54358,17.179
1615,23.5146,3.81685,15.9914
1616,21.8005,4.07151,14.7473
1617,20.1122,4.30579,13.4564
1618,18.4592,4.51837,12.1298
1619,16.8513,4.7084,10.7806
1620,15.2988,4.87552,9.42375
1621,13.8117,5.01994,8.0751
1622,12.4005,5.14227,6.75182
1623,11.0753,5.24364,5.47145
1624,9.84546,5.32558,4.25151
1625,8.71994,5.38989,3.10869
1626,7.70649,5.43855,2.05878
1627,6.81187,5.4736,1.11556
1628,6.04123,5.49705,0.290439
1629,5.39825,5.51067,-0.407874
1630,4.88488,5.51599,-0.973757
1631,4.50134,5.51422,-1.40463
1632,4.24599,5.50621,-1.70141
1633,4.11543,5.49246,-1.86797
1634,4.10463,5.47316,-1.91089
1635,4.20695,5.44831,-1.83904
1636,4.41423,5.41774,-1.6633
1637,4.71733,5.38118,-1.39568
1638,5.10595,5.33847,-1.04919
1639,5.56911,5.28948,-0.636993
1640,6.09533,5.23428,-0.172479
1641,6.67299,5.17307,0.331592
1642,7.2904,5.10627,0.862891
1643,7.93613,5.03452,1.41009
1644,8.59931,4.95859,1.96282
1645,9.26965,4.8794,2.51174
1646,9.93782,4.79793,3.04897
1647,10.5954,4.71525,3.56758
1648,11.235,4.63242,4.06178
1649,11.8504,4.55044,4.52718
1650,12.4364,4.47025,4.96012
1651,12.9892,4.39269,5.3582
1652,13.5058,4.31847,5.71987
1653,13.9844,4.2482,6.04462
1654,14.4239,4.18234,6.3326
1655,14.8245,4.12122,6.58499
1656,15.1865,4.06511,6.80349
1657,15.5112,4.01417,6.99067
1658,15.8004,3.96847,7.14956
1659,16.056,3.92809,7.28373
1660,16.2802,3.89307,7.39703
1661,16.4754,3.86338,7.49371
1662,16.6442,3.83911,7.57801
1663,16.789,3.82021,7.65436
1664,16.9122,3.80674,7.72693
1665,17.016,3.7987,7.79945
1666,17.1025,3.79611,7.87558
1667,17.1738,3.79895,7.95826
1668,17.2317,3.80714,8.0499
1669,17.2776,3.82057,8.15208
1670,17.313,3.83909,8.26588
1671,17.339,3.86242,8.3913
1672,17.3567,3.89024,8.5277
1673,17.3666,3.9222,8.67376
1674,17.3694,3.95785,8.82735
1675,17.3654,3.99671,8.98562
1676,17.3545,4.0383,9.14551
1677,17.3369,4.0821,9.30352
1678,17.3122,4.12762,9.45591
1679,17.2801,4.17436,9.59916
1680,17.24,4.22189,9.72968
1681,17.1916,4.26977,9.84429
1682,17.1341,4.31763,9.94039
1683,17.0669,4.36515,10.0156
1684,16.9896,4.41204,10.0681
1685,16.9014,4.45806,10.0971
1686,16.8019,4.50301,10.1018
1687,16.6907,4.54675,10.0824
1688,16.5674,4.58913,10.0395
1689,16.4318,4.63008,9.97431
1690,16.2836,4.6695,9.88831
1691,16.1228,4.70738,9.7834
1692,15.9495,4.74369,9.66168
1693,15.7637,4.77845,9.52529
1694,15.5657,4.81169,9.37651
1695,15.3557,4.84347,9.21739
1696,15.134,4.87386,9.04983
1697,14.9011,4.90298,8.87547
1698,14.6574,4.93093,8.69567
1699,14.4034,4.95782,8.51132
1700,14.1396,4.98376,8.32317
1701,13.8667,5.00886,8.13158
1702,13.5854,5.03318,7.93667
1703,13.2965,5.05677,7.7384
1704,13.0008,5.07961,7.53686
1705,12.6994,5.10165,7.33201
1706,12.3935,5.12278,7.1242
1707,12.0841,5.14285,6.91393
1708,11.7728,5.16164,6.7022
1709,11.4611,5.17892,6.4903
1710,11.1503,5.19438,6.28006
1711,10.8423,5.20775,6.07362
1712,10.5386,5.2187,5.87357
1713,10.2409,5.22696,5.68274
1714,9.95087,5.23223,5.50409
1715,9.67,5.23429,5.34068
1716,9.39974,5.23292,5.19538
1717,9.14137,5.22804,5.0709
1718,8.89596,5.21952,4.96953
1719,8.66445,5.20741,4.89307
1720,8.44742,5.19176,4.84282
1721,8.24528,5.17277,4.81934
1722,8.05816,5.15064,4.82259
1723,7.88593,5.12569,4.85174
1724,7.72817,5.09832,4.90533
1725,7.58425,5.06895,4.98117
1726,7.4533,5.03807,5.07652
1727,7.33422,5.00624,5.188
1728,7.22581,4.97399,5.31194
1729,7.12671,4.94194,5.44429
1730,7.03544,4.91067,5.58072
1731,6.95055,4.88077,5.71693
1732,6.87055,4.85279,5.84856
1733,6.79403,4.82725,5.97155
1734,6.71966,4.80465,6.08202
1735,6.64625,4.7854,6.17654
1736,6.57276,4.76982,6.25214
1737,6.49836,4.7582,6.30642
1738,6.42241,4.75069,6.33761
1739,6.34451,4.74736,6.34449
1740,6.26443,4.7482,6.32666
1741,6.18224,4.75306,6.28419
1742,6.09814,4.76175,6.21784
1743,6.01257,4.77396,6.12893
1744,5.92618,4.78929,6.01938
1745,5.83972,4.80733,5.89149
1746,5.75416,4.82756,5.74793
1747,5.67049,4.84949,5.59183
1748,5.58985,4.87255,5.42636
1749,5.51343,4.8962,5.25498
1750,5.44241,4.9199,5.08111
1751,5.37796,4.94313,4.90823
1752,5.32128,4.96543,4.73963
1753,5.27346,4.98634,4.57851
1754,5.23559,5.00549,4.4277
1755,5.20862,5.02257,4.28984
1756,5.19347,5.03733,4.16717
1757,5.19099,5.04959,4.06157
1758,5.20192,5.0593,3.97443
1759,5.22691,5.06642,3.90677
1760,5.26661,5.07108,3.85917
1761,5.32159,5.07343,3.83174
1762,5.39237,5.07373,3.82423
1763,5.47949,5.07237,3.83595
1764,5.58347,5.06973,3.8659
1765,5.70486,5.06629,3.9128
1766,5.84429,5.06263,3.97504
1767,6.00238,5.05934,4.051
1768,6.17992,5.05709,4.1388
1769,6.37773,5.05653,4.23666
1770,6.5967,5.05837,4.34282
1771,6.83786,5.06333,4.45565
1772,7.10227,5.07209,4.57364
1773,7.39099,5.08535,4.69552
1774,7.70519,5.10376,4.82027
1775,8.04588,5.12794,4.94708
1776,8.41407,5.15844,5.07537
1777,8.81059,5.19576,5.20482
1778,9.23607,5.24028,5.33525
1779,9.6909,5.2923,5.46662
1780,10.1752,5.352,5.59903
1781,10.6886,5.41943,5.73257
1782,11.2306,5.4945,5.86736
1783,11.7999,5.577,6.00344
1784,12.3952,5.66655,6.14079
1785,13.0145,5.76267,6.2792
1786,13.6553,5.86472,6.41838
1787,14.3149,5.972,6.55782
1788,14.99,6.08369,6.69683
1789,15.6771,6.19891,6.83463
1790,16.3723,6.31679,6.97025
1791,17.0715,6.43639,7.10268
1792,17.7703,6.55685,7.23078
1793,18.4646,6.67728,7.35354
1794,19.15,6.79689,7.46992
1795,19.8221,6.91497,7.57905
1796,20.4771,7.03089,7.68019
1797,21.1111,7.14408,7.77284
1798,21.7207,7.25407,7.85672
1799,22.3029,7.36048,7.93183
1800,22.8553,7.46299,7.99841
1801,23.3757,7.56134,8.05701
1802,23.863,7.65531,8.10841
1803,24.3162,7.7447,8.15364
1804,24.7353,7.82933,8.19399
1805,25.1207,7.909,8.23092
1806,25.4736,7.98355,8.26604
1807,25.7957,8.05273,8.30109
1808,26.0892,8.11636,8.33785
1809,26.3568,8.17419,8.3781
1810,26.6017,8.22601,8.42358
1811,26.8274,8.2716,8.47586
1812,27.0378,8.31075,8.53638
1813,27.2366,8.34326,8.60629
1814,27.4279,8.36895,8.68649
1815,27.6159,8.38769,8.77745
1816,27.8043,8.39929,8.87939
1817,27.9971,8.40367,8.99201
1818,28.1977,8.40068,9.11474
1819,28.4095,8.39017,9.24655
1820,28.6355,8.37205,9.38614
1821,28.8783,8.34614,9.5319
1822,29.1402,8.3123,9.68202
1823,29.4231,8.27039,9.83458
1824,29.7285,8.22025,9.98766
1825,30.0575,8.16177,10.1394
1826,30.4111,8.0948,10.2882
1827,30.7898,8.01932,10.4327
1828,31.1938,7.93532,10.5719
1829,31.6232,7.84289,10.7053
1830,32.0779,7.74222,10.8332
1831,32.5574,7.63365,10.956
1832,33.0613,7.51768,11.0749
1833,33.589,7.39495,11.1916
1834,34.1399,7.26633,11.3083
1835,34.7132,7.13288,11.4275
1836,35.3081,6.99588,11.552
1837,35.9236,6.85681,11.6847
1838,36.5589,6.71731,11.8285
1839,37.2129,6.57924,11.9861
1840,37.8844,6.44456,12.1601
1841,38.5723,6.31528,12.3522
1842,39.2752,6.19343,12.5638
1843,39.9917,6.081,12.7954
1844,40.7201,5.97983,13.0463
1845,41.4588,5.89153,13.315
1846,42.2059,5.81745,13.5989
1847,42.9592,5.75859,13.8941
1848,43.7169,5.71552,14.196
1849,44.4766,5.68838,14.499
1850,45.2362,5.67688,14.7967
1851,45.9935,5.68021,15.0827
1852,46.7464,5.69724,15.3504
1853,47.4931,5.72633,15.594
1854,48.2319,5.7656,15.8082
1855,48.9617,5.81286,15.9895
1856,49.6813,5.86575,16.1355
1857,50.3902,5.92182,16.2458
1858,51.0881,5.97855,16.3217
1859,51.7747,6.03355,16.3667
1860,52.4503,6.08447,16.3857
1861,53.115,6.1292,16.3851
1862,53.7689,6.16587,16.3724
1863,54.4122,6.19289,16.3557
1864,55.0449,6.20898,16.343
1865,55.667,6.21319,16.342
1866,56.2782,6.20492,16.3593
1867,56.8778,6.18385,16.4004
1868,57.4654,6.14999,16.4692
1869,58.04,6.10363,16.5682
1870,58.6008,6.04524,16.6978
1871,59.1468,5.97553,16.8573
1872,59.6769,5.89532,17.0443
1873,60.1901,5.80557,17.2554
1874,60.6853,5.70725,17.4865
1875,61.1615,5.60139,17.7329
1876,61.6179,5.48893,17.9897
1877,62.0538,5.37081,18.2522
1878,62.4685,5.24783,18.516
1879,62.8615,5.12072,18.7774
1880,63.2326,4.99004,19.0331
1881,63.5816,4.85624,19.2808
1882,63.9084,4.71961,19.5186
1883,64.2132,4.5803,19.7455
1884,64.4963,4.43838,19.9611
1885,64.758,4.29376,20.1656
1886,64.9988,4.14631,20.3594
1887,65.2191,3.9958,20.5438
1888,65.4197,3.84199,20.7198
1889,65.6011,3.68463,20.8892
1890,65.764,3.52346,21.0535
1891,65.9093,3.35833,21.2147
1892,66.0376,3.18905,21.3745
1893,66.1497,3.01561,21.5348
1894,66.2463,2.8381,21.6974
1895,66.328,2.6567,21.8637
1896,66.3956,2.47179,22.0352
1897,66.4495,2.28382,22.2127
1898,66.4902,2.09346,22.3971
1899,66.518,1.90149,22.5884
1900,66.5329,1.70877,22.7867
1901,66.5352,1.5163,22.9913
1902,66.5245,1.32518,23.2012
1903,66.5005,1.13644,23.4152
1904,66.4629,0.951211,23.6317
1905,66.411,0.770547,23.8489
1906,66.344,0.595449,24.0651
1907,66.2612,0.426814,24.2786
1908,66.1615,0.265434,24.4877
1909,66.0439,0.111931,24.6911
1910,65.9074,-0.0332015,24.8877
1911,65.7508,-0.169627,25.0767
1912,65.5731,-0.297161,25.2576
1913,65.3732,-0.415804,25.4302
1914,65.1501,-0.525703,25.5945
1915,64.9027,-0.627101,25.7509
1916,64.6301,-0.720384,25.8997
1917,64.3317,-0.806033,26.0416
1918,64.0065,-0.884591,26.177
1919,63.6541,-0.956667,26.3066
1920,63.2738,-1.02287,26.4309
1921,62.8654,-1.08379,26.5504
1922,62.4284,-1.14002,26.6654
1923,61.9626,-1.19202,26.7762
1924,61.4679,-1.24019,26.8827
1925,60.9442,-1.28484,26.9848
1926,60.3913,-1.32606,27.0822
1927,59.8092,-1.36383,27.1744
1928,59.1977,-1.3979,27.2606
1929,58.5567,-1.42783,27.3399
1930,57.886,-1.45302,27.4112
1931,57.1853,-1.47257,27.4732
1932,56.4543,-1.48544,27.5245
1933,55.6924,-1.49037,27.5632
1934,54.8991,-1.48593,27.5875
1935,54.0738,-1.4705,27.5951
1936,53.2155,-1.44235,27.5835
1937,52.3234,-1.39968,27.5499
1938,51.3966,-1.34058,27.4909
1939,50.4341,-1.26316,27.403
1940,49.4348,-1.16559,27.2822
1941,48.3976,-1.0461,27.1238
1942,47.3216,-0.903155,26.9233
1943,46.2058,-0.735443,26.6755
1944,45.0495,-0.541982,26.3751
1945,43.8521,-0.322266,26.0168
1946,42.6135,-0.0762444,25.5954
1947,41.3336,0.195504,25.1059
1948,40.0131,0.491809,24.544
1949,38.653,0.810777,23.9057
1950,37.2549,1.14985,23.1885
1951,35.8211,1.50574,22.3906
1952,34.3547,1.87458,21.5121
1953,32.8595,2.25186,20.5544
1954,31.3402,2.63263,19.5209
1955,29.8025,3.01158,18.4173
1956,28.2531,3.38325,17.2512
1957,26.6994,3.74216,16.0322
1958,25.1499,4.08303,14.7723
1959,23.6141,4.40101,13.4853
1960,22.102,4.69178,12.1866
1961,20.6244,4.95182,10.8929
1962,19.1924,5.17849,9.62185
1963,17.8171,5.37018,8.39125
1964,16.5098,5.52629,7.21874
1965,15.2811,5.64724,6.12109
1966,14.1408,5.73446,5.11357
1967,13.0977,5.79019,4.20943
1968,12.1594,5.81739,3.41932
1969,11.3317,5.81953,2.75099
1970,10.6184,5.80039,2.2088
1971,10.0219,5.76393,1.79375
1972,9.54203,5.71409,1.50327
1973,9.17698,5.65462,1.33151
1974,8.92282,5.58906,1.26953
1975,8.77382,5.52056,1.30591
1976,8.72258,5.45194,1.42722
1977,8.76029,5.3856,1.61871
1978,8.87693,5.32354,1.865
1979,9.06158,5.26738,2.15063
1980,9.30271,5.21835,2.46071
1981,9.58848,5.17739,2.78127
1982,9.90701,5.14506,3.09971
1983,10.2467,5.12166,3.40507
1984,10.5962,5.10725,3.6881
1985,10.9453,5.10165,3.94146
1986,11.2842,5.10447,4.15958
1987,11.6045,5.11521,4.33871
1988,11.8988,5.13319,4.47664
1989,12.1609,5.15764,4.57258
1990,12.3858,5.18774,4.62703
1991,12.5701,5.22262,4.64149
1992,12.7114,5.26138,4.61832
1993,12.8085,5.3031,4.56065
1994,12.8615,5.34688,4.47229
1995,12.8714,5.39185,4.35754
1996,12.8405,5.43714,4.22116
1997,12.7715,5.48193,4.06839
1998,12.668,5.52543,3.90483
1999,12.5342,5.56691,3.73631
2000,12.3747,5.60567,3.56895
2001,12.1944,5.6411,3.40895
2002,11.9983,5.67264,3.26253
2003,11.7914,5.69978,3.13573
2004,11.5787,5.72215,3.0342
2005,11.3647,5.73943,2.96324
2006,11.1537,5.75139,2.92742
2007,10.9499,5.75789,2.93043
2008,10.7564,5.75884,2.97515
2009,10.5763,5.75429,3.06323
2010,10.4118,5.74429,3.19521
2011,10.2645,5.729,3.37038
2012,10.1356,5.70863,3.58686
2013,10.0254,5.68343,3.84145
2014,9.934,5.65369,4.13003
2015,9.86061,5.61977,4.44731
2016,9.80416,5.58206,4.78739
2017,9.76312,5.54097,5.14359
2018,9.73564,5.49694,5.50893
2019,9.71956,5.45046,5.87629
2020,9.71254,5.402,6.23862
2021,9.71217,5.35206,6.58912
2022,9.71595,5.30116,6.92153
2023,9.72151,5.24976,7.23038
2024,9.72656,5.19836,7.51094
2025,9.729,5.1474,7.75949
2026,9.72698,5.09729,7.97339
2027,9.71897,5.04847,8.15101
2028,9.70373,5.00128,8.29178
2029,9.68043,4.95603,8.39627
2030,9.64854,4.91304,8.46582
2031,9.60792,4.87258,8.50273
2032,9.55869,4.83489,8.50988
2033,9.50138,4.80023,8.49065
2034,9.43672,4.7688,8.44885
2035,9.36564,4.74083,8.38832
2036,9.28929,4.71654,8.31298
2037,9.20884,4.69613,8.22651
2038,9.12561,4.67979,8.13231
2039,9.04087,4.6677,8.03337
2040,8.95585,4.66002,7.93212
2041,8.87173,4.65683,7.83055
2042,8.78952,4.65821,7.72998
2043,8.71017,4.66415,7.63117
2044,8.63443,4.67455,7.53453
2045,8.56288,4.68928,7.43997
2046,8.49598,4.70808,7.34697
2047,8.43401,4.73061,7.25491
2048,8.37715,4.75647,7.16291
2049,8.32544,4.78514,7.07032
2050,8.27882,4.8161,6.9763
2051,8.23712,4.8487,6.8804
2052,8.20019,4.88233,6.78224
2053,8.16773,4.91633,6.68186
2054,8.13948,4.95002,6.57968
2055,8.11507,4.98278,6.47626
2056,8.09415,5.01404,6.37253
2057,8.07633,5.04325,6.26957
2058,8.06117,5.06995,6.16881
2059,8.04826,5.09378,6.07142
2060,8.03709,5.11445,5.97867
2061,8.02715,5.1318,5.89184
2062,8.01787,5.14572,5.81159
2063,8.0087,5.15621,5.73861
2064,7.99901,5.16339,5.67296
2065,7.98819,5.16742,5.61454
2066,7.97565,5.16852,5.56269
2067,7.96076,5.16698,5.5164
2068,7.94294,5.16318,5.47433
2069,7.92175,5.15742,5.43483
2070,7.89665,5.15009,5.39611
2071,7.86734,5.14154,5.3564
2072,7.83344,5.13215,5.31356
2073,7.79481,5.12223,5.26594
2074,7.75132,5.1121,5.21197
2075,7.70306,5.10201,5.15022
2076,7.65,5.0922,5.07968
2077,7.59244,5.08284,4.9998
2078,7.53058,5.07407,4.91035
2079,7.46473,5.06598,4.81143
2080,7.39528,5.05861,4.70359
2081,7.32251,5.05198,4.58771
2082,7.24686,5.04606,4.46493
2083,7.16865,5.04081,4.33664
2084,7.08813,5.03614,4.20428
2085,7.00572,5.03196,4.06947
2086,6.92156,5.02815,3.93378
2087,6.83587,5.02463,3.79874
2088,6.74877,5.02125,3.66567
2089,6.66045,5.01789,3.53585
2090,6.57098,5.01443,3.41027
2091,6.48039,5.01078,3.28987
2092,6.3888,5.00682,3.17525
2093,6.29636,5.00241,3.06688
2094,6.20308,4.99749,2.96508
2095,6.10911,4.99197,2.86987
2096,6.0146,4.98577,2.78121
2097,5.9198,4.97884,2.69895
2098,5.82486,4.97115,2.62294
2099,5.73014,4.96264,2.55283
2100,5.63586,4.95333,2.48843
2101,5.54233,4.94321,2.42944
2102,5.44991,4.93235,2.37561
2103,5.35894,4.92078,2.32674
2104,5.26966,4.90857,2.28267
2105,5.18245,4.89585,2.24335
2106,5.09745,4.88271,2.20851
2107,5.01487,4.86931,2.17831
2108,4.93477,4.85577,2.15253
2109,4.85724,4.84227,2.13113
2110,4.7821,4.82897,2.11383
2111,4.70925,4.81605,2.10042
2112,4.63843,4.80367,2.09057
2113,4.56912,4.79201,2.08373
2114,4.50099,4.78125,2.07936
2115,4.43338,4.77153,2.07674
2116,4.36573,4.76305,2.07502
2117,4.2973,4.7559,2.07346
2118,4.22735,4.75029,2.07106
2119,4.15514,4.7463,2.06679
2120,4.07987,4.7441,2.0597
2121,4.00083,4.74376,2.04885
2122,3.91723,4.74539,2.03314
2123,3.82837,4.74905,2.01199
2124,3.73365,4.75479,1.98449
2125,3.63253,4.76258,1.95042
2126,3.52458,4.77239,1.90946
2127,3.40947,4.78417,1.86171
2128,3.28701,4.79777,1.8076
2129,3.15707,4.81303,1.74765
2130,3.01988,4.82971,1.68299
2131,2.87553,4.84755,1.61473
2132,2.72448,4.86623,1.54455
2133,2.56721,4.8854,1.47394
2134,2.40438,4.90469,1.40489
2135,2.2367,4.92367,1.33901
2136,2.06504,4.94194,1.27843
2137,1.89021,4.9591,1.22472
2138,1.71317,4.97475,1.17944
2139,1.53482,4.98854,1.14414
2140,1.35608,5.00016,1.11971
2141,1.17779,5.00935,1.1071
2142,1.00079,5.01591,1.10663
2143,0.825812,5.01974,1.11847
2144,0.65351,5.0208,1.14225
2145,0.484533,5.01911,1.17743
2146,0.319367,5.01481,1.22302
2147,0.158455,5.00808,1.27765
2148,0.00221833,4.99918,1.33974
2149,-0.14895,4.98845,1.40753
2150,-0.294655,4.97626,1.47893
2151,-0.434403,4.96303,1.5521
2152,-0.567624,4.9492,1.6247
2153,-0.693683,4.93525,1.69494
2154,-0.811635,4.92166,1.76083
2155,-0.920454,4.90892,1.82061
2156,-1.01878,4.89749,1.87285
2157,-1.10501,4.88785,1.91646
2158,-1.17717,4.88045,1.95041
2159,-1.23306,4.8757,1.97414
2160,-1.27005,4.87403,1.98745
2161,-1.28525,4.87578,1.99023
2162,-1.27533,4.8813,1.98281
2163,-1.23672,4.89091,1.96597
2164,-1.16548,4.90487,1.94087
2165,-1.05741,4.92344,1.90878
2166,-0.908081,4.94684,1.87164
2167,-0.712895,4.97527,1.83161
2168,-0.467118,5.00888,1.79132
2169,-0.166007,5.04782,1.75371
2170,0.195127,5.09218,1.72219
2171,0.620704,5.14201,1.69998
2172,1.115,5.19731,1.69111
2173,1.68178,5.25801,1.6993
2174,2.32425,5.32396,1.72836
2175,3.04496,5.39492,1.78195
2176,3.84569,5.47051,1.86345
2177,4.72729,5.5502,1.97597
2178,5.68959,5.63334,2.12192
2179,6.73131,5.71907,2.30309
2180,7.85003,5.80632,2.52046
2181,9.04212,5.89386,2.77404
2182,10.3028,5.98025,3.06282
2183,11.626,6.06388,3.38515
2184,13.0047,6.14305,3.73803
2185,14.431,6.21593,4.11776
2186,15.8964,6.2807,4.52008
2187,17.3914,6.33563,4.94037
2188,18.9067,6.37901,5.37365
2189,20.4329,6.40946,5.81545
2190,21.9607,6.42575,6.26124
2191,23.4813,6.42699,6.70755
2192,24.9866,6.41262,7.15138
2193,26.4689,6.38245,7.59022
2194,27.9216,6.33657,8.02248
2195,29.3385,6.27552,8.44712
2196,30.7144,6.20006,8.86348
2197,32.045,6.11139,9.27159
2198,33.3263,6.01089,9.67161
2199,34.5555,5.90028,10.0639
2200,35.7302,5.78148,10.4486
2201,36.8487,5.65669,10.8261
2202,37.91,5.52821,11.1961
2203,38.9136,5.39848,11.5583
2204,39.8598,5.27001,11.9122
2205,40.7493,5.14524,12.2566
2206,41.5835,5.0266,12.5902
2207,42.364,4.91636,12.9118
2208,43.0933,4.81637,13.22
2209,43.7741,4.72833,13.5134
2210,44.4095,4.65342,13.7907
2211,45.0028,4.59253,14.0507
2212,45.5576,4.54595,14.2924
2213,46.0776,4.51354,14.5153
2214,46.5665,4.49471,14.7187
2215,47.0279,4.48847,14.9026
2216,47.4654,4.49341,15.0669
2217,47.8819,4.50791,15.2122
2218,48.2805,4.53001,15.3391
2219,48.6636,4.55774,15.4489
2220,49.0331,4.58904,15.5434
2221,49.3908,4.62179,15.6243
2222,49.7376,4.65403,15.6947
2223,50.0742,4.68391,15.7569
2224,50.4009,4.7095,15.8137
2225,50.7177,4.72943,15.8683
2226,51.0241,4.74223,15.9232
2227,51.3195,4.74671,15.9807
2228,51.6032,4.74196,16.0427
2229,51.8743,4.72711,16.1104
2230,52.132,4.70178,16.1839
2231,52.375,4.66567,16.2632
2232,52.6027,4.61856,16.3474
2233,52.8142,4.56065,16.4347
2234,53.0088,4.49231,16.5232
2235,53.186,4.41388,16.611
2236,53.3452,4.32604,16.6958
2237,53.4862,4.22956,16.776
2238,53.6089,4.12529,16.8502
2239,53.7133,4.01417,16.9177
2240,53.7997,3.89732,16.9785
2241,53.8682,3.77567,17.0333
2242,53.9194,3.6505,17.0835
2243,53.9538,3.52294,17.1309
2244,53.972,3.39419,17.1779
2245,53.9748,3.26546,17.2271
2246,53.9628,3.13804,17.2809
2247,53.9367,3.01315,17.3417
2248,53.8974,2.89205,17.4117
2249,53.8451,2.77596,17.4923
2250,53.7807,2.6663,17.5845
2251,53.7046,2.56403,17.6891
2252,53.617,2.47054,17.8054
2253,53.5184,2.38669,17.9331
2254,53.4088,2.31361,18.0707
2255,53.2885,2.25211,18.2171
2256,53.1574,2.2028,18.3702
2257,53.0154,2.16642,18.5285
2258,52.8625,2.14333,18.6901
2259,52.6983,2.13352,18.8531
2260,52.5228,2.13717,19.0164
2261,52.3354,2.15396,19.1784
2262,52.136,2.18348,19.3382
2263,51.9237,2.22518,19.4952
2264,51.6981,2.27834,19.6483
2265,51.4583,2.34203,19.7976
2266,51.2036,2.4152,19.9427
2267,50.9326,2.49671,20.0834
2268,50.6445,2.58536,20.2197
2269,50.3378,2.67981,20.3514
2270,50.011,2.77876,20.4784
2271,49.6626,2.88087,20.6005
2272,49.291,2.98471,20.7174
2273,48.8945,3.08906,20.8286
2274,48.4713,3.19261,20.9335
2275,48.0194,3.29421,21.0318
2276,47.5373,3.39273,21.1225
2277,47.023,3.48736,21.205
2278,46.475,3.57713,21.2783
2279,45.8915,3.66158,21.3412
2280,45.2712,3.74015,21.3932
2281,44.6128,3.81255,21.4326
2282,43.9151,3.87875,21.4582
2283,43.1773,3.93864,21.4685
2284,42.3987,3.99268,21.462
2285,41.5789,4.04129,21.4364
2286,40.718,4.08488,21.3902
2287,39.8159,4.12423,21.3207
2288,38.8735,4.16007,21.2256
2289,37.8913,4.19333,21.102
2290,36.8706,4.22486,20.9471
2291,35.8129,4.25551,20.7579
2292,34.7199,4.2861,20.5313
2293,33.5937,4.31753,20.2642
2294,32.4367,4.35042,19.9536
2295,31.2515,4.38541,19.5969
2296,30.0408,4.42302,19.1912
2297,28.8077,4.46364,18.7346
2298,27.5553,4.50753,18.2249
2299,26.2872,4.5547,17.6613
2300,25.0066,4.60515,17.0429
2301,23.7173,4.65868,16.3702
2302,22.4228,4.71507,15.6438
2303,21.1272,4.7738,14.8656
2304,19.834,4.83433,14.0385
2305,18.5473,4.89607,13.1657
2306,17.2711,4.95833,12.252
2307,16.0098,5.02027,11.3034
2308,14.7677,5.08116,10.3263
2309,13.5491,5.14015,9.32854
2310,12.359,5.19644,8.31906
2311,11.202,5.24938,7.30731
2312,10.0833,5.2983,6.30368
2313,9.00803,5.34262,5.3193
2314,7.98122,5.38202,4.3647
2315,7.00815,5.41619,3.45135
2316,6.09369,5.44504,2.5897
2317,5.24228,5.46861,1.78943
2318,4.45797,5.48704,1.05896
2319,3.74422,5.50053,0.405602
2320,3.10356,5.50938,-0.165722
2321,2.53729,5.51393,-0.651949
2322,2.04617,5.51446,-1.05211
2323,1.62926,5.51133,-1.36744
2324,1.28479,5.50479,-1.6018
2325,1.00962,5.49516,-1.76049
2326,0.799554,5.48266,-1.85043
2327,0.649526,5.46757,-1.88
2328,0.553376,5.45009,-1.85861
2329,0.504699,5.43045,-1.7954
2330,0.496429,5.40892,-1.70002
2331,0.52124,5.38573,-1.58125
2332,0.571894,5.36113,-1.44751
2333,0.641343,5.33536,-1.30618
2334,0.723038,5.3086,-1.16318
2335,0.810761,5.28104,-1.02372
2336,0.899219,5.25282,-0.891521
2337,0.983669,5.22405,-0.769438
2338,1.06039,5.1948,-0.6594
2339,1.12624,5.16519,-0.562142
2340,1.17941,5.13525,-0.477619
2341,1.21829,5.1051,-0.405648
2342,1.24252,5.07483,-0.345241
2343,1.25207,5.04464,-0.295101
2344,1.24775,5.01474,-0.253782
2345,1.23067,4.98543,-0.219576
2346,1.20203,4.95705,-0.191248
2347,1.16378,4.93,-0.166737
2348,1.11747,4.90472,-0.145033
2349,1.06487,4.88166,-0.124922
2350,1.00762,4.86127,-0.105283
2351,0.947173,4.84398,-0.0855635
2352,0.88486,4.83018,-0.0648149
2353,0.821613,4.82017,-0.0430121
2354,0.75825,4.81415,-0.0199469
2355,0.69539,4.81225,0.00471408
2356,0.633106,4.81451,0.0305271
2357,0.571648,4.82081,0.0573609
2358,0.511057,4.83092,0.0855169
2359,0.45111,4.84452,0.114729
2360,0.391628,4.86118,0.144987
2361,0.332537,4.88043,0.176673
2362,0.273592,4.90165,0.209733
2363,0.215028,4.92421,0.245172
2364,0.156687,4.94745,0.283221
2365,0.0988349,4.97067,0.324662
2366,0.041964,4.99317,0.370448
2367,-0.0136231,5.01429,0.42118
2368,-0.0671937,5.03337,0.477715
2369,-0.118192,5.04984,0.540334
2370,-0.165848,5.0632,0.609597
2371,-0.209417,5.07303,0.685689
2372,-0.248105,5.07904,0.768541
2373,-0.281168,5.08105,0.857963
2374,-0.307997,5.07904,0.953418
2375,-0.327955,5.07307,1.05411
2376,-0.340403,5.06336,1.15891
2377,-0.345212,5.05029,1.2666
2378,-0.341846,5.03429,1.37625
2379,-0.330312,5.01593,1.48602
2380,-0.31052,4.99585,1.59474
2381,-0.282687,4.97477,1.70078
2382,-0.246989,4.95338,1.80269
2383,-0.203943,4.93246,1.8989
2384,-0.154124,4.91274,1.98835
2385,-0.0982455,4.89488,2.06935
2386,-0.0371582,4.87951,2.14092
2387,0.0282614,4.86715,2.2017
2388,0.0967382,4.85825,2.25077
2389,0.16739,4.85311,2.28717
2390,0.238962,4.85194,2.31009
2391,0.310349,4.85476,2.31932
2392,0.380419,4.86157,2.31405
2393,0.448151,4.87217,2.29464
2394,0.512531,4.88629,2.26104
2395,0.572715,4.90357,2.21393
2396,0.628028,4.92356,2.15392
2397,0.677871,4.94578,2.08252
2398,0.721934,4.96968,2.0013
2399,0.76001,4.99468,1.91178
2400,0.791973,5.02022,1.81607
2401,0.817925,5.04577,1.71642
2402,0.838018,5.07077,1.61515
2403,0.852443,5.09472,1.51424
2404,0.861601,5.11716,1.41633
2405,0.8658,5.13772,1.32342
2406,0.865325,5.15607,1.23723
2407,0.860555,5.17194,1.15966
2408,0.851685,5.18518,1.09173
2409,0.838979,5.19571,1.03466
2410,0.822547,5.20348,0.988673
2411,0.802481,5.20853,0.954062
2412,0.778714,5.21097,0.930533
2413,0.751337,5.21089,0.917217
2414,0.720026,5.20853,0.913127
2415,0.684665,5.20407,0.91705
2416,0.645022,5.19775,0.927209
2417,0.600819,5.18985,0.941896
2418,0.5518,5.18058,0.959148
2419,0.497684,5.17027,0.977212
2420,0.438313,5.15916,0.994211
2421,0.373364,5.14752,1.00864
2422,0.302765,5.13563,1.01872
2423,0.226341,5.12377,1.02348
2424,0.144129,5.1122,1.02193
2425,0.0558829,5.10121,1.01304
2426,-0.0381325,5.09103,0.996725
2427,-0.137991,5.08195,0.97271
2428,-0.243576,5.07423,0.940893
2429,-0.354599,5.06805,0.90198
2430,-0.470916,5.06365,0.856257
2431,-0.592233,5.06113,0.804477
2432,-0.718362,5.06063,0.74754
2433,-0.848893,5.06214,0.686335
2434,-0.983577,5.06567,0.621813
2435,-1.122,5.07112,0.554955
2436,-1.26388,5.0784,0.48648
2437,-1.40882,5.08734,0.417306
2438,-1.55646,5.09772,0.348179
2439,-1.70635,5.10934,0.279363
2440,-1.85809,5.12195,0.211555
2441,-2.01131,5.13526,0.14485
2442,-2.16547,5.14904,0.0796126
2443,-2.32017,5.16301,0.0157743
2444,-2.475,5.17692,-0.0466394
2445,-2.62933,5.19043,-0.107614
2446,-2.78271,5.2033,-0.167313
2447,-2.9347,5.21526,-0.225852
2448,-3.08467,5.22603,-0.283241
2449,-3.23212,5.23534,-0.339582
2450,-3.3765,5.24292,-0.394725
2451,-3.51724,5.24854,-0.448572
2452,-3.6537,5.25191,-0.500749
2453,-3.78556,5.25285,-0.551102
2454,-3.91218,5.25108,-0.598838
2455,-4.03308,5.24643,-0.643542
2456,-4.14779,5.23868,-0.684379
2457,-4.25595,5.22774,-0.720373
2458,-4.35726,5.2135,-0.750885
2459,-4.45146,5.19596,-0.774691
2460,-4.5383,5.17516,-0.790741
2461,-4.61765,5.15124,-0.798213
2462,-4.68957,5.12439,-0.796485
2463,-4.75406,5.09494,-0.784715
2464,-4.81128,5.06327,-0.762421
2465,-4.86153,5.02985,-0.729481
2466,-4.90504,4.99526,-0.685948
2467,-4.9423,4.96006,-0.632299
2468,-4.97371,4.92498,-0.569552
2469,-4.99983,4.89072,-0.498241
2470,-5.02125,4.85796,-0.420431
2471,-5.03853,4.82744,-0.337324
2472,-5.05234,4.79986,-0.251008
2473,-5.06323,4.77581,-0.163671
2474,-5.07195,4.75592,-0.0771128
2475,-5.07904,4.74061,0.00621069
2476,-5.08509,4.73031,0.0842818
2477,-5.09064,4.72529,0.154987
2478,-5.09616,4.72577,0.216444
2479,-5.10226,4.73184,0.266829
2480,-5.10929,4.74346,0.30485
2481,-5.11757,4.76045,0.329416
2482,-5.12738,4.78253,0.340167
2483,-5.1387,4.80915,0.33707
2484,-5.15158,4.83968,0.320958
2485,-5.16575,4.87333,0.292837
2486,-5.18113,4.90933,0.254229
2487,-5.19745,4.94681,0.206836
2488,-5.21466,4.98497,0.152926
2489,-5.23248,5.02301,0.0942907
2490,-5.25087,5.06026,0.0331452
2491,-5.26979,5.0961,-0.0285476
2492,-5.28913,5.13007,-0.0887861
2493,-5.30888,5.16173,-0.146283
2494,-5.32909,5.19082,-0.199883
2495,-5.34977,5.21718,-0.248635
2496,-5.37099,5.24083,-0.292396
2497,-5.39283,5.26185,-0.33141
2498,-5.4155,5.28044,-0.366541
2499,-5.43891,5.2968,-0.398665
2500,-5.46297,5.31118,-0.429013
2501,-5.4874,5.32374,-0.458917
2502,-5.51185,5.33461,-0.489593
2503,-5.53563,5.34383,-0.522307
2504,-5.55809,5.35142,-0.557878
2505,-5.57828,5.3573,-0.597054
2506,-5.59518,5.36129,-0.640235
2507,-5.60787,5.36332,-0.687698
2508,-5.61507,5.3631,-0.739205
2509,-5.61555,5.3604,-0.794191
2510,-5.60807,5.35492,-0.851732
2511,-5.59117,5.34636,-0.910479
2512,-5.56361,5.3344,-0.968956
2513,-5.52419,5.31884,-1.02537
2514,-5.4717,5.29951,-1.07811
2515,-5.40532,5.27637,-1.12555
2516,-5.32425,5.24952,-1.16606
2517,-5.2281,5.21915,-1.19823
2518,-5.11645,5.18548,-1.22093
2519,-4.98914,5.14885,-1.23278
2520,-4.84607,5.10953,-1.23267
2521,-4.68738,5.06791,-1.21973
2522,-4.51331,5.0244,-1.19298
2523,-4.32417,4.97946,-1.15174
2524,-4.1205,4.93352,-1.09581
2525,-3.90302,4.88716,-1.02451
2526,-3.67258,4.84094,-0.937835
2527,-3.43003,4.79539,-0.835607
2528,-3.17662,4.75116,-0.717871
2529,-2.91348,4.70888,-0.584756
2530,-2.64208,4.66917,-0.436552
2531,-2.36387,4.63262,-0.273208
2532,-2.0804,4.59981,-0.0949505
2533,-1.79326,4.57126,0.0981482
2534,-1.50425,4.54743,0.305944
2535,-1.21495,4.52875,0.528479
2536,-0.92709,4.51547,0.765476
2537,-0.642243,4.50782,1.01686
2538,-0.361735,4.50584,1.28247
2539,-0.0870171,4.50947,1.56183
2540,0.180982,4.51845,1.85474
2541,0.441629,4.53232,2.16092
2542,0.694377,4.55052,2.47934
2543,0.938999,4.57238,2.80886
2544,1.17539,4.59721,3.14789
2545,1.40359,4.62424,3.49338
2546,1.62349,4.65289,3.84221
2547,1.83502,4.68257,4.18975
2548,2.03798,4.71285,4.53097
2549,2.23202,4.74337,4.86009
2550,2.41687,4.77391,5.17117
2551,2.59185,4.80432,5.45816
2552,2.7565,4.83449,5.71571
2553,2.91037,4.86427,5.93893
2554,3.05302,4.89351,6.12447
2555,3.1843,4.92193,6.26981
2556,3.30407,4.94918,6.37472
2557,3.41241,4.97485,6.43908
2558,3.50957,4.99838,6.4647
2559,3.59574,5.01932,6.45399
2560,3.67133,5.03708,6.40991
2561,3.73642,5.05127,6.3357
2562,3.79145,5.06138,6.23436
2563,3.83659,5.06706,6.10895
2564,3.87208,5.06796,5.96231
2565,3.898,5.06388,5.79621
2566,3.91433,5.05462,5.61229
2567,3.92133,5.04001,5.41196
2568,3.9189,5.02,5.19589
2569,3.90713,4.99446,4.9644
2570,3.88606,4.96336,4.71796
2571,3.85567,4.92666,4.45648
2572,3.8161,4.88431,4.18014
