695313,25.06,-9.510873,0.124427,1.378266,1.021748,-0.910113,-0.925461
9765,25.06,-9.722039,0.166301,1.489532,1.541137,-2.415590,-2.222099
9766,24.88,-9.697513,0.095115,1.521835,0.947452,-1.285108,-1.118036
9766,24.88,-9.643076,0.403191,1.481755,0.011454,0.007941,-0.143324
9765,24.81,-9.626327,0.664008,1.439283,0.005498,0.009850,-0.144699
9766,24.81,-9.435498,0.827917,1.333400,0.024511,-0.013286,-0.171348
9765,24.81,-9.391231,0.879362,1.345365,0.020540,-0.005116,-0.153174
9766,24.81,-9.425329,0.687937,1.367498,0.010308,-0.008628,-0.101404
9766,24.81,-9.929616,0.915853,1.122832,0.062461,-0.201509,-0.062919
8789,24.81,-9.850055,0.811167,1.546960,0.073686,-0.173333,-0.042608
9766,24.81,-9.722637,0.606581,1.429114,0.047342,-0.159436,0.003436
9765,24.81,-9.648459,0.522234,1.480559,0.023213,-0.178907,0.050244
9766,24.88,-9.701102,0.605384,1.424926,0.003131,-0.216094,0.079489
9766,24.88,-9.690932,0.630509,1.436292,0.000764,-0.224493,0.084070
9765,24.75,-9.469596,0.732802,1.470988,0.028023,-0.262138,0.090943
9766,24.75,-9.399008,0.763909,1.483550,0.122555,-0.397597,0.099113
9765,24.81,-9.602996,0.708276,1.559522,0.242284,-0.540158,0.102167
9766,24.81,-9.912867,0.761516,1.523032,0.391106,-0.611934,0.080405
9766,24.94,-10.121042,0.674178,1.565504,0.476475,-0.564592,0.044288
9765,24.94,-10.250853,-0.025723,1.433301,0.310854,-0.276875,-0.024511
9766,24.88,-9.616755,0.449851,1.630111,-0.089492,0.062919,-0.078496
9766,24.88,-9.577871,0.826720,1.560719,-0.146455,0.099647,-0.123853
9765,24.81,-8.837294,1.386043,1.822134,-0.162185,0.097968,-0.141797
9766,24.81,-9.533604,0.911665,1.642673,-0.138437,0.129885,-0.125991
9765,24.88,-9.551551,0.792024,1.575076,-0.127824,0.003360,-0.120570
9766,24.88,-9.293724,0.970290,1.479363,-0.090866,-0.068493,-0.126373
9766,24.81,-8.711670,1.861616,1.524228,-0.026573,-0.107436,-0.133550
9765,24.81,-9.531810,0.999003,1.633101,0.134772,-0.228693,-0.212123
9766,24.88,-9.628719,0.535394,1.677967,0.361479,-0.389961,-0.155771
9766,24.88,-9.867403,0.089133,1.437488,0.334754,-0.293826,-0.065057
9765,24.88,-9.561122,-0.062213,1.637887,0.178373,-0.199524,-0.068722
9766,24.88,-9.692726,0.367896,1.459622,-0.004887,-0.198226,-0.058338
9765,24.81,-9.700503,0.816551,1.392025,-0.092164,-0.174402,-0.061774
9766,24.81,-9.780066,1.091127,1.476372,-0.054672,-0.172035,-0.062690
9766,24.81,-10.030115,1.006182,1.454836,0.039859,-0.168599,-0.059712
9765,24.81,-8.967103,0.686142,1.574477,0.121180,-0.143401,-0.078267
9766,24.81,-9.273983,0.530010,1.557130,0.109269,-0.175700,-0.062537
9766,24.81,-9.567104,0.613759,1.591227,0.057956,-0.189292,-0.053603
9765,24.81,-9.621540,0.636491,1.539781,0.034743,-0.186619,-0.053298
9766,24.81,-9.571292,0.698106,1.591825,0.031460,-0.191812,-0.049938
9765,24.81,-9.510274,0.686142,1.668994,0.008399,-0.186314,-0.046578
9766,24.81,-9.531810,0.812962,1.640280,0.001374,-0.185627,-0.043524
9766,24.81,-9.598808,0.744168,1.700101,0.000076,-0.196088,-0.043677
9765,24.81,-9.592229,0.722632,1.700699,0.026344,-0.201204,-0.043677
9766,24.81,-9.571889,0.629312,1.756332,0.045280,-0.204640,-0.044593
9766,24.81,-9.546166,0.625125,1.715056,0.055360,-0.203418,-0.045051
9765,24.88,-9.555738,0.595813,1.777867,0.048946,-0.208381,-0.044975
9766,24.88,-9.585050,0.654437,1.765305,0.044593,-0.209679,-0.046426
9765,24.94,-9.594621,0.683749,1.857429,0.030161,-0.207083,-0.042761
9766,24.94,-9.565907,0.748954,1.878366,0.028023,-0.202349,-0.043830
9766,24.88,-9.562917,0.751346,1.996212,0.031536,-0.201433,-0.047724
9765,24.88,-9.557532,0.782453,2.030310,0.033674,-0.194790,-0.045280
9766,24.88,-9.571889,0.767498,2.100300,0.031307,-0.188452,-0.044593
9766,24.88,-9.568898,0.795015,2.097309,0.037874,-0.176922,-0.045739
9765,24.81,-9.587442,0.792024,2.133800,0.052153,-0.171119,-0.048182
9766,24.81,-9.555738,0.776471,2.140380,0.051007,-0.156229,-0.047571
9765,24.94,-9.527024,0.801596,2.124826,0.052000,-0.143172,-0.048564
9766,24.94,-9.543774,0.822533,2.077569,0.062308,-0.136910,-0.049556
9766,24.81,-9.560523,0.816551,2.048855,0.077656,-0.134619,-0.052000
9765,24.81,-9.550354,0.803988,2.019542,0.091401,-0.122555,-0.052840
9766,24.88,-9.544373,0.774078,1.979463,0.090103,-0.110796,-0.052458
9766,24.88,-9.550952,0.782453,1.952543,0.085827,-0.110490,-0.054825
9765,24.94,-9.560523,0.775873,1.922633,0.084834,-0.108658,-0.055741
9766,24.94,-9.548559,0.768694,1.905883,0.085292,-0.108734,-0.055971
9765,24.88,-9.553345,0.756730,1.875973,0.088957,-0.107970,-0.057803
9766,24.88,-9.552747,0.731007,1.872384,0.092852,-0.108887,-0.058032
9766,24.81,-9.541381,0.695115,1.865205,0.092928,-0.112017,-0.060552
9765,24.81,-9.537193,0.665803,1.858027,0.089950,-0.109039,-0.061163
9766,24.88,-9.540782,0.701695,1.838884,0.079183,-0.107054,-0.061163
9765,24.81,-9.563515,0.707677,1.832304,0.071166,-0.104000,-0.059712
9766,24.81,-9.572488,0.732802,1.839483,0.067806,-0.106138,-0.058414
9765,24.81,-9.552149,0.750748,1.867598,0.064064,-0.108047,-0.058032
9766,24.81,-9.533006,0.750150,1.856830,0.062614,-0.109116,-0.056581
9766,24.88,-9.541381,0.739382,1.831706,0.068493,-0.111177,-0.055589
9765,24.88,-9.543176,0.731007,1.817947,0.070555,-0.104611,-0.054672
9766,24.88,-9.538988,0.714856,1.801197,0.066661,-0.106138,-0.054062
9766,24.88,-9.550952,0.722034,1.801796,0.057116,-0.112017,-0.055971
9765,24.88,-9.549157,0.734597,1.800001,0.055054,-0.107589,-0.055207
9766,24.88,-9.552747,0.746561,1.806581,0.055436,-0.107207,-0.055971
9765,24.88,-9.562917,0.718445,1.841875,0.054978,-0.113774,-0.058948
8789,24.88,-9.555140,0.745963,1.850848,0.052458,-0.112781,-0.057574
9766,24.88,-9.537791,0.775275,1.874179,0.052611,-0.112017,-0.058261
9766,24.88,-9.533604,0.765703,1.874777,0.061392,-0.115454,-0.059559
9765,24.88,-9.555738,0.743570,1.900499,0.070784,-0.114232,-0.058948
9766,24.88,-9.553944,0.735195,1.901098,0.073915,-0.113621,-0.058719
9766,24.94,-9.543176,0.717249,1.874777,0.067348,-0.115224,-0.059025
9765,24.94,-9.525827,0.726820,1.861616,0.062843,-0.117515,-0.060857
9766,24.94,-9.552149,0.740579,1.864607,0.061621,-0.117668,-0.061926
9765,24.94,-9.535398,0.745963,1.874777,0.060705,-0.110948,-0.059330
9766,24.88,-9.547961,0.771087,1.880759,0.060628,-0.112781,-0.062843
9766,24.88,-9.554542,0.738784,1.914856,0.061468,-0.112476,-0.061621
9765,24.81,-9.552747,0.761516,1.887937,0.068341,-0.113086,-0.064294
9766,24.81,-9.538390,0.770489,1.893321,0.068417,-0.115072,-0.066203
9766,24.88,-9.541381,0.741775,1.868196,0.067577,-0.114308,-0.064294
9765,24.88,-9.568300,0.759721,1.903491,0.072540,-0.106825,-0.063301
9766,24.88,-9.566505,0.745364,1.928615,0.070173,-0.105756,-0.063148
9765,24.88,-9.551551,0.745364,1.956133,0.073838,-0.104534,-0.064599
9766,24.88,-9.567104,0.762114,2.014159,0.073304,-0.102931,-0.066279
9766,24.88,-9.546166,0.777667,2.028516,0.076740,-0.097815,-0.064828
9765,24.88,-9.531211,0.792024,2.000400,0.080711,-0.095600,-0.066813
9766,24.88,-9.538988,0.789631,1.998007,0.087888,-0.091782,-0.069562
9766,24.81,-9.553345,0.796212,1.954936,0.098502,-0.084758,-0.072846
9765,24.81,-9.555738,0.771087,1.912464,0.098655,-0.080634,-0.072082
9766,24.88,-9.573086,0.767498,1.887339,0.092546,-0.080023,-0.070937
9765,24.88,-9.580863,0.777667,1.884946,0.087583,-0.080711,-0.072922
9766,24.88,-9.569496,0.773480,1.899901,0.087201,-0.078496,-0.075060
9766,24.88,-9.548559,0.759123,1.923231,0.088194,-0.073991,-0.075365
9765,24.94,-9.557532,0.746561,1.911865,0.090561,-0.070479,-0.074296
9766,24.94,-9.561122,0.721436,1.912464,0.092012,-0.070784,-0.074296
9766,24.88,-9.552747,0.705883,1.892125,0.091782,-0.069486,-0.074984
9765,24.88,-9.562318,0.743570,1.844268,0.093004,-0.069333,-0.073915
9766,24.88,-9.578470,0.708276,1.862214,0.092546,-0.070479,-0.075136
9765,24.88,-9.559925,0.711865,1.822134,0.094379,-0.063835,-0.072693
9766,24.88,-9.554542,0.680758,1.755136,0.092164,-0.065744,-0.072540
9766,24.88,-9.566505,0.638286,1.691726,0.088346,-0.071853,-0.070402
9765,24.88,-9.569496,0.638286,1.684547,0.085827,-0.074296,-0.069257
9766,24.88,-9.560523,0.657428,1.667797,0.077656,-0.077656,-0.068799
9766,24.94,-9.561122,0.652642,1.621137,0.072617,-0.085063,-0.069562
9765,24.94,-9.559925,0.653241,1.633101,0.075136,-0.091477,-0.069410
9766,24.88,-9.516256,0.644866,1.577468,0.078573,-0.093157,-0.066813
9765,24.88,-9.532408,0.624527,1.586442,0.085445,-0.105069,-0.065210
9766,24.88,-9.559327,0.610170,1.591227,0.079183,-0.111636,-0.062766
9766,24.88,-9.524632,0.610170,1.567299,0.071013,-0.118126,-0.062919
9765,24.94,-9.545568,0.637089,1.616950,0.066355,-0.126373,-0.060781
9766,24.94,-9.541979,0.672981,1.650450,0.058948,-0.129427,-0.060781
9766,24.88,-9.536595,0.673580,1.678565,0.059712,-0.133092,-0.057727
9765,24.88,-9.555738,0.681356,1.719841,0.061163,-0.137979,-0.055054
9766,24.94,-9.556335,0.686142,1.758127,0.064294,-0.145233,-0.059483
9766,24.88,-9.556934,0.704088,1.815554,0.069562,-0.146989,-0.059636
9766,24.88,-9.553944,0.689133,1.861616,0.065592,-0.147600,-0.057345
9765,24.88,-9.550354,0.712463,1.911865,0.065744,-0.148669,-0.058338
9766,24.88,-9.546166,0.739382,1.945963,0.063683,-0.146837,-0.059178
9766,24.88,-9.570095,0.730409,1.967499,0.067272,-0.143706,-0.059712
9765,24.88,-9.565907,0.775873,1.987838,0.073838,-0.143706,-0.061468
9766,24.88,-9.571889,0.783051,1.973481,0.076740,-0.140117,-0.060399
9765,24.88,-9.568898,0.789033,2.012962,0.078649,-0.131031,-0.057650
9766,24.94,-9.552747,0.783051,1.971088,0.083154,-0.126907,-0.060399
9766,24.94,-9.571889,0.750748,1.995016,0.087736,-0.127289,-0.061850
9765,24.88,-9.551551,0.718445,1.986641,0.084376,-0.124006,-0.061697
9766,24.88,-9.555738,0.736989,1.951347,0.076740,-0.122249,-0.063072
9766,24.94,-9.566505,0.755534,1.960320,0.069410,-0.114766,-0.062079
9765,24.94,-9.565310,0.777069,1.933999,0.071853,-0.111407,-0.061774
9766,24.88,-9.555140,0.765105,1.900499,0.080940,-0.109039,-0.061926
9765,24.88,-9.553345,0.745364,1.869991,0.091095,-0.109574,-0.062843
9766,24.88,-9.553345,0.706481,1.890928,0.092012,-0.103923,-0.063148
9766,24.88,-9.566505,0.710668,1.883750,0.089034,-0.103236,-0.064217
9765,24.88,-9.561720,0.719043,1.859821,0.085216,-0.100258,-0.063072
9766,24.88,-9.543176,0.726222,1.869393,0.081932,-0.102014,-0.063301
9766,24.94,-9.535997,0.710668,1.851447,0.082849,-0.105832,-0.063606
9765,24.94,-9.537791,0.698704,1.828117,0.085139,-0.107130,-0.064599
8789,24.94,-9.577272,0.702892,1.822134,0.089721,-0.105451,-0.062614
9766,24.94,-9.556934,0.699901,1.808974,0.088957,-0.100793,-0.060552
9766,25.00,-9.543176,0.712463,1.792224,0.096364,-0.103771,-0.061697
9765,25.00,-9.536595,0.698106,1.773082,0.093844,-0.102473,-0.060170
9766,24.88,-9.552149,0.696910,1.801197,0.090484,-0.106672,-0.058872
9765,24.88,-9.546764,0.682553,1.782653,0.090943,-0.112628,-0.060323
9766,24.88,-9.559327,0.669392,1.791626,0.093386,-0.116141,-0.060857
9766,24.88,-9.569496,0.669392,1.824527,0.089110,-0.118355,-0.060628
9765,24.88,-9.541979,0.675972,1.820340,0.080711,-0.116828,-0.058490
9766,24.88,-9.529416,0.689731,1.829313,0.077351,-0.121409,-0.058490
9766,24.88,-9.530614,0.686142,1.840081,0.074907,-0.123318,-0.057192
9765,24.88,-9.552149,0.687937,1.842474,0.077122,-0.125227,-0.057269
9766,24.88,-9.546764,0.704686,1.823331,0.078725,-0.127518,-0.058948
9765,24.88,-9.552747,0.701097,1.847259,0.073304,-0.126296,-0.056505
9766,24.94,-9.558729,0.741177,1.856830,0.074067,-0.127136,-0.056505
9766,24.94,-9.563515,0.748954,1.890330,0.070173,-0.127824,-0.054978
9765,24.94,-9.568898,0.747757,1.918446,0.071853,-0.130343,-0.056734
9766,24.94,-9.561122,0.750748,1.933999,0.072693,-0.124998,-0.056200
9766,25.00,-9.553944,0.724427,1.969891,0.076282,-0.125915,-0.056047
9765,25.00,-9.544373,0.738784,1.979463,0.076129,-0.125533,-0.055971
9766,24.88,-9.541381,0.762712,1.974677,0.073533,-0.120493,-0.056352
9765,24.88,-9.530015,0.777667,1.968695,0.073227,-0.116675,-0.056963
9766,24.94,-9.543176,0.765105,1.967499,0.081092,-0.114155,-0.058490
9766,24.94,-9.550354,0.746561,1.949552,0.087125,-0.111788,-0.058109
9765,24.94,-9.542577,0.745963,1.945963,0.086361,-0.111941,-0.059178
9766,24.94,-9.532408,0.770489,1.909473,0.081016,-0.110108,-0.059330
9766,24.94,-9.553345,0.751945,1.890330,0.077809,-0.108658,-0.058948
9765,24.94,-9.557532,0.743570,1.895714,0.076893,-0.109345,-0.058643
9766,24.88,-9.553944,0.727418,1.883750,0.072006,-0.106214,-0.056963
9765,24.88,-9.535997,0.740579,1.890330,0.071548,-0.103847,-0.059178
9766,24.94,-9.551551,0.740579,1.899303,0.073609,-0.107665,-0.056810
9766,24.94,-9.597013,0.752543,1.925624,0.075671,-0.105069,-0.055207
9765,24.94,-9.473186,0.760319,1.896910,0.082009,-0.104916,-0.059483
9766,24.94,-9.583255,0.769891,1.898107,0.091553,-0.108505,-0.060628
9766,24.94,-9.556934,0.718445,1.914856,0.090332,-0.106978,-0.060705
9765,24.94,-9.516256,0.738186,1.874777,0.094990,-0.104229,-0.059865
9766,25.00,-9.581460,0.723829,1.886143,0.085521,-0.103084,-0.060781
9765,25.00,-9.541381,0.696910,1.890330,0.080176,-0.098960,-0.060476
9766,25.00,-9.545568,0.726222,1.900499,0.073762,-0.098655,-0.058490
9765,24.88,-9.577871,0.781257,1.919642,0.064599,-0.098655,-0.059941
9766,24.88,-9.480364,0.772284,1.929812,0.071777,-0.095371,-0.060094
9766,24.88,-9.548559,0.740579,1.932204,0.080558,-0.099189,-0.061392
9765,24.88,-9.560523,0.713659,1.886143,0.084681,-0.098655,-0.061774
9766,24.94,-9.545568,0.721436,1.877768,0.085750,-0.096746,-0.060476
9765,24.94,-9.533604,0.742971,1.861018,0.080940,-0.096288,-0.060628
9766,24.88,-9.567104,0.720240,1.859821,0.078420,-0.096135,-0.061926
9766,24.88,-9.561720,0.735793,1.853839,0.080252,-0.094990,-0.060247
9765,25.00,-9.521640,0.732204,1.828715,0.077351,-0.103084,-0.062919
9766,25.00,-9.546764,0.732204,1.846063,0.072311,-0.098807,-0.062385
9766,24.94,-9.574283,0.745963,1.879562,0.064752,-0.102167,-0.061392
9765,24.94,-9.561122,0.764507,1.891526,0.061087,-0.098349,-0.061239
9766,24.94,-9.524033,0.780658,1.877768,0.065439,-0.099418,-0.062614
9765,24.94,-9.553944,0.762712,1.883152,0.067882,-0.097128,-0.061926
9766,25.00,-9.561122,0.725624,1.880759,0.072388,-0.100411,-0.063301
9766,25.00,-9.537791,0.719641,1.877768,0.073686,-0.096059,-0.060552
9765,24.94,-9.552149,0.722632,1.862214,0.071471,-0.093081,-0.061087
9766,24.94,-9.567701,0.696910,1.881357,0.068875,-0.094608,-0.060247
9766,24.94,-9.562318,0.696910,1.869393,0.064828,-0.096364,-0.059788
9765,24.94,-9.544970,0.726820,1.855634,0.059636,-0.098273,-0.062156
9766,24.88,-9.569496,0.728016,1.893919,0.054749,-0.101862,-0.064141
9765,24.88,-9.557532,0.733998,1.875973,0.055741,-0.097815,-0.060323
9766,24.94,-9.544373,0.736989,1.861616,0.061010,-0.097280,-0.061316
9766,24.94,-9.556934,0.719641,1.870589,0.055589,-0.095219,-0.061697
9765,24.88,-9.571889,0.745364,1.859223,0.053451,-0.093157,-0.060018
9766,24.88,-9.573684,0.743570,1.852045,0.055054,-0.090103,-0.058338
9766,24.88,-9.586844,0.741177,1.895714,0.055741,-0.092012,-0.059025
9765,24.88,-9.574283,0.738784,1.917249,0.059025,-0.089950,-0.057650
9766,24.94,-9.510873,0.738186,1.925026,0.061697,-0.089721,-0.058948
9765,24.94,-9.497113,0.711267,1.928615,0.063835,-0.089110,-0.057650
9766,24.88,-9.526426,0.723829,1.904687,0.066203,-0.090179,-0.056429
9766,24.88,-9.530015,0.712463,1.843072,0.075060,-0.088575,-0.056658
8789,24.94,-9.542577,0.648455,1.833501,0.079183,-0.084376,-0.057574
9765,24.94,-9.561122,0.642473,1.836491,0.068417,-0.077504,-0.051465
9766,24.94,-9.535398,0.642473,1.864607,0.057269,-0.078038,-0.050778
9766,24.94,-9.504890,0.731007,1.837090,0.053603,-0.082467,-0.053756
9765,24.88,-9.498310,0.774676,1.764109,0.059101,-0.085445,-0.053909
9766,24.88,-9.524033,0.758525,1.765305,0.074144,-0.089568,-0.056123
9765,25.00,-9.550952,0.749552,1.759921,0.082620,-0.093081,-0.057803
9766,25.00,-9.580264,0.781257,1.727020,0.090866,-0.095066,-0.061087
9766,24.94,-9.588639,0.805185,1.768296,0.087888,-0.092928,-0.061010
9765,24.94,-9.589836,0.808774,1.821536,0.090255,-0.096135,-0.065363
9766,24.94,-9.605389,0.838684,1.902892,0.083307,-0.089644,-0.064370
9766,24.94,-9.628719,0.867996,1.968695,0.079183,-0.091630,-0.066203
9765,24.94,-9.611969,0.896112,2.005186,0.080787,-0.089034,-0.065744
9766,24.94,-9.566505,0.878166,1.966302,0.093921,-0.086972,-0.067730
9765,24.94,-9.537791,0.842274,1.921437,0.107970,-0.085216,-0.067195
9766,24.94,-9.529416,0.766302,1.879562,0.111941,-0.083383,-0.067119
9766,24.94,-9.538390,0.705883,1.823331,0.104840,-0.081016,-0.068570
9765,24.94,-9.506086,0.680758,1.741377,0.088957,-0.078649,-0.066966
9766,24.94,-9.539586,0.674776,1.726422,0.080634,-0.080558,-0.068264
9766,24.94,-9.509078,0.685544,1.728814,0.073686,-0.075136,-0.066737
9765,24.94,-9.507283,0.683151,1.651646,0.075900,-0.079642,-0.066355
9766,24.94,-9.547961,0.650250,1.644467,0.074449,-0.089492,-0.064446
9765,25.00,-9.484551,0.678365,1.624727,0.069791,-0.093386,-0.064904
9766,25.00,-9.463614,0.714258,1.595415,0.069180,-0.100945,-0.068035
9766,24.88,-9.569496,0.734597,1.661815,0.066737,-0.108505,-0.069486
9765,24.88,-9.675977,0.736989,1.726422,0.066737,-0.112399,-0.070784
9766,24.88,-9.728620,0.759721,1.821536,0.068570,-0.115377,-0.073151
9766,24.88,-9.728620,0.796810,1.982454,0.052840,-0.112323,-0.071242
9766,24.88,-9.576077,0.954736,2.203790,0.044975,-0.094226,-0.073075
9765,24.94,-9.491132,0.987638,2.211566,0.068264,-0.083765,-0.074831
9766,24.94,-9.473783,0.954736,2.129014,0.100945,-0.073075,-0.076053
9766,24.88,-9.492926,0.840479,2.019542,0.128969,-0.057879,-0.076205
9765,24.88,-9.535997,0.731606,1.825126,0.149662,-0.055283,-0.080940
9766,24.94,-9.537791,0.659223,1.713859,0.145920,-0.050702,-0.079489
9766,24.94,-9.550952,0.671187,1.607977,0.136987,-0.056429,-0.083765
9765,24.88,-9.571292,0.698106,1.503889,0.133856,-0.064599,-0.084681
9766,24.88,-9.549756,0.669392,1.509871,0.130649,-0.072693,-0.084223
9765,24.94,-9.524632,0.672981,1.457827,0.132558,-0.080100,-0.082849
9766,24.94,-9.541381,0.626321,1.484747,0.127900,-0.089797,-0.083612
9766,24.94,-9.527622,0.600599,1.521835,0.111865,-0.098120,-0.083001
9765,24.94,-9.549756,0.598804,1.558924,0.092241,-0.106520,-0.082161
9766,24.88,-9.564711,0.602991,1.610370,0.069180,-0.112628,-0.079489
9766,24.88,-9.589836,0.614955,1.692324,0.046273,-0.114079,-0.075136
9765,24.94,-9.611371,0.628714,1.709074,0.027184,-0.114843,-0.070402
9766,24.94,-9.601800,0.658026,1.734797,0.022068,-0.120646,-0.069486
9765,24.94,-9.596416,0.654437,1.752743,0.018326,-0.125609,-0.069333
9766,24.94,-9.581460,0.636491,1.794617,0.015653,-0.127518,-0.067577
9766,24.94,-9.550354,0.631107,1.804188,0.011454,-0.124006,-0.066355
9765,24.94,-9.550952,0.636491,1.815554,0.009545,-0.124769,-0.065210
9766,24.94,-9.559925,0.623929,1.829313,0.003512,-0.125991,-0.063377
9766,24.94,-9.580264,0.665803,1.793421,0.001298,-0.122020,-0.062919
9765,24.94,-9.574881,0.695713,1.789233,-0.000840,-0.120264,-0.061545
9766,24.94,-9.649057,0.746561,1.842474,-0.001756,-0.116828,-0.059101
9765,24.88,-9.559925,0.780658,1.834099,0.007330,-0.115835,-0.062461
9766,24.88,-9.541979,0.778266,1.838286,0.019700,-0.115301,-0.063301
9766,24.88,-9.549756,0.759721,1.849652,0.034819,-0.119271,-0.064217
9765,24.88,-9.519845,0.699901,1.812563,0.044975,-0.120264,-0.063301
9766,24.94,-9.589836,0.663410,1.768296,0.046578,-0.117515,-0.062537
9766,24.94,-9.600005,0.632902,1.829313,0.036652,-0.115530,-0.062308
9765,25.00,-9.581460,0.672383,1.931606,0.021915,-0.114385,-0.062385
9766,25.00,-9.538988,0.774676,1.831706,0.034896,-0.109498,-0.063072
9765,25.00,-9.567104,0.684347,1.884348,0.057269,-0.111254,-0.060552
9766,25.00,-9.570693,0.645464,1.866402,0.073304,-0.104305,-0.057803
9766,24.94,-9.581460,0.625125,1.835295,0.073991,-0.102244,-0.058796
9765,24.94,-9.591032,0.640678,1.847857,0.065057,-0.100564,-0.058261
9766,24.94,-9.594621,0.610768,1.869991,0.066126,-0.099113,-0.057956
9766,24.94,-9.573684,0.616750,1.837090,0.062690,-0.098655,-0.056505
9765,24.88,-9.540782,0.644268,1.791028,0.054291,-0.097204,-0.054978
9766,24.88,-9.570095,0.685544,1.786840,0.054443,-0.097357,-0.052458
9765,25.00,-9.568898,0.660419,1.743171,0.061087,-0.100869,-0.052840
9766,25.00,-9.567701,0.694517,1.629512,0.080863,-0.102320,-0.051924
9766,24.94,-9.548559,0.617348,1.634298,0.088575,-0.109039,-0.050320
8789,24.94,-9.549157,0.620938,1.599004,0.084299,-0.111254,-0.047724
9765,24.88,-9.552747,0.603590,1.640878,0.070020,-0.112476,-0.048564
9766,24.88,-9.555738,0.690928,1.642673,0.064370,-0.114766,-0.048106
9766,24.88,-9.562318,0.666401,1.711467,0.063530,-0.122402,-0.048106
9765,24.88,-9.543774,0.677767,1.759921,0.058796,-0.128358,-0.047418
9766,24.94,-9.546764,0.710070,1.771885,0.053985,-0.131871,-0.047877
9766,24.94,-9.564113,0.766900,1.800001,0.058567,-0.131031,-0.047189
9765,24.88,-9.574881,0.723829,1.760519,0.070708,-0.135078,-0.049480
9766,24.88,-9.578470,0.765105,1.779064,0.089110,-0.132558,-0.049862
9765,24.88,-9.574283,0.740579,1.867598,0.086132,-0.132787,-0.051924
9766,24.88,-9.538390,0.799203,1.835295,0.090866,-0.127442,-0.051618
9766,24.88,-9.559327,0.802194,1.902892,0.091172,-0.125838,-0.054062
9765,24.88,-9.588041,0.809970,1.882553,0.102778,-0.126602,-0.054367
9766,25.00,-9.564711,0.766900,1.857429,0.115606,-0.125456,-0.055741
9766,25.00,-9.555140,0.725025,1.854438,0.116523,-0.123853,-0.057879
9765,24.94,-9.533604,0.727418,1.805983,0.119730,-0.126296,-0.056047
9765,24.94,-9.561122,0.702892,1.746761,0.127976,-0.124922,-0.056734
9766,24.94,-9.573086,0.698106,1.713859,0.138437,-0.125456,-0.059559
9766,24.94,-9.584452,0.665205,1.743770,0.140041,-0.130878,-0.057650
9765,24.94,-9.559925,0.655633,1.703092,0.139048,-0.131412,-0.055818
9766,24.88,-9.536595,0.665205,1.710270,0.138590,-0.134543,-0.056429
9766,24.88,-9.528819,0.690329,1.688735,0.129122,-0.139583,-0.057040
9765,24.88,-9.523435,0.689133,1.713859,0.112246,-0.147295,-0.056581
9766,24.88,-9.538390,0.731606,1.707279,0.101022,-0.150273,-0.054978
9765,24.94,-9.552149,0.747757,1.737787,0.093539,-0.156916,-0.054825
9766,24.94,-9.578470,0.717847,1.799403,0.082161,-0.163025,-0.054596
9766,24.94,-9.574881,0.718445,1.918446,0.069944,-0.159818,-0.053145
9765,24.94,-9.565907,0.790230,1.964507,0.058185,-0.155007,-0.052153
9766,24.88,-9.547961,0.796810,1.971686,0.053756,-0.154243,-0.053069
9766,24.88,-9.535398,0.797408,2.002793,0.062537,-0.149280,-0.052687
9765,24.94,-9.559327,0.774676,1.993221,0.069180,-0.151036,-0.057116
9766,24.94,-9.550354,0.728615,1.884348,0.068570,-0.144851,-0.053222
9765,24.88,-9.568300,0.702294,1.905285,0.065668,-0.145615,-0.052305
9766,24.88,-9.541979,0.673580,1.876571,0.048946,-0.144317,-0.053680
9766,24.88,-9.562917,0.708874,1.861018,0.037874,-0.145920,-0.054672
9765,24.88,-9.569496,0.750748,1.901696,0.018784,-0.144393,-0.051465
9766,25.00,-9.531810,0.773480,1.892125,0.008018,-0.143477,-0.052229
9766,25.00,-9.543176,0.773480,1.841277,0.016188,-0.144622,-0.053145
9765,24.94,-9.556934,0.746561,1.856232,0.021380,-0.146379,-0.053756
9766,24.94,-9.553944,0.708874,1.896910,0.011301,-0.147371,-0.054749
9765,24.94,-9.539586,0.748355,1.874777,-0.002673,-0.144775,-0.054749
9766,24.94,-9.548559,0.824327,1.865803,-0.003436,-0.150349,-0.057192
9766,24.94,-9.527024,0.789631,1.905883,0.001451,-0.152182,-0.057574
9765,24.94,-9.506685,0.785444,1.835893,0.013210,-0.150731,-0.056581
9766,24.94,-9.521640,0.744168,1.836491,0.023824,-0.153098,-0.058338
9766,24.94,-9.504292,0.701097,1.890330,0.027336,-0.152716,-0.056123
9765,24.88,-9.525827,0.634696,1.865205,0.022907,-0.156534,-0.058796
9766,24.88,-9.554542,0.672383,1.899303,0.023366,-0.164781,-0.061926
9765,25.00,-9.543774,0.672981,1.981856,0.011606,-0.165392,-0.063072
9766,25.00,-9.517453,0.725624,2.009373,0.012446,-0.159589,-0.062461
9766,24.88,-9.540782,0.723231,2.000400,0.023747,-0.160658,-0.062385
9765,24.88,-9.521640,0.740579,2.044069,0.040317,-0.160810,-0.064141
9766,25.00,-9.506685,0.714856,1.986641,0.053833,-0.157680,-0.063148
9766,25.00,-9.543176,0.696910,1.985445,0.058032,-0.156763,-0.064064
9765,25.00,-9.541381,0.725624,2.008177,0.048946,-0.150578,-0.063530
9766,25.00,-9.533006,0.751945,2.006980,0.047495,-0.149127,-0.065973
9765,25.00,-9.532408,0.820140,2.054837,0.050625,-0.146989,-0.065363
9766,25.00,-9.521640,0.774078,2.034498,0.054214,-0.146150,-0.064217
9766,25.00,-9.536595,0.737588,2.033301,0.065057,-0.146150,-0.066355
9765,25.00,-9.510274,0.757927,2.051846,0.072311,-0.144241,-0.067806
9766,25.00,-9.516854,0.717847,2.000400,0.069715,-0.141568,-0.068341
9766,25.00,-9.521042,0.725025,2.030908,0.066203,-0.145920,-0.068111
9765,25.00,-9.518649,0.695115,2.050649,0.056429,-0.146073,-0.070250
9766,25.00,-9.520444,0.763310,2.076372,0.062385,-0.139583,-0.070555
9765,24.94,-9.515658,0.722632,2.136193,0.057574,-0.139659,-0.072388
9766,24.94,-9.527622,0.722034,2.091925,0.055589,-0.136834,-0.071319
9766,24.81,-9.567701,0.721436,2.124228,0.055818,-0.135688,-0.070860
9765,24.81,-9.562917,0.691526,2.105086,0.047342,-0.132787,-0.067501
9766,24.94,-9.562917,0.711267,2.141577,0.044975,-0.124235,-0.066661
9766,24.94,-9.542577,0.713061,2.115854,0.039859,-0.119042,-0.068264
9765,24.88,-9.527024,0.735793,2.102693,0.050320,-0.118661,-0.067195
9766,24.88,-9.522837,0.683151,2.097309,0.054291,-0.117973,-0.068570
8789,24.88,-9.512667,0.717847,2.061417,0.062003,-0.111330,-0.067119
9765,24.88,-9.504292,0.668196,2.057828,0.053680,-0.112552,-0.065897
9766,24.94,-9.512069,0.699901,1.990230,0.056887,-0.113239,-0.066966
9766,24.94,-9.535997,0.642473,1.990230,0.046731,-0.113392,-0.062919
9766,24.94,-9.530614,0.672383,2.042274,0.015043,-0.113468,-0.059025
9766,24.94,-9.527024,0.693919,2.034498,0.006414,-0.114461,-0.058490
9765,24.94,-9.549756,0.727418,2.054238,0.011606,-0.115988,-0.056734
9766,24.94,-9.550952,0.680758,2.016551,0.013439,-0.114155,-0.054596
9765,24.94,-9.537193,0.671785,1.961516,0.035888,-0.117439,-0.057269
9766,24.94,-9.516256,0.619143,2.052444,0.034285,-0.120722,-0.054214
9766,24.94,-9.486346,0.609572,1.968097,0.027107,-0.115301,-0.055207
9765,24.94,-9.483355,0.668196,1.928017,0.039248,-0.121333,-0.058872
9766,24.94,-9.494123,0.616750,2.073381,0.027871,-0.123777,-0.052993
9766,25.00,-9.493525,0.644268,2.066801,0.020006,-0.122097,-0.052993
9765,25.00,-9.537791,0.692722,2.069792,0.014432,-0.122326,-0.052153
9766,24.88,-9.555140,0.721436,2.097309,0.021075,-0.126296,-0.051924
9765,24.88,-9.561122,0.713659,2.117648,0.038026,-0.125075,-0.051465
9766,24.88,-9.532408,0.756730,2.056033,0.066050,-0.120111,-0.053374
9766,24.88,-9.531211,0.648455,2.120639,0.068417,-0.120799,-0.052611
9765,24.94,-9.532408,0.685544,2.110470,0.063301,-0.115759,-0.053680
9766,24.94,-9.498908,0.734597,2.146362,0.058490,-0.114919,-0.056047
9766,24.94,-9.466006,0.782453,2.140978,0.059559,-0.111712,-0.056963
9765,24.94,-9.485747,0.765105,2.114059,0.068570,-0.109956,-0.055360
9766,25.00,-9.507283,0.744168,2.117648,0.080711,-0.109650,-0.056429
9765,25.00,-9.527024,0.746561,2.096113,0.080329,-0.110414,-0.057879
9766,24.94,-9.514462,0.742373,2.095515,0.080787,-0.108963,-0.057498
9766,24.94,-9.522837,0.707677,2.088336,0.092775,-0.105374,-0.058109
9765,24.88,-9.555140,0.668794,2.090131,0.100258,-0.104992,-0.058643
9766,24.88,-9.540782,0.662812,2.079363,0.098502,-0.105603,-0.059025
9766,24.94,-9.514462,0.692722,2.097908,0.094455,-0.104229,-0.060170
9765,24.94,-9.488739,0.725624,2.094318,0.089721,-0.095677,-0.059636
9766,24.94,-9.495917,0.738784,2.084149,0.092012,-0.098273,-0.061468
9765,24.94,-9.515060,0.722632,2.081756,0.093004,-0.103084,-0.060934
9766,24.94,-9.512667,0.726820,2.052444,0.095906,-0.106138,-0.061926
9766,24.94,-9.530614,0.723231,2.020739,0.086132,-0.101785,-0.059407
9765,24.81,-9.546764,0.720240,2.072783,0.079260,-0.103847,-0.059865
9766,24.81,-9.560523,0.738186,2.097908,0.074449,-0.100564,-0.060552
9766,24.88,-9.529416,0.765105,2.123032,0.082543,-0.094913,-0.061087
9765,24.88,-9.508479,0.771087,2.140380,0.094302,-0.094608,-0.062843
9766,24.94,-9.522837,0.750748,2.145764,0.099876,-0.089263,-0.062690
9765,24.94,-9.522238,0.760918,2.121238,0.102625,-0.084834,-0.062919
9766,24.94,-9.516256,0.738186,2.112264,0.103084,-0.084452,-0.063530
9766,24.94,-9.527024,0.739980,2.088934,0.103389,-0.086667,-0.064446
9765,24.88,-9.525827,0.731007,2.073979,0.094073,-0.083689,-0.062461
9766,24.88,-9.503096,0.762114,2.060220,0.085903,-0.085827,-0.064446
9766,24.94,-9.500703,0.779462,2.044069,0.082238,-0.085216,-0.063606
9765,24.94,-9.512667,0.773480,2.028516,0.087736,-0.082238,-0.063072
9766,24.94,-9.521640,0.752543,2.001596,0.096135,-0.081169,-0.062919
9765,24.94,-9.537193,0.696910,2.018944,0.104611,-0.082314,-0.064141
9766,24.94,-9.533604,0.680758,2.005186,0.104611,-0.080634,-0.063683
9766,24.94,-9.530015,0.665803,1.995016,0.101480,-0.081856,-0.064294
9765,24.94,-9.531211,0.664607,1.986043,0.096288,-0.080252,-0.062461
9766,24.94,-9.527622,0.668794,1.993221,0.092470,-0.078114,-0.061087
9766,24.94,-9.502497,0.669392,1.984248,0.083918,-0.082390,-0.061545
9765,24.94,-9.497712,0.694517,1.952543,0.082696,-0.084910,-0.060552
9766,25.00,-9.516256,0.708276,1.948954,0.086208,-0.088881,-0.059788
9765,25.00,-9.550952,0.716052,1.933999,0.091019,-0.093539,-0.061545
9766,25.00,-9.550952,0.712463,1.938785,0.089034,-0.089339,-0.060552
9766,25.00,-9.546166,0.724427,1.959722,0.088575,-0.091324,-0.059178
9765,24.88,-9.531211,0.720240,1.982454,0.087888,-0.091172,-0.057269
9766,24.88,-9.521640,0.708874,1.999203,0.089874,-0.092317,-0.059636
9766,24.94,-9.514462,0.707677,2.013560,0.093921,-0.091859,-0.059636
9765,24.94,-9.519248,0.738186,2.054238,0.094226,-0.087736,-0.059101
9766,24.94,-9.503695,0.761516,2.035694,0.095219,-0.086590,-0.061774
9765,24.94,-9.513266,0.768694,2.044667,0.099266,-0.087048,-0.063988
9766,24.88,-9.506685,0.766900,2.013560,0.110643,-0.087048,-0.063835
9765,24.88,-9.533006,0.762114,1.974677,0.117515,-0.091859,-0.067272
9766,24.88,-9.533604,0.746561,1.943570,0.115988,-0.090484,-0.066126
9766,24.94,-9.513863,0.720838,1.877768,0.119119,-0.091095,-0.065363
9765,24.94,-9.533604,0.699901,1.906482,0.118584,-0.089797,-0.063988
9766,24.88,-9.537791,0.678963,1.903491,0.114308,-0.094531,-0.065286
8789,24.88,-9.545568,0.680758,1.925624,0.114995,-0.098120,-0.066966
9766,24.94,-9.522238,0.681955,1.976472,0.105069,-0.097738,-0.065897
9765,24.94,-9.507283,0.755534,1.968695,0.106520,-0.097586,-0.067195
9766,24.94,-9.533604,0.766302,1.972882,0.109727,-0.099953,-0.068035
9765,24.94,-9.525827,0.755534,1.953740,0.119959,-0.095219,-0.064904
9766,24.94,-9.536595,0.726820,1.941177,0.128969,-0.099418,-0.066966
9766,24.94,-9.537193,0.723231,1.956133,0.123624,-0.104229,-0.066813
9765,24.94,-9.533604,0.745364,1.956731,0.112017,-0.100182,-0.067272
9766,24.94,-9.533604,0.753141,1.965106,0.107283,-0.098044,-0.066355
9766,24.94,-9.534801,0.751945,2.000400,0.105603,-0.102549,-0.068111
9765,24.94,-9.528819,0.736989,1.983052,0.099418,-0.102244,-0.065744
9766,24.81,-9.526426,0.770489,1.958526,0.095142,-0.097509,-0.064675
9765,24.81,-9.530614,0.744168,1.958526,0.089415,-0.094913,-0.063225
9766,24.94,-9.529416,0.742373,1.944168,0.097280,-0.101098,-0.065668
9766,24.94,-9.532408,0.707079,1.899901,0.103236,-0.101785,-0.066890
9765,24.94,-9.531810,0.680758,1.886741,0.102473,-0.101327,-0.065439
9766,24.94,-9.527622,0.675374,1.893321,0.098731,-0.104916,-0.066584
9766,24.94,-9.536595,0.690928,1.888535,0.094073,-0.106138,-0.066508
9765,24.94,-9.549756,0.692722,1.933401,0.093233,-0.109498,-0.067959
9766,24.88,-9.538988,0.702892,1.969891,0.090637,-0.106901,-0.067424
9765,24.88,-9.536595,0.717249,1.998605,0.092852,-0.110796,-0.067653
9766,24.88,-9.541381,0.749552,2.009971,0.093462,-0.106520,-0.065286
9766,24.88,-9.540185,0.775275,1.975873,0.094760,-0.111330,-0.067806
9765,24.94,-9.533006,0.757328,1.995614,0.090484,-0.111559,-0.066737
9766,24.94,-9.512069,0.773480,1.979463,0.095066,-0.107436,-0.066813
9766,24.88,-9.508479,0.741177,1.952543,0.098044,-0.103465,-0.063988
9765,24.88,-9.523435,0.689731,1.935195,0.095371,-0.105756,-0.066508
9766,25.00,-9.534801,0.666401,1.948356,0.090026,-0.108963,-0.066966
9765,25.00,-9.540185,0.679562,1.936392,0.074831,-0.109039,-0.065821
9766,24.88,-9.537193,0.732204,1.902294,0.067577,-0.104687,-0.063072
9766,24.88,-9.550354,0.754337,1.928017,0.074373,-0.107665,-0.063606
9765,24.94,-9.544373,0.726222,1.929213,0.083689,-0.108276,-0.062766
9766,24.94,-9.540185,0.671187,1.926222,0.090561,-0.108200,-0.062919
9766,24.88,-9.544970,0.649053,1.929812,0.088117,-0.110261,-0.062232
9765,24.88,-9.533006,0.676571,1.938785,0.082696,-0.111559,-0.063225
9766,24.88,-9.519845,0.724427,1.923231,0.072006,-0.111483,-0.062232
9765,24.88,-9.528819,0.778864,1.929812,0.070173,-0.112934,-0.062308
9766,24.94,-9.538390,0.774078,1.936392,0.068646,-0.116523,-0.062995
9766,24.94,-9.535997,0.733400,1.932803,0.067730,-0.117821,-0.062079
9765,25.06,-9.547363,0.704686,1.942972,0.069257,-0.120493,-0.061926
9766,25.06,-9.528220,0.696910,1.953740,0.064064,-0.117592,-0.060094
9766,24.94,-9.524632,0.701097,1.954936,0.058948,-0.114995,-0.061316
9765,24.94,-9.514462,0.708276,1.968695,0.052458,-0.116141,-0.059407
9766,24.88,-9.510274,0.726820,1.959722,0.051084,-0.115912,-0.060934
9765,24.88,-9.527024,0.726222,1.968695,0.056123,-0.116675,-0.061850
9766,24.88,-9.518649,0.704088,1.981856,0.068188,-0.110796,-0.061239
9766,24.88,-9.527024,0.695115,1.986043,0.074984,-0.107970,-0.060170
9765,24.88,-9.552149,0.680160,1.993221,0.070250,-0.110719,-0.058567
9766,24.88,-9.550354,0.713659,2.000998,0.063988,-0.114079,-0.060247
9766,24.94,-9.553944,0.754936,2.008177,0.059483,-0.114843,-0.061468
9765,24.94,-9.540185,0.775873,2.022533,0.067042,-0.117133,-0.063454
9766,24.94,-9.531211,0.760319,2.017748,0.077427,-0.116141,-0.063225
9765,24.94,-9.513266,0.742971,2.025524,0.076511,-0.113468,-0.061926
9766,25.00,-9.516256,0.723829,2.012364,0.067042,-0.109192,-0.062537
9765,24.94,-9.552149,0.751346,2.022533,0.065286,-0.105374,-0.062308
9766,24.94,-9.554542,0.745364,2.028516,0.069791,-0.106749,-0.062766
9766,24.94,-9.549157,0.744168,2.017150,0.073227,-0.104916,-0.063683
9765,24.94,-9.529416,0.728016,2.017150,0.077122,-0.099647,-0.062614
9766,24.94,-9.533604,0.693320,2.008775,0.082314,-0.097662,-0.061316
9765,24.94,-9.524033,0.701097,1.992025,0.083765,-0.095906,-0.063606
9766,24.94,-9.535997,0.704088,1.971686,0.079642,-0.093768,-0.062003
9766,24.94,-9.536595,0.702294,1.974079,0.077198,-0.093081,-0.062614
9765,24.94,-9.540782,0.712463,1.957329,0.079489,-0.093157,-0.061468
9766,24.94,-9.537193,0.713061,1.928017,0.079412,-0.094837,-0.062385
9766,24.88,-9.539586,0.739980,1.936392,0.068570,-0.095600,-0.062461
9765,24.88,-9.541979,0.744168,1.932803,0.066126,-0.093844,-0.062003
9766,24.94,-9.509078,0.719043,1.930410,0.065592,-0.093081,-0.060247
9765,24.94,-9.492926,0.723231,1.891526,0.075518,-0.098807,-0.062385
9766,24.94,-9.521640,0.653241,1.887339,0.067882,-0.097738,-0.059712
9766,24.94,-9.533006,0.684347,1.853839,0.062308,-0.101633,-0.057650
9765,24.88,-9.527622,0.707677,1.820938,0.056734,-0.104687,-0.057879
9766,24.88,-9.553944,0.717847,1.840679,0.050396,-0.107283,-0.056200
8789,24.88,-9.541979,0.747757,1.853839,0.048106,-0.114003,-0.057956
9766,24.88,-9.509676,0.731007,1.872384,0.059178,-0.120722,-0.059254
9765,25.00,-9.526426,0.684946,1.892125,0.058719,-0.118126,-0.057498
9766,25.00,-9.541979,0.656830,1.929812,0.054291,-0.121868,-0.058032
9765,24.94,-9.539586,0.672981,1.953740,0.045662,-0.122173,-0.059636
9766,24.94,-9.533604,0.714258,1.984248,0.039706,-0.126678,-0.060628
9766,25.00,-9.531211,0.751346,2.003391,0.039935,-0.121715,-0.060094
9765,25.00,-9.528819,0.778864,2.046462,0.046731,-0.109269,-0.058948
9766,24.94,-9.531810,0.781855,2.050051,0.054596,-0.105756,-0.059178
9766,24.94,-9.520444,0.779462,2.069792,0.058185,-0.104611,-0.060018
9765,24.94,-9.519845,0.788435,2.035694,0.062385,-0.103236,-0.062156
9766,24.94,-9.542577,0.793819,2.015355,0.065363,-0.104000,-0.061468
9765,24.94,-9.574881,0.793221,2.000400,0.064828,-0.106061,-0.062003
9766,24.94,-9.575479,0.789631,2.031507,0.062690,-0.104076,-0.063606
9766,24.94,-9.574881,0.792623,2.037488,0.064446,-0.099724,-0.064828
9765,24.94,-9.541381,0.786042,2.057828,0.068875,-0.093310,-0.063759
9766,24.88,-9.509676,0.765703,2.060220,0.078114,-0.088117,-0.064217
9766,24.88,-9.502497,0.747757,2.026721,0.087506,-0.085597,-0.065439
9765,24.88,-9.529416,0.709472,1.996811,0.090866,-0.091553,-0.067806
9766,24.88,-9.538988,0.693320,1.999203,0.088575,-0.086896,-0.066737
9765,24.94,-9.525827,0.707677,1.959722,0.088117,-0.083536,-0.068875
9766,24.94,-9.517453,0.722632,1.967499,0.088423,-0.080863,-0.068722
9766,24.94,-9.530614,0.713061,1.950151,0.090179,-0.082085,-0.069791
9765,24.94,-9.552747,0.708874,1.923231,0.100487,-0.079794,-0.068341
9766,25.00,-9.553345,0.707079,1.906482,0.099876,-0.078191,-0.067348
9766,25.00,-9.554542,0.675972,1.936392,0.097738,-0.072464,-0.066508
9765,24.94,-9.539586,0.668196,1.881357,0.102854,-0.072922,-0.066584
9766,24.94,-9.543774,0.632902,1.929213,0.099495,-0.078878,-0.066508
9765,24.88,-9.530614,0.650848,1.850848,0.090026,-0.080023,-0.066355
9766,24.88,-9.547363,0.685544,1.818545,0.093004,-0.084070,-0.064828
9766,24.88,-9.549756,0.686142,1.836491,0.087354,-0.084910,-0.063301
9765,24.88,-9.513863,0.741177,1.838884,0.085750,-0.091935,-0.064599
9766,24.94,-9.540185,0.716650,1.890928,0.076664,-0.096593,-0.065592
9766,24.94,-9.547961,0.766302,1.853839,0.080481,-0.097968,-0.061926
9765,24.88,-9.547961,0.747159,1.820938,0.094073,-0.100487,-0.062079
9766,24.88,-9.541979,0.681356,1.793421,0.102244,-0.105222,-0.061468
9765,24.94,-9.533006,0.650848,1.793421,0.093615,-0.108123,-0.060781
9766,24.94,-9.550952,0.644268,1.801796,0.080787,-0.106672,-0.057040
9766,25.00,-9.541381,0.646660,1.810170,0.076511,-0.110108,-0.059254
9765,25.00,-9.515658,0.667598,1.835893,0.072846,-0.114690,-0.059025
9766,25.00,-9.515060,0.685544,1.844268,0.073762,-0.116981,-0.058414
9766,25.00,-9.541979,0.695713,1.850250,0.076358,-0.122708,-0.060170
9766,24.94,-9.543176,0.732204,1.889732,0.077427,-0.118355,-0.057345
9765,24.88,-9.540185,0.745963,1.920240,0.075289,-0.117821,-0.058338
9766,24.88,-9.538390,0.732802,1.928615,0.074678,-0.120111,-0.060094
9766,24.94,-9.548559,0.745364,1.945365,0.074373,-0.124235,-0.059788
9765,24.94,-9.527622,0.771685,1.924428,0.072235,-0.124922,-0.060399
9766,25.00,-9.540185,0.768096,1.951347,0.072006,-0.128587,-0.062690
9766,25.00,-9.554542,0.766302,1.933999,0.070708,-0.125686,-0.060781
9765,24.88,-9.553345,0.760918,1.929812,0.079183,-0.126602,-0.061468
9766,24.88,-9.552747,0.751945,1.920838,0.089721,-0.126525,-0.063759
9765,24.81,-9.543774,0.737588,1.911865,0.092317,-0.123777,-0.063377
9766,24.81,-9.547363,0.737588,1.936392,0.090026,-0.123471,-0.064675
9766,24.94,-9.543774,0.741177,1.971088,0.087201,-0.122631,-0.065057
9765,24.94,-9.530015,0.728016,1.980061,0.088346,-0.121028,-0.065057
9766,24.94,-9.519248,0.719641,1.988436,0.087048,-0.117897,-0.062079
9766,24.94,-9.525229,0.711865,2.005186,0.084376,-0.115377,-0.064064
9765,25.00,-9.525827,0.720838,2.000400,0.080405,-0.117057,-0.065973
9766,25.00,-9.529416,0.742373,1.962115,0.076740,-0.108505,-0.062385
9765,24.94,-9.530614,0.745963,1.975275,0.075976,-0.106978,-0.061316
9766,24.94,-9.537791,0.733998,1.960320,0.082390,-0.109345,-0.062079
9766,24.94,-9.541979,0.728016,1.922633,0.089415,-0.112781,-0.065363
9765,24.94,-9.548559,0.745963,1.917249,0.090255,-0.111559,-0.064904
9766,24.88,-9.536595,0.742971,1.895116,0.087506,-0.109116,-0.063835
9766,24.88,-9.543176,0.729811,1.918446,0.088957,-0.112170,-0.063759
9765,24.94,-9.546764,0.729811,1.935794,0.087659,-0.109574,-0.061926
9766,24.94,-9.537791,0.726820,1.964507,0.085674,-0.111788,-0.063148
9765,24.88,-9.525229,0.725025,1.971686,0.084834,-0.116904,-0.065821
9766,24.88,-9.543176,0.728615,1.980061,0.078802,-0.113774,-0.063606
9766,24.94,-9.562917,0.736989,1.968695,0.078420,-0.109956,-0.062843
9765,24.94,-9.531211,0.723829,1.955534,0.083078,-0.107207,-0.062156
9766,24.94,-9.539586,0.699302,1.939981,0.083994,-0.107970,-0.061163
8789,24.94,-9.538988,0.671785,1.901696,0.082467,-0.106138,-0.059483
9766,24.88,-9.542577,0.687338,1.881955,0.079947,-0.102778,-0.061926
9765,24.88,-9.538390,0.704088,1.875973,0.075442,-0.107436,-0.062385
9766,25.00,-9.543176,0.726820,1.862214,0.074678,-0.106061,-0.061621
9766,25.00,-9.553944,0.718445,1.889732,0.074067,-0.108887,-0.060170
9765,25.00,-9.558130,0.722034,1.898705,0.076511,-0.111177,-0.058948
9766,25.00,-9.541979,0.717249,1.910669,0.079565,-0.113621,-0.058719
9765,25.00,-9.524033,0.710070,1.939981,0.079794,-0.115072,-0.059559
9766,25.00,-9.534203,0.699901,1.940579,0.076587,-0.116446,-0.059712
9766,24.94,-9.550354,0.714856,1.950151,0.070708,-0.117668,-0.060018
9765,24.94,-9.544373,0.722034,1.942374,0.066279,-0.112628,-0.058490
9766,24.88,-9.533006,0.725025,1.958526,0.071319,-0.116446,-0.061316
9766,24.88,-9.546166,0.719043,1.976472,0.070173,-0.115377,-0.059407
9765,24.94,-9.540185,0.725624,1.968695,0.072388,-0.115530,-0.058796
9766,24.94,-9.536595,0.745963,1.968097,0.076664,-0.111330,-0.060857
9765,24.94,-9.547363,0.770489,1.980659,0.084605,-0.108734,-0.063454
9766,24.94,-9.541381,0.756132,1.980061,0.089186,-0.106901,-0.062385
9766,24.94,-9.540185,0.741775,1.961516,0.088423,-0.109345,-0.061087
9765,24.94,-9.533604,0.746561,1.933401,0.086285,-0.108352,-0.060628
9766,24.88,-9.552149,0.721436,1.935195,0.086743,-0.111025,-0.061468
9766,24.88,-9.546166,0.710668,1.919044,0.084223,-0.110338,-0.061697
9765,24.94,-9.533604,0.698704,1.933999,0.075518,-0.109956,-0.061163
9766,24.94,-9.521640,0.715454,1.949552,0.068951,-0.107970,-0.058796
9765,24.94,-9.521042,0.725025,1.954338,0.070097,-0.109192,-0.059254
9766,24.94,-9.531810,0.714258,1.957927,0.073457,-0.110643,-0.058567
9766,24.94,-9.514462,0.719043,1.944767,0.075824,-0.111712,-0.060934
9765,24.94,-9.524033,0.716650,1.951945,0.074144,-0.112323,-0.061392
9766,24.94,-9.544970,0.722034,1.932803,0.066584,-0.108963,-0.059483
9766,24.94,-9.549756,0.730409,1.941177,0.064981,-0.114003,-0.061010
9765,24.94,-9.554542,0.728016,1.934597,0.067272,-0.114079,-0.061163
9765,25.00,-9.548559,0.757328,1.959722,0.071929,-0.109269,-0.061697
9766,25.00,-9.531810,0.745963,1.972882,0.071777,-0.106749,-0.059254
9766,24.88,-9.523435,0.716650,1.982454,0.074907,-0.107589,-0.060323
9765,24.88,-9.519248,0.699302,1.985445,0.076053,-0.110261,-0.062385
9766,24.88,-9.530015,0.719641,1.984847,0.069104,-0.109498,-0.060705
9766,24.88,-9.537791,0.735195,1.967499,0.062156,-0.108581,-0.061087
9765,24.94,-9.540185,0.742373,1.973481,0.062308,-0.105756,-0.060170
9766,24.94,-9.551551,0.720838,1.973481,0.065897,-0.105909,-0.060399
9765,24.88,-9.559925,0.735195,1.971686,0.066661,-0.105527,-0.061316
9766,24.88,-9.538390,0.756132,1.990230,0.072846,-0.101862,-0.063301
9766,24.94,-9.531810,0.743570,1.978864,0.078496,-0.099495,-0.063912
9765,24.94,-9.508479,0.725025,1.974079,0.080481,-0.097433,-0.061621
9766,24.94,-9.525827,0.707079,1.959124,0.078954,-0.096211,-0.060018
9766,24.94,-9.535398,0.712463,1.937588,0.076969,-0.096364,-0.062385
9765,24.94,-9.577272,0.736391,1.966302,0.075824,-0.095906,-0.061316
9766,24.94,-9.548559,0.742971,1.939383,0.071319,-0.097051,-0.060476
9765,24.88,-9.546166,0.768694,1.962713,0.076435,-0.093539,-0.061697
9766,24.88,-9.546166,0.784846,1.995614,0.079565,-0.095829,-0.062995
9766,24.88,-9.507283,0.760319,1.963909,0.082849,-0.095982,-0.064523
9765,24.88,-9.546764,0.722034,1.971686,0.088423,-0.096288,-0.065057
9766,24.94,-9.544970,0.675972,1.919642,0.087277,-0.089797,-0.061850
9766,24.94,-9.571292,0.675972,2.018346,0.076053,-0.093004,-0.062614
9765,24.94,-9.532408,0.736391,1.999802,0.050855,-0.084681,-0.062614
9766,24.94,-9.564113,0.856631,2.023730,0.068188,-0.080863,-0.062919
9765,24.88,-9.535997,0.704088,2.067399,0.077809,-0.081703,-0.063454
9766,24.88,-9.530015,0.737588,2.149951,0.089415,-0.073838,-0.063683
9766,24.94,-9.555738,0.726222,2.158924,0.064752,-0.065973,-0.065973
9765,24.94,-9.571889,0.875175,2.063211,0.086056,-0.060628,-0.070326
9766,24.94,-9.583255,0.768096,2.094916,0.096898,-0.058490,-0.069333
9766,24.94,-9.534203,0.818345,1.938186,0.119195,-0.048717,-0.070097
9765,24.94,-9.552747,0.741177,2.018944,0.109650,-0.048564,-0.073227
9766,24.94,-9.522837,0.855434,1.876571,0.108123,-0.046349,-0.073762
9765,25.00,-9.538988,0.761516,1.918446,0.106978,-0.050015,-0.073686
9766,25.00,-9.522238,0.769293,1.805983,0.104382,-0.049098,-0.073380
9766,24.94,-9.554542,0.737588,1.745564,0.092622,-0.052534,-0.071929
9765,24.94,-9.527622,0.684347,1.706681,0.073533,-0.056963,-0.072464
9766,24.94,-9.548559,0.695713,1.675574,0.059330,-0.062766,-0.072998
9766,24.94,-9.562318,0.741775,1.678565,0.052840,-0.071777,-0.074755
9765,24.94,-9.547961,0.725624,1.691128,0.062385,-0.078802,-0.073915
9766,24.94,-9.549756,0.664607,1.710868,0.078038,-0.081627,-0.073380
9765,24.94,-9.561720,0.602393,1.709074,0.080329,-0.087430,-0.072311
9766,24.94,-9.543176,0.586242,1.730609,0.080023,-0.091553,-0.074296
9766,24.94,-9.538390,0.600000,1.749752,0.075060,-0.097128,-0.072769
9765,24.94,-9.546764,0.619741,1.794617,0.067959,-0.102549,-0.071700
8789,24.94,-9.549157,0.635893,1.831706,0.060934,-0.103236,-0.069104
9766,24.94,-9.521042,0.652642,1.853839,0.056429,-0.103389,-0.068417
9766,24.88,-9.536595,0.670589,1.873580,0.053374,-0.103618,-0.067348
9765,24.88,-9.558729,0.717249,1.850848,0.053374,-0.101709,-0.065592
9766,24.94,-9.566505,0.743570,1.810170,0.055894,-0.104458,-0.068341
9765,24.94,-9.569496,0.755534,1.812563,0.056581,-0.101862,-0.065973
9766,24.88,-9.578470,0.751346,1.783251,0.062308,-0.099800,-0.064141
9766,24.88,-9.577272,0.694517,1.792822,0.069180,-0.101709,-0.064294
9765,24.94,-9.574881,0.651446,1.808974,0.069180,-0.106291,-0.061697
9766,24.94,-9.558729,0.629911,1.849054,0.059330,-0.108047,-0.062537
9766,24.94,-9.570693,0.672383,1.887339,0.051847,-0.105298,-0.062308
9765,24.94,-9.557532,0.698106,1.920838,0.053451,-0.103771,-0.063912
9766,24.94,-9.530015,0.701695,1.971088,0.061926,-0.099724,-0.062461
9765,24.94,-9.534801,0.726222,1.977668,0.070860,-0.099571,-0.063835
9766,24.88,-9.558130,0.756730,1.951347,0.078114,-0.097738,-0.064370
9766,24.88,-9.565907,0.766900,1.932803,0.083154,-0.096440,-0.066508
9765,25.00,-9.547363,0.770489,1.897508,0.086437,-0.091477,-0.066966
9766,24.94,-9.584452,0.734597,1.828117,0.082390,-0.086056,-0.064064
9765,24.94,-9.588639,0.697508,1.802394,0.075900,-0.088499,-0.064523
9766,24.88,-9.570693,0.674776,1.800001,0.067424,-0.088423,-0.063759
9765,24.88,-9.550952,0.693919,1.804787,0.064370,-0.093768,-0.065744
9766,24.94,-9.547363,0.680758,1.821536,0.062995,-0.095600,-0.065286
9766,24.94,-9.546166,0.681955,1.816152,0.069486,-0.097357,-0.066737
9765,24.94,-9.543176,0.679562,1.835295,0.071777,-0.101251,-0.067424
9766,24.94,-9.555140,0.693320,1.865205,0.072082,-0.097204,-0.066203
9766,25.00,-9.568300,0.713061,1.862214,0.069028,-0.096593,-0.066508
9765,25.00,-9.566505,0.723829,1.855036,0.069562,-0.093310,-0.064828
9766,24.94,-9.562917,0.708874,1.878366,0.071700,-0.087812,-0.063301
9765,24.94,-9.570693,0.718445,1.846063,0.077427,-0.093539,-0.066203
9766,24.94,-10.046865,1.237688,3.119643,0.063759,-0.096822,-0.067195
9766,24.94,-9.486346,0.550349,0.957727,-0.057421,-0.238619,-0.079565
9765,24.94,-9.497113,0.926621,2.141577,0.123624,-0.072769,-0.061163
9766,24.94,-9.566505,0.591625,1.780260,0.080787,-0.137063,-0.064599
9766,25.00,-9.608379,0.822533,1.697708,0.092012,-0.110261,-0.060781
9765,25.00,-9.484551,0.720838,1.825126,0.096898,-0.103160,-0.061545
9766,24.94,-9.627522,0.776471,1.753341,0.121028,-0.071777,-0.060018
9765,24.94,-9.748959,0.577268,1.695913,0.139888,-0.027184,-0.056810
9766,25.00,-9.675977,0.626920,1.885544,0.147524,0.041004,-0.063988
9766,25.00,-9.513863,0.680160,1.843072,0.129198,0.028711,-0.060399
9765,24.94,-9.361321,0.713061,1.890330,0.136987,-0.014508,-0.048487
9766,24.94,-9.292527,0.589233,1.928615,0.150807,-0.112170,-0.042684
9766,24.94,-9.388839,0.379861,1.911865,0.124311,-0.227089,-0.047342
9765,24.94,-8.929417,0.419342,1.957927,0.045739,-0.241521,-0.072082
9766,25.00,-8.950952,1.120439,1.685744,-0.117897,-0.080329,-0.026954
9765,25.00,-9.812966,1.590629,1.785644,-0.113621,-0.166537,-0.020082
9766,24.94,-9.616755,1.928017,1.647459,0.068341,-0.135459,-0.030314
9766,24.94,-9.921840,1.626521,1.744966,0.340023,-0.175242,-0.050396
9765,25.00,-9.684352,0.817149,1.825724,0.534125,-0.184252,-0.093004
9766,25.00,-9.887144,0.436092,1.908874,0.623617,-0.163559,-0.109345
9766,25.00,-9.872189,0.399003,1.874179,0.557796,-0.127824,-0.117210
9765,25.00,-9.668200,0.260818,1.740180,0.482965,-0.051084,-0.109192
9766,24.94,-9.698709,-0.081356,1.814358,0.417603,0.060247,-0.097891
9765,24.94,-9.783055,-0.625723,1.840081,0.266108,0.194255,-0.080176
9766,24.94,-9.635299,-0.541376,1.769492,0.004581,0.319177,-0.076205
9766,24.94,-9.427722,-0.279960,1.616352,-0.294895,0.353462,-0.131183
9765,24.94,-8.978469,0.266202,1.772483,-0.480751,0.325133,-0.154854
9766,24.94,-8.808579,0.836292,1.781457,-0.550924,0.210596,-0.071319
9766,25.00,-9.050852,1.872982,1.702493,-0.525344,0.025962,0.056887
9765,25.00,-9.859028,1.680958,1.465604,-0.364992,-0.232282,0.108276
