,Disease,Symptom_1,Symptom_2,Symptom_3,Symptom_4,Symptom_5,Symptom_6
0,0,1,3,4,6,,
1,0,3,4,6,,,
2,0,1,4,6,,,
3,0,1,3,6,,,
4,0,1,3,4,,,
5,0,3,4,6,,,
6,0,1,4,6,,,
7,0,1,3,6,,,
8,0,1,3,4,,,
9,0,1,3,4,6,,
10,1,4,5,3,4,,
11,1,5,3,4,,,
12,1,4,3,4,,,
13,1,4,5,4,,,
14,1,4,5,3,,,
15,1,5,3,4,,,
16,1,4,3,4,,,
17,1,4,5,4,,,
18,1,4,5,3,,,
19,1,4,5,3,4,,
20,2,5,3,4,5,4,7
21,2,5,4,5,4,7,
22,2,5,3,5,4,7,
23,2,5,3,4,4,7,
24,2,5,3,4,5,7,
25,2,5,3,4,5,4,
26,2,3,4,5,4,7,
27,2,5,4,5,4,7,
28,2,5,3,5,4,7,
29,2,5,3,4,4,7,
30,3,1,5,3,5,4,4
31,3,5,3,5,4,4,4
32,3,1,3,5,4,4,4
33,3,1,5,5,4,4,4
34,3,1,5,3,4,4,4
35,3,1,5,3,5,4,4
36,3,1,5,3,5,4,4
37,3,1,5,3,5,4,4
38,3,1,5,3,5,4,4
39,3,1,5,3,5,4,4
40,4,1,3,5,6,6,
41,4,1,5,6,6,,
42,4,1,3,6,6,,
43,4,1,3,5,6,,
44,4,1,3,5,6,,
45,4,3,5,6,6,,
46,4,1,5,6,6,,
47,4,1,3,6,6,,
48,4,1,3,5,6,,
49,4,1,3,5,6,,
50,5,5,4,4,5,4,
51,5,5,5,4,5,4,
52,5,5,4,4,5,4,
53,5,5,4,4,5,4,
54,5,5,5,4,5,4,
55,5,5,5,4,5,4,
56,5,5,5,4,4,4,
57,5,5,5,4,4,5,
58,5,5,5,4,4,5,4
59,5,5,5,4,4,5,4
60,6,3,6,7,5,,
61,6,6,7,5,,,
62,6,3,7,5,,,
63,6,3,6,5,,,
64,6,3,6,7,,,
65,6,3,6,7,5,,
66,6,3,6,7,5,,
67,6,6,7,5,,,
68,6,3,7,5,,,
69,6,3,6,7,,,
70,7,4,3,5,2,5,5
71,7,4,3,5,2,5,5
72,7,3,5,2,5,5,4
73,7,4,5,2,5,5,4
74,7,4,3,2,5,5,4
75,7,4,3,5,5,5,4
76,7,4,3,5,2,5,4
77,7,4,3,5,2,5,4
78,7,4,3,5,2,5,5
79,7,4,3,5,2,5,5
80,8,5,3,4,6,,
81,8,5,3,4,6,,
82,8,3,4,6,,,
83,8,5,4,6,,,
84,8,5,3,6,,,
85,8,5,3,4,,,
86,8,5,3,4,6,,
87,8,3,4,6,,,
88,8,5,4,6,,,
89,8,5,3,6,,,
90,9,4,4,7,4,5,4
91,9,4,7,4,5,4,
92,9,4,7,4,5,4,
93,9,4,4,4,5,4,
94,9,4,4,7,5,4,
95,9,4,4,7,4,4,
96,9,4,4,7,4,5,
97,9,4,4,7,4,5,4
98,9,4,7,4,5,4,
99,9,4,7,4,5,4,
100,10,3,7,4,4,3,
101,10,7,4,4,3,,
102,10,3,4,4,3,,
103,10,3,7,4,3,,
104,10,3,7,4,3,,
105,10,3,7,4,4,,
106,10,3,7,4,4,3,
107,10,7,4,4,3,,
108,10,3,4,4,3,,
109,10,3,7,4,3,,
110,11,3,5,3,5,4,4
111,11,5,3,5,4,4,3
112,11,3,3,5,4,4,3
113,11,3,5,5,4,4,3
114,11,3,5,3,4,4,3
115,11,3,5,3,5,4,3
116,11,3,5,3,5,4,3
117,11,3,5,3,5,4,4
118,11,3,5,3,5,4,4
119,11,3,5,3,5,4,4
120,12,3,7,5,4,4,
121,12,3,7,5,4,4,
122,12,7,5,4,4,,
123,12,3,5,4,4,,
124,12,3,7,4,4,,
125,12,3,7,5,4,,
126,12,3,7,5,4,,
127,12,3,7,5,4,4,
128,12,7,5,4,4,,
129,12,3,5,4,4,,
130,13,5,3,4,2,,
131,13,5,3,4,2,,
132,13,3,4,2,,,
133,13,5,4,2,,,
134,13,5,3,2,,,
135,13,5,3,4,,,
136,13,5,3,4,2,,
137,13,3,4,2,,,
138,13,5,4,2,,,
139,13,5,3,2,,,
140,14,1,5,4,3,7,3
141,14,1,5,4,3,7,3
142,14,5,4,3,7,3,4
143,14,1,4,3,7,3,4
144,14,1,5,3,7,3,4
145,14,1,5,4,7,3,4
146,14,1,5,4,3,3,4
147,14,1,5,4,3,7,4
148,14,1,5,4,3,7,3
149,14,1,5,4,3,7,3
150,15,3,5,7,3,3,5
151,15,3,5,7,3,3,5
152,15,3,5,7,3,3,5
153,15,5,7,3,3,5,6
154,15,3,7,3,3,5,6
155,15,3,5,3,3,5,6
156,15,3,5,7,3,5,6
157,15,3,5,7,3,5,6
158,15,3,5,7,3,3,6
159,15,3,5,7,3,3,5
160,16,1,3,4,2,7,3
161,16,3,4,2,7,3,4
162,16,1,4,2,7,3,4
163,16,1,3,2,7,3,4
164,16,1,3,4,7,3,4
165,16,1,3,4,2,3,4
166,16,1,3,4,2,7,4
167,16,1,3,4,2,7,3
168,16,1,3,4,2,7,3
169,16,1,3,4,2,7,3
170,17,3,3,3,5,4,7
171,17,3,3,3,5,4,7
172,17,3,3,3,5,4,7
173,17,3,3,3,5,4,7
174,17,3,3,5,4,7,3
175,17,3,3,5,4,7,3
176,17,3,3,5,4,7,3
177,17,3,3,3,4,7,3
178,17,3,3,3,5,7,3
179,17,3,3,3,5,4,3
180,18,3,5,4,7,5,4
181,18,3,5,4,7,3,4
182,18,3,5,4,7,3,5
183,18,3,5,4,7,3,5
184,18,3,5,4,7,3,5
185,18,3,5,4,7,3,5
186,18,3,5,4,7,3,5
187,18,3,5,4,7,3,5
188,18,3,5,4,7,3,5
189,18,3,4,7,3,5,4
190,19,3,5,3,4,5,4
191,19,3,5,3,4,5,4
192,19,5,3,4,5,4,4
193,19,3,3,4,5,4,4
194,19,3,5,4,5,4,4
195,19,3,5,3,5,4,4
196,19,3,5,3,4,4,4
197,19,3,5,3,4,5,4
198,19,3,5,3,4,5,4
199,19,3,5,3,4,5,4
200,20,1,4,2,3,4,4
201,20,1,4,2,3,4,4
202,20,4,2,3,4,4,4
203,20,1,2,3,4,4,4
204,20,1,4,3,4,4,4
205,20,1,4,2,4,4,4
206,20,1,4,2,3,4,4
207,20,1,4,2,3,4,4
208,20,1,4,2,3,4,4
209,20,1,4,2,3,4,4
210,21,4,3,5,4,5,
211,21,4,3,5,4,4,5
212,21,3,5,4,4,5,
213,21,4,5,4,4,5,
214,21,4,3,4,4,5,
215,21,4,3,5,4,5,
216,21,4,3,5,4,5,
217,21,4,3,5,4,4,
218,21,4,3,5,4,4,5
219,21,4,3,5,4,4,5
220,22,3,5,4,3,4,5
221,22,5,4,3,4,5,4
222,22,3,4,3,4,5,4
223,22,3,5,3,4,5,4
224,22,3,5,4,4,5,4
225,22,3,5,4,3,5,4
226,22,3,5,4,3,4,4
227,22,3,5,4,3,4,5
228,22,3,5,4,3,4,5
229,22,3,5,4,3,4,5
230,23,3,5,4,7,3,4
231,23,3,5,4,7,3,4
232,23,3,5,4,7,3,4
233,23,5,4,7,3,4,5
234,23,3,4,7,3,4,5
235,23,3,5,7,3,4,5
236,23,3,5,4,3,4,5
237,23,3,5,4,7,4,5
238,23,3,5,4,7,3,5
239,23,3,5,4,7,3,4
240,24,5,3,4,7,4,5
241,24,5,3,4,7,4,5
242,24,3,4,7,4,5,6
243,24,5,4,7,4,5,6
244,24,5,3,7,4,5,6
245,24,5,3,4,4,5,6
246,24,5,3,4,7,5,6
247,24,5,3,4,7,4,6
248,24,5,3,4,7,4,5
249,24,5,3,4,7,4,5
250,25,3,5,4,3,4,7
251,25,3,5,4,3,4,7
252,25,5,4,3,4,7,4
253,25,3,4,3,4,7,4
254,25,3,5,3,4,7,4
255,25,3,5,4,4,7,4
256,25,3,5,4,3,7,4
257,25,3,5,4,3,4,4
258,25,3,5,4,3,4,7
259,25,3,5,4,3,4,7
260,26,4,3,4,4,7,3
261,26,4,3,4,4,7,3
262,26,3,4,4,7,3,6
263,26,4,4,4,7,3,6
264,26,4,3,4,7,3,6
265,26,4,3,4,7,3,6
266,26,4,3,4,4,3,6
267,26,4,3,4,4,7,6
268,26,4,3,4,4,7,3
269,26,4,3,4,4,7,3
270,27,3,4,4,7,4,3
271,27,3,4,4,7,4,3
272,27,3,4,4,7,4,3
273,27,4,4,7,4,3,6
274,27,3,4,7,4,3,6
275,27,3,4,7,4,3,6
276,27,3,4,4,4,3,6
277,27,3,4,4,7,3,6
278,27,3,4,4,7,4,6
279,27,3,4,4,7,4,3
280,28,4,5,6,5,6,
281,28,4,5,6,5,6,
282,28,4,5,6,5,6,
283,28,5,6,5,6,,
284,28,4,6,5,6,,
285,28,4,5,5,6,,
286,28,4,5,6,6,,
287,28,4,5,6,5,,
288,28,4,5,6,5,6,
289,28,4,5,6,5,6,
290,29,5,4,3,7,,
291,29,5,4,3,7,,
292,29,4,3,7,,,
293,29,5,3,7,,,
294,29,5,4,7,,,
295,29,5,4,3,,,
296,29,5,4,3,7,,
297,29,4,3,7,,,
298,29,5,3,7,,,
299,29,5,4,7,,,
300,30,4,4,4,4,5,5
301,30,4,4,4,4,5,5
302,30,4,4,4,5,5,6
303,30,4,4,4,5,5,6
304,30,4,4,4,5,5,6
305,30,4,4,4,5,5,6
306,30,4,4,4,4,5,6
307,30,4,4,4,4,5,6
308,30,4,4,4,4,5,5
309,30,4,4,4,4,5,6
310,31,4,3,5,3,2,4
311,31,4,3,5,3,2,4
312,31,3,5,3,2,4,5
313,31,3,5,3,2,4,5
314,31,4,5,3,2,4,5
315,31,4,3,3,2,4,5
316,31,4,3,5,2,4,5
317,31,4,3,5,3,4,5
318,31,4,3,5,3,2,5
319,31,4,3,5,3,2,4
320,32,4,3,3,5,3,6
321,32,4,3,3,5,3,6
322,32,3,3,5,3,6,5
323,32,4,3,5,3,6,5
324,32,4,3,5,3,6,5
325,32,4,3,3,3,6,5
326,32,4,3,3,5,6,5
327,32,4,3,3,5,3,5
328,32,4,3,3,5,3,6
329,32,4,3,3,5,3,6
330,33,5,4,4,3,3,5
331,33,5,4,4,3,3,5
332,33,5,4,4,3,3,5
333,33,4,4,3,3,5,5
334,33,5,4,3,3,5,5
335,33,5,4,3,3,5,5
336,33,5,4,4,3,5,5
337,33,5,4,4,3,5,5
338,33,5,4,4,3,3,5
339,33,5,4,4,3,3,5
340,34,3,5,3,2,5,2
341,34,3,5,3,2,5,2
342,34,5,3,2,5,2,
343,34,3,3,2,5,2,
344,34,3,5,2,5,2,
345,34,3,5,3,5,2,
346,34,3,5,3,2,2,
347,34,3,5,3,2,5,
348,34,3,5,3,2,5,2
349,34,3,5,3,2,5,2
350,35,2,4,5,5,2,
351,35,2,4,5,5,2,
352,35,4,5,5,2,,
353,35,2,5,5,2,,
354,35,2,4,5,2,,
355,35,2,4,5,2,,
356,35,2,4,5,5,2,
357,35,2,4,5,5,,
358,35,2,4,5,5,2,
359,35,2,4,5,5,2,
360,36,5,3,5,6,4,4
361,36,5,3,5,6,4,4
362,36,3,5,6,4,4,
363,36,5,5,6,4,4,
364,36,5,3,6,4,4,
365,36,5,3,5,4,4,
366,36,5,3,5,6,4,
367,36,5,3,5,6,4,
368,36,5,3,5,6,4,4
369,36,5,3,5,4,4,
370,37,3,2,2,2,,
371,37,3,2,2,2,,
372,37,2,2,2,,,
373,37,3,2,2,,,
374,37,3,2,2,,,
375,37,3,2,2,,,
376,37,3,2,2,2,,
377,37,3,2,2,,,
378,37,3,2,2,,,
379,37,3,2,2,,,
380,38,6,4,5,6,,
381,38,6,4,5,6,,
382,38,4,5,6,,,
383,38,6,5,6,,,
384,38,6,4,6,,,
385,38,6,4,5,,,
386,38,6,4,5,6,,
387,38,6,4,6,,,
388,38,4,5,6,,,
389,38,6,4,6,,,
390,39,3,3,3,2,2,2
391,39,3,3,3,2,2,2
392,39,3,3,2,2,2,
393,39,3,3,2,2,2,
394,39,3,3,2,2,2,
395,39,3,3,3,2,2,
396,39,3,3,3,2,2,
397,39,3,3,3,2,2,
398,39,3,3,3,2,2,2
399,39,3,3,3,2,2,2
400,40,3,7,4,2,3,
401,40,3,7,4,2,3,
402,40,7,4,2,3,,
403,40,3,4,2,3,,
404,40,3,4,2,3,,
405,40,3,7,2,3,,
406,40,3,7,4,3,,
407,40,3,7,4,2,,
408,40,3,7,4,2,3,
409,40,3,4,2,3,,
410,0,1,3,4,6,,
411,0,3,4,6,,,
412,0,1,4,6,,,
413,0,1,3,6,,,
414,0,1,3,4,,,
415,0,3,4,6,,,
416,0,1,4,6,,,
417,0,1,3,6,,,
418,0,1,3,4,,,
419,0,1,3,4,6,,
420,1,4,5,3,4,,
421,1,5,3,4,,,
422,1,4,3,4,,,
423,1,4,5,4,,,
424,1,4,5,3,,,
425,1,5,3,4,,,
426,1,4,3,4,,,
427,1,4,5,4,,,
428,1,4,5,3,,,
429,1,4,5,3,4,,
430,2,5,3,4,5,4,7
431,2,5,4,5,4,7,
432,2,5,3,5,4,7,
433,2,5,3,4,4,7,
434,2,5,3,4,5,7,
435,2,5,3,4,5,4,
436,2,3,4,5,4,7,
437,2,5,4,5,4,7,
438,2,5,3,5,4,7,
439,2,5,3,4,4,7,
440,3,1,5,3,5,4,4
441,3,5,3,5,4,4,4
442,3,1,3,5,4,4,4
443,3,1,5,5,4,4,4
444,3,1,5,3,4,4,4
445,3,1,5,3,5,4,4
446,3,1,5,3,5,4,4
447,3,1,5,3,5,4,4
448,3,1,5,3,5,4,4
449,3,1,5,3,5,4,4
450,4,1,3,5,6,6,
451,4,1,5,6,6,,
452,4,1,3,6,6,,
453,4,1,3,5,6,,
454,4,1,3,5,6,,
455,4,3,5,6,6,,
456,4,1,5,6,6,,
457,4,1,3,6,6,,
458,4,1,3,5,6,,
459,4,1,3,5,6,,
460,5,5,4,4,5,4,
461,5,5,5,4,5,4,
462,5,5,4,4,5,4,
463,5,5,4,4,5,4,
464,5,5,5,4,5,4,
465,5,5,5,4,5,4,
466,5,5,5,4,4,4,
467,5,5,5,4,4,5,
468,5,5,5,4,4,5,4
469,5,5,5,4,4,5,4
470,6,3,6,7,5,,
471,6,6,7,5,,,
472,6,3,7,5,,,
473,6,3,6,5,,,
474,6,3,6,7,,,
475,6,3,6,7,5,,
476,6,3,6,7,5,,
477,6,6,7,5,,,
478,6,3,7,5,,,
479,6,3,6,7,,,
480,7,4,3,5,2,5,5
481,7,4,3,5,2,5,5
482,7,3,5,2,5,5,4
483,7,4,5,2,5,5,4
484,7,4,3,2,5,5,4
485,7,4,3,5,5,5,4
486,7,4,3,5,2,5,4
487,7,4,3,5,2,5,4
488,7,4,3,5,2,5,5
489,7,4,3,5,2,5,5
490,8,5,3,4,6,,
491,8,5,3,4,6,,
492,8,3,4,6,,,
493,8,5,4,6,,,
494,8,5,3,6,,,
495,8,5,3,4,,,
496,8,5,3,4,6,,
497,8,3,4,6,,,
498,8,5,4,6,,,
499,8,5,3,6,,,
500,9,4,4,7,4,5,4
501,9,4,7,4,5,4,
502,9,4,7,4,5,4,
503,9,4,4,4,5,4,
504,9,4,4,7,5,4,
505,9,4,4,7,4,4,
506,9,4,4,7,4,5,
507,9,4,4,7,4,5,4
508,9,4,7,4,5,4,
509,9,4,7,4,5,4,
510,10,3,7,4,4,3,
511,10,7,4,4,3,,
512,10,3,4,4,3,,
513,10,3,7,4,3,,
514,10,3,7,4,3,,
515,10,3,7,4,4,,
516,10,3,7,4,4,3,
517,10,7,4,4,3,,
518,10,3,4,4,3,,
519,10,3,7,4,3,,
520,11,3,5,3,5,4,4
521,11,5,3,5,4,4,3
522,11,3,3,5,4,4,3
523,11,3,5,5,4,4,3
524,11,3,5,3,4,4,3
525,11,3,5,3,5,4,3
526,11,3,5,3,5,4,3
527,11,3,5,3,5,4,4
528,11,3,5,3,5,4,4
529,11,3,5,3,5,4,4
530,12,3,7,5,4,4,
531,12,3,7,5,4,4,
532,12,7,5,4,4,,
533,12,3,5,4,4,,
534,12,3,7,4,4,,
535,12,3,7,5,4,,
536,12,3,7,5,4,,
537,12,3,7,5,4,4,
538,12,7,5,4,4,,
539,12,3,5,4,4,,
540,13,5,3,4,2,,
541,13,5,3,4,2,,
542,13,3,4,2,,,
543,13,5,4,2,,,
544,13,5,3,2,,,
545,13,5,3,4,,,
546,13,5,3,4,2,,
547,13,3,4,2,,,
548,13,5,4,2,,,
549,13,5,3,2,,,
550,14,1,5,4,3,7,3
551,14,1,5,4,3,7,3
552,14,5,4,3,7,3,4
553,14,1,4,3,7,3,4
554,14,1,5,3,7,3,4
555,14,1,5,4,7,3,4
556,14,1,5,4,3,3,4
557,14,1,5,4,3,7,4
558,14,1,5,4,3,7,3
559,14,1,5,4,3,7,3
560,15,3,5,7,3,3,5
561,15,3,5,7,3,3,5
562,15,3,5,7,3,3,5
563,15,5,7,3,3,5,6
564,15,3,7,3,3,5,6
565,15,3,5,3,3,5,6
566,15,3,5,7,3,5,6
567,15,3,5,7,3,5,6
568,15,3,5,7,3,3,6
569,15,3,5,7,3,3,5
570,16,1,3,4,2,7,3
571,16,3,4,2,7,3,4
572,16,1,4,2,7,3,4
573,16,1,3,2,7,3,4
574,16,1,3,4,7,3,4
575,16,1,3,4,2,3,4
576,16,1,3,4,2,7,4
577,16,1,3,4,2,7,3
578,16,1,3,4,2,7,3
579,16,1,3,4,2,7,3
580,17,3,3,3,5,4,7
581,17,3,3,3,5,4,7
582,17,3,3,3,5,4,7
583,17,3,3,3,5,4,7
584,17,3,3,5,4,7,3
585,17,3,3,5,4,7,3
586,17,3,3,5,4,7,3
587,17,3,3,3,4,7,3
588,17,3,3,3,5,7,3
589,17,3,3,3,5,4,3
590,18,3,5,4,7,5,4
591,18,3,5,4,7,3,4
592,18,3,5,4,7,3,5
593,18,3,5,4,7,3,5
594,18,3,5,4,7,3,5
595,18,3,5,4,7,3,5
596,18,3,5,4,7,3,5
597,18,3,5,4,7,3,5
598,18,3,5,4,7,3,5
599,18,3,4,7,3,5,4
600,19,3,5,3,4,5,4
601,19,3,5,3,4,5,4
602,19,5,3,4,5,4,4
603,19,3,3,4,5,4,4
604,19,3,5,4,5,4,4
605,19,3,5,3,5,4,4
606,19,3,5,3,4,4,4
607,19,3,5,3,4,5,4
608,19,3,5,3,4,5,4
609,19,3,5,3,4,5,4
610,20,1,4,2,3,4,4
611,20,1,4,2,3,4,4
612,20,4,2,3,4,4,4
613,20,1,2,3,4,4,4
614,20,1,4,3,4,4,4
615,20,1,4,2,4,4,4
616,20,1,4,2,3,4,4
617,20,1,4,2,3,4,4
618,20,1,4,2,3,4,4
619,20,1,4,2,3,4,4
620,21,4,3,5,4,5,
621,21,4,3,5,4,4,5
622,21,3,5,4,4,5,
623,21,4,5,4,4,5,
624,21,4,3,4,4,5,
625,21,4,3,5,4,5,
626,21,4,3,5,4,5,
627,21,4,3,5,4,4,
628,21,4,3,5,4,4,5
629,21,4,3,5,4,4,5
630,22,3,5,4,3,4,5
631,22,5,4,3,4,5,4
632,22,3,4,3,4,5,4
633,22,3,5,3,4,5,4
634,22,3,5,4,4,5,4
635,22,3,5,4,3,5,4
636,22,3,5,4,3,4,4
637,22,3,5,4,3,4,5
638,22,3,5,4,3,4,5
639,22,3,5,4,3,4,5
640,23,3,5,4,7,3,4
641,23,3,5,4,7,3,4
642,23,3,5,4,7,3,4
643,23,5,4,7,3,4,5
644,23,3,4,7,3,4,5
645,23,3,5,7,3,4,5
646,23,3,5,4,3,4,5
647,23,3,5,4,7,4,5
648,23,3,5,4,7,3,5
649,23,3,5,4,7,3,4
650,24,5,3,4,7,4,5
651,24,5,3,4,7,4,5
652,24,3,4,7,4,5,6
653,24,5,4,7,4,5,6
654,24,5,3,7,4,5,6
655,24,5,3,4,4,5,6
656,24,5,3,4,7,5,6
657,24,5,3,4,7,4,6
658,24,5,3,4,7,4,5
659,24,5,3,4,7,4,5
660,25,3,5,4,3,4,7
661,25,3,5,4,3,4,7
662,25,5,4,3,4,7,4
663,25,3,4,3,4,7,4
664,25,3,5,3,4,7,4
665,25,3,5,4,4,7,4
666,25,3,5,4,3,7,4
667,25,3,5,4,3,4,4
668,25,3,5,4,3,4,7
669,25,3,5,4,3,4,7
670,26,4,3,4,4,7,3
671,26,4,3,4,4,7,3
672,26,3,4,4,7,3,6
673,26,4,4,4,7,3,6
674,26,4,3,4,7,3,6
675,26,4,3,4,7,3,6
676,26,4,3,4,4,3,6
677,26,4,3,4,4,7,6
678,26,4,3,4,4,7,3
679,26,4,3,4,4,7,3
680,27,3,4,4,7,4,3
681,27,3,4,4,7,4,3
682,27,3,4,4,7,4,3
683,27,4,4,7,4,3,6
684,27,3,4,7,4,3,6
685,27,3,4,7,4,3,6
686,27,3,4,4,4,3,6
687,27,3,4,4,7,3,6
688,27,3,4,4,7,4,6
689,27,3,4,4,7,4,3
690,28,4,5,6,5,6,
691,28,4,5,6,5,6,
692,28,4,5,6,5,6,
693,28,5,6,5,6,,
694,28,4,6,5,6,,
695,28,4,5,5,6,,
696,28,4,5,6,6,,
697,28,4,5,6,5,,
698,28,4,5,6,5,6,
699,28,4,5,6,5,6,
700,29,5,4,3,7,,
701,29,5,4,3,7,,
702,29,4,3,7,,,
703,29,5,3,7,,,
704,29,5,4,7,,,
705,29,5,4,3,,,
706,29,5,4,3,7,,
707,29,4,3,7,,,
708,29,5,3,7,,,
709,29,5,4,7,,,
710,30,4,4,4,4,5,5
711,30,4,4,4,4,5,5
712,30,4,4,4,5,5,6
713,30,4,4,4,5,5,6
714,30,4,4,4,5,5,6
715,30,4,4,4,5,5,6
716,30,4,4,4,4,5,6
717,30,4,4,4,4,5,6
718,30,4,4,4,4,5,5
719,30,4,4,4,4,5,6
720,31,4,3,5,3,2,4
721,31,4,3,5,3,2,4
722,31,3,5,3,2,4,5
723,31,3,5,3,2,4,5
724,31,4,5,3,2,4,5
725,31,4,3,3,2,4,5
726,31,4,3,5,2,4,5
727,31,4,3,5,3,4,5
728,31,4,3,5,3,2,5
729,31,4,3,5,3,2,4
730,32,4,3,3,5,3,6
731,32,4,3,3,5,3,6
732,32,3,3,5,3,6,5
733,32,4,3,5,3,6,5
734,32,4,3,5,3,6,5
735,32,4,3,3,3,6,5
736,32,4,3,3,5,6,5
737,32,4,3,3,5,3,5
738,32,4,3,3,5,3,6
739,32,4,3,3,5,3,6
740,33,5,4,4,3,3,5
741,33,5,4,4,3,3,5
742,33,5,4,4,3,3,5
743,33,4,4,3,3,5,5
744,33,5,4,3,3,5,5
745,33,5,4,3,3,5,5
746,33,5,4,4,3,5,5
747,33,5,4,4,3,5,5
748,33,5,4,4,3,3,5
749,33,5,4,4,3,3,5
750,34,3,5,3,2,5,2
751,34,3,5,3,2,5,2
752,34,5,3,2,5,2,
753,34,3,3,2,5,2,
754,34,3,5,2,5,2,
755,34,3,5,3,5,2,
756,34,3,5,3,2,2,
757,34,3,5,3,2,5,
758,34,3,5,3,2,5,2
759,34,3,5,3,2,5,2
760,35,2,4,5,5,2,
761,35,2,4,5,5,2,
762,35,4,5,5,2,,
763,35,2,5,5,2,,
764,35,2,4,5,2,,
765,35,2,4,5,2,,
766,35,2,4,5,5,2,
767,35,2,4,5,5,,
768,35,2,4,5,5,2,
769,35,2,4,5,5,2,
770,36,5,3,5,6,4,4
771,36,5,3,5,6,4,4
772,36,3,5,6,4,4,
773,36,5,5,6,4,4,
774,36,5,3,6,4,4,
775,36,5,3,5,4,4,
776,36,5,3,5,6,4,
777,36,5,3,5,6,4,
778,36,5,3,5,6,4,4
779,36,5,3,5,4,4,
780,37,3,2,2,2,,
781,37,3,2,2,2,,
782,37,2,2,2,,,
783,37,3,2,2,,,
784,37,3,2,2,,,
785,37,3,2,2,,,
786,37,3,2,2,2,,
787,37,3,2,2,,,
788,37,3,2,2,,,
789,37,3,2,2,,,
790,38,6,4,5,6,,
791,38,6,4,5,6,,
792,38,4,5,6,,,
793,38,6,5,6,,,
794,38,6,4,6,,,
795,38,6,4,5,,,
796,38,6,4,5,6,,
797,38,6,4,6,,,
798,38,4,5,6,,,
799,38,6,4,6,,,
800,39,3,3,3,2,2,2
801,39,3,3,3,2,2,2
802,39,3,3,2,2,2,
803,39,3,3,2,2,2,
804,39,3,3,2,2,2,
805,39,3,3,3,2,2,
806,39,3,3,3,2,2,
807,39,3,3,3,2,2,
808,39,3,3,3,2,2,2
809,39,3,3,3,2,2,2
810,40,3,7,4,2,3,
811,40,3,7,4,2,3,
812,40,7,4,2,3,,
813,40,3,4,2,3,,
814,40,3,4,2,3,,
815,40,3,7,2,3,,
816,40,3,7,4,3,,
817,40,3,7,4,2,,
818,40,3,7,4,2,3,
819,40,3,4,2,3,,
820,0,1,3,4,6,,
821,0,3,4,6,,,
822,0,1,4,6,,,
823,0,1,3,6,,,
824,0,1,3,4,,,
825,0,3,4,6,,,
826,0,1,4,6,,,
827,0,1,3,6,,,
828,0,1,3,4,,,
829,0,1,3,4,6,,
830,1,4,5,3,4,,
831,1,5,3,4,,,
832,1,4,3,4,,,
833,1,4,5,4,,,
834,1,4,5,3,,,
835,1,5,3,4,,,
836,1,4,3,4,,,
837,1,4,5,4,,,
838,1,4,5,3,,,
839,1,4,5,3,4,,
840,2,5,3,4,5,4,7
841,2,5,4,5,4,7,
842,2,5,3,5,4,7,
843,2,5,3,4,4,7,
844,2,5,3,4,5,7,
845,2,5,3,4,5,4,
846,2,3,4,5,4,7,
847,2,5,4,5,4,7,
848,2,5,3,5,4,7,
849,2,5,3,4,4,7,
850,3,1,5,3,5,4,4
851,3,5,3,5,4,4,4
852,3,1,3,5,4,4,4
853,3,1,5,5,4,4,4
854,3,1,5,3,4,4,4
855,3,1,5,3,5,4,4
856,3,1,5,3,5,4,4
857,3,1,5,3,5,4,4
858,3,1,5,3,5,4,4
859,3,1,5,3,5,4,4
860,4,1,3,5,6,6,
861,4,1,5,6,6,,
862,4,1,3,6,6,,
863,4,1,3,5,6,,
864,4,1,3,5,6,,
865,4,3,5,6,6,,
866,4,1,5,6,6,,
867,4,1,3,6,6,,
868,4,1,3,5,6,,
869,4,1,3,5,6,,
870,5,5,4,4,5,4,
871,5,5,5,4,5,4,
872,5,5,4,4,5,4,
873,5,5,4,4,5,4,
874,5,5,5,4,5,4,
875,5,5,5,4,5,4,
876,5,5,5,4,4,4,
877,5,5,5,4,4,5,
878,5,5,5,4,4,5,4
879,5,5,5,4,4,5,4
880,6,3,6,7,5,,
881,6,6,7,5,,,
882,6,3,7,5,,,
883,6,3,6,5,,,
884,6,3,6,7,,,
885,6,3,6,7,5,,
886,6,3,6,7,5,,
887,6,6,7,5,,,
888,6,3,7,5,,,
889,6,3,6,7,,,
890,7,4,3,5,2,5,5
891,7,4,3,5,2,5,5
892,7,3,5,2,5,5,4
893,7,4,5,2,5,5,4
894,7,4,3,2,5,5,4
895,7,4,3,5,5,5,4
896,7,4,3,5,2,5,4
897,7,4,3,5,2,5,4
898,7,4,3,5,2,5,5
899,7,4,3,5,2,5,5
900,8,5,3,4,6,,
901,8,5,3,4,6,,
902,8,3,4,6,,,
903,8,5,4,6,,,
904,8,5,3,6,,,
905,8,5,3,4,,,
906,8,5,3,4,6,,
907,8,3,4,6,,,
908,8,5,4,6,,,
909,8,5,3,6,,,
910,9,4,4,7,4,5,4
911,9,4,7,4,5,4,
912,9,4,7,4,5,4,
913,9,4,4,4,5,4,
914,9,4,4,7,5,4,
915,9,4,4,7,4,4,
916,9,4,4,7,4,5,
917,9,4,4,7,4,5,4
918,9,4,7,4,5,4,
919,9,4,7,4,5,4,
920,10,3,7,4,4,3,
921,10,7,4,4,3,,
922,10,3,4,4,3,,
923,10,3,7,4,3,,
924,10,3,7,4,3,,
925,10,3,7,4,4,,
926,10,3,7,4,4,3,
927,10,7,4,4,3,,
928,10,3,4,4,3,,
929,10,3,7,4,3,,
930,11,3,5,3,5,4,4
931,11,5,3,5,4,4,3
932,11,3,3,5,4,4,3
933,11,3,5,5,4,4,3
934,11,3,5,3,4,4,3
935,11,3,5,3,5,4,3
936,11,3,5,3,5,4,3
937,11,3,5,3,5,4,4
938,11,3,5,3,5,4,4
939,11,3,5,3,5,4,4
940,12,3,7,5,4,4,
941,12,3,7,5,4,4,
942,12,7,5,4,4,,
943,12,3,5,4,4,,
944,12,3,7,4,4,,
945,12,3,7,5,4,,
946,12,3,7,5,4,,
947,12,3,7,5,4,4,
948,12,7,5,4,4,,
949,12,3,5,4,4,,
950,13,5,3,4,2,,
951,13,5,3,4,2,,
952,13,3,4,2,,,
953,13,5,4,2,,,
954,13,5,3,2,,,
955,13,5,3,4,,,
956,13,5,3,4,2,,
957,13,3,4,2,,,
958,13,5,4,2,,,
959,13,5,3,2,,,
960,14,1,5,4,3,7,3
961,14,1,5,4,3,7,3
962,14,5,4,3,7,3,4
963,14,1,4,3,7,3,4
964,14,1,5,3,7,3,4
965,14,1,5,4,7,3,4
966,14,1,5,4,3,3,4
967,14,1,5,4,3,7,4
968,14,1,5,4,3,7,3
969,14,1,5,4,3,7,3
970,15,3,5,7,3,3,5
971,15,3,5,7,3,3,5
972,15,3,5,7,3,3,5
973,15,5,7,3,3,5,6
974,15,3,7,3,3,5,6
975,15,3,5,3,3,5,6
976,15,3,5,7,3,5,6
977,15,3,5,7,3,5,6
978,15,3,5,7,3,3,6
979,15,3,5,7,3,3,5
980,16,1,3,4,2,7,3
981,16,3,4,2,7,3,4
982,16,1,4,2,7,3,4
983,16,1,3,2,7,3,4
984,16,1,3,4,7,3,4
985,16,1,3,4,2,3,4
986,16,1,3,4,2,7,4
987,16,1,3,4,2,7,3
988,16,1,3,4,2,7,3
989,16,1,3,4,2,7,3
990,17,3,3,3,5,4,7
991,17,3,3,3,5,4,7
992,17,3,3,3,5,4,7
993,17,3,3,3,5,4,7
994,17,3,3,5,4,7,3
995,17,3,3,5,4,7,3
996,17,3,3,5,4,7,3
997,17,3,3,3,4,7,3
998,17,3,3,3,5,7,3
999,17,3,3,3,5,4,3
1000,18,3,5,4,7,5,4
1001,18,3,5,4,7,3,4
1002,18,3,5,4,7,3,5
1003,18,3,5,4,7,3,5
1004,18,3,5,4,7,3,5
1005,18,3,5,4,7,3,5
1006,18,3,5,4,7,3,5
1007,18,3,5,4,7,3,5
1008,18,3,5,4,7,3,5
1009,18,3,4,7,3,5,4
1010,19,3,5,3,4,5,4
1011,19,3,5,3,4,5,4
1012,19,5,3,4,5,4,4
1013,19,3,3,4,5,4,4
1014,19,3,5,4,5,4,4
1015,19,3,5,3,5,4,4
1016,19,3,5,3,4,4,4
1017,19,3,5,3,4,5,4
1018,19,3,5,3,4,5,4
1019,19,3,5,3,4,5,4
1020,20,1,4,2,3,4,4
1021,20,1,4,2,3,4,4
1022,20,4,2,3,4,4,4
1023,20,1,2,3,4,4,4
1024,20,1,4,3,4,4,4
1025,20,1,4,2,4,4,4
1026,20,1,4,2,3,4,4
1027,20,1,4,2,3,4,4
1028,20,1,4,2,3,4,4
1029,20,1,4,2,3,4,4
1030,21,4,3,5,4,5,
1031,21,4,3,5,4,4,5
1032,21,3,5,4,4,5,
1033,21,4,5,4,4,5,
1034,21,4,3,4,4,5,
1035,21,4,3,5,4,5,
1036,21,4,3,5,4,5,
1037,21,4,3,5,4,4,
1038,21,4,3,5,4,4,5
1039,21,4,3,5,4,4,5
1040,22,3,5,4,3,4,5
1041,22,5,4,3,4,5,4
1042,22,3,4,3,4,5,4
1043,22,3,5,3,4,5,4
1044,22,3,5,4,4,5,4
1045,22,3,5,4,3,5,4
1046,22,3,5,4,3,4,4
1047,22,3,5,4,3,4,5
1048,22,3,5,4,3,4,5
1049,22,3,5,4,3,4,5
1050,23,3,5,4,7,3,4
1051,23,3,5,4,7,3,4
1052,23,3,5,4,7,3,4
1053,23,5,4,7,3,4,5
1054,23,3,4,7,3,4,5
1055,23,3,5,7,3,4,5
1056,23,3,5,4,3,4,5
1057,23,3,5,4,7,4,5
1058,23,3,5,4,7,3,5
1059,23,3,5,4,7,3,4
1060,24,5,3,4,7,4,5
1061,24,5,3,4,7,4,5
1062,24,3,4,7,4,5,6
1063,24,5,4,7,4,5,6
1064,24,5,3,7,4,5,6
1065,24,5,3,4,4,5,6
1066,24,5,3,4,7,5,6
1067,24,5,3,4,7,4,6
1068,24,5,3,4,7,4,5
1069,24,5,3,4,7,4,5
1070,25,3,5,4,3,4,7
1071,25,3,5,4,3,4,7
1072,25,5,4,3,4,7,4
1073,25,3,4,3,4,7,4
1074,25,3,5,3,4,7,4
1075,25,3,5,4,4,7,4
1076,25,3,5,4,3,7,4
1077,25,3,5,4,3,4,4
1078,25,3,5,4,3,4,7
1079,25,3,5,4,3,4,7
1080,26,4,3,4,4,7,3
1081,26,4,3,4,4,7,3
1082,26,3,4,4,7,3,6
1083,26,4,4,4,7,3,6
1084,26,4,3,4,7,3,6
1085,26,4,3,4,7,3,6
1086,26,4,3,4,4,3,6
1087,26,4,3,4,4,7,6
1088,26,4,3,4,4,7,3
1089,26,4,3,4,4,7,3
1090,27,3,4,4,7,4,3
1091,27,3,4,4,7,4,3
1092,27,3,4,4,7,4,3
1093,27,4,4,7,4,3,6
1094,27,3,4,7,4,3,6
1095,27,3,4,7,4,3,6
1096,27,3,4,4,4,3,6
1097,27,3,4,4,7,3,6
1098,27,3,4,4,7,4,6
1099,27,3,4,4,7,4,3
1100,28,4,5,6,5,6,
1101,28,4,5,6,5,6,
1102,28,4,5,6,5,6,
1103,28,5,6,5,6,,
1104,28,4,6,5,6,,
1105,28,4,5,5,6,,
1106,28,4,5,6,6,,
1107,28,4,5,6,5,,
1108,28,4,5,6,5,6,
1109,28,4,5,6,5,6,
1110,29,5,4,3,7,,
1111,29,5,4,3,7,,
1112,29,4,3,7,,,
1113,29,5,3,7,,,
1114,29,5,4,7,,,
1115,29,5,4,3,,,
1116,29,5,4,3,7,,
1117,29,4,3,7,,,
1118,29,5,3,7,,,
1119,29,5,4,7,,,
1120,30,4,4,4,4,5,5
1121,30,4,4,4,4,5,5
1122,30,4,4,4,5,5,6
1123,30,4,4,4,5,5,6
1124,30,4,4,4,5,5,6
1125,30,4,4,4,5,5,6
1126,30,4,4,4,4,5,6
1127,30,4,4,4,4,5,6
1128,30,4,4,4,4,5,5
1129,30,4,4,4,4,5,6
1130,31,4,3,5,3,2,4
1131,31,4,3,5,3,2,4
1132,31,3,5,3,2,4,5
1133,31,3,5,3,2,4,5
1134,31,4,5,3,2,4,5
1135,31,4,3,3,2,4,5
1136,31,4,3,5,2,4,5
1137,31,4,3,5,3,4,5
1138,31,4,3,5,3,2,5
1139,31,4,3,5,3,2,4
1140,32,4,3,3,5,3,6
1141,32,4,3,3,5,3,6
1142,32,3,3,5,3,6,5
1143,32,4,3,5,3,6,5
1144,32,4,3,5,3,6,5
1145,32,4,3,3,3,6,5
1146,32,4,3,3,5,6,5
1147,32,4,3,3,5,3,5
1148,32,4,3,3,5,3,6
1149,32,4,3,3,5,3,6
1150,33,5,4,4,3,3,5
1151,33,5,4,4,3,3,5
1152,33,5,4,4,3,3,5
1153,33,4,4,3,3,5,5
1154,33,5,4,3,3,5,5
1155,33,5,4,3,3,5,5
1156,33,5,4,4,3,5,5
1157,33,5,4,4,3,5,5
1158,33,5,4,4,3,3,5
1159,33,5,4,4,3,3,5
1160,34,3,5,3,2,5,2
1161,34,3,5,3,2,5,2
1162,34,5,3,2,5,2,
1163,34,3,3,2,5,2,
1164,34,3,5,2,5,2,
1165,34,3,5,3,5,2,
1166,34,3,5,3,2,2,
1167,34,3,5,3,2,5,
1168,34,3,5,3,2,5,2
1169,34,3,5,3,2,5,2
1170,35,2,4,5,5,2,
1171,35,2,4,5,5,2,
1172,35,4,5,5,2,,
1173,35,2,5,5,2,,
1174,35,2,4,5,2,,
1175,35,2,4,5,2,,
1176,35,2,4,5,5,2,
1177,35,2,4,5,5,,
1178,35,2,4,5,5,2,
1179,35,2,4,5,5,2,
1180,36,5,3,5,6,4,4
1181,36,5,3,5,6,4,4
1182,36,3,5,6,4,4,
1183,36,5,5,6,4,4,
1184,36,5,3,6,4,4,
1185,36,5,3,5,4,4,
1186,36,5,3,5,6,4,
1187,36,5,3,5,6,4,
1188,36,5,3,5,6,4,4
1189,36,5,3,5,4,4,
1190,37,3,2,2,2,,
1191,37,3,2,2,2,,
1192,37,2,2,2,,,
1193,37,3,2,2,,,
1194,37,3,2,2,,,
1195,37,3,2,2,,,
1196,37,3,2,2,2,,
1197,37,3,2,2,,,
1198,37,3,2,2,,,
1199,37,3,2,2,,,
1200,38,6,4,5,6,,
1201,38,6,4,5,6,,
1202,38,4,5,6,,,
1203,38,6,5,6,,,
1204,38,6,4,6,,,
1205,38,6,4,5,,,
1206,38,6,4,5,6,,
1207,38,6,4,6,,,
1208,38,4,5,6,,,
1209,38,6,4,6,,,
1210,39,3,3,3,2,2,2
1211,39,3,3,3,2,2,2
1212,39,3,3,2,2,2,
1213,39,3,3,2,2,2,
1214,39,3,3,2,2,2,
1215,39,3,3,3,2,2,
1216,39,3,3,3,2,2,
1217,39,3,3,3,2,2,
1218,39,3,3,3,2,2,2
1219,39,3,3,3,2,2,2
1220,40,3,7,4,2,3,
1221,40,3,7,4,2,3,
1222,40,7,4,2,3,,
1223,40,3,4,2,3,,
1224,40,3,4,2,3,,
1225,40,3,7,2,3,,
1226,40,3,7,4,3,,
1227,40,3,7,4,2,,
1228,40,3,7,4,2,3,
1229,40,3,4,2,3,,
1230,0,1,3,4,6,,
1231,0,3,4,6,,,
1232,0,1,4,6,,,
1233,0,1,3,6,,,
1234,0,1,3,4,,,
1235,0,3,4,6,,,
1236,0,1,4,6,,,
1237,0,1,3,6,,,
1238,0,1,3,4,,,
1239,0,1,3,4,6,,
1240,1,4,5,3,4,,
1241,1,5,3,4,,,
1242,1,4,3,4,,,
1243,1,4,5,4,,,
1244,1,4,5,3,,,
1245,1,5,3,4,,,
1246,1,4,3,4,,,
1247,1,4,5,4,,,
1248,1,4,5,3,,,
1249,1,4,5,3,4,,
1250,2,5,3,4,5,4,7
1251,2,5,4,5,4,7,
1252,2,5,3,5,4,7,
1253,2,5,3,4,4,7,
1254,2,5,3,4,5,7,
1255,2,5,3,4,5,4,
1256,2,3,4,5,4,7,
1257,2,5,4,5,4,7,
1258,2,5,3,5,4,7,
1259,2,5,3,4,4,7,
1260,3,1,5,3,5,4,4
1261,3,5,3,5,4,4,4
1262,3,1,3,5,4,4,4
1263,3,1,5,5,4,4,4
1264,3,1,5,3,4,4,4
1265,3,1,5,3,5,4,4
1266,3,1,5,3,5,4,4
1267,3,1,5,3,5,4,4
1268,3,1,5,3,5,4,4
1269,3,1,5,3,5,4,4
1270,4,1,3,5,6,6,
1271,4,1,5,6,6,,
1272,4,1,3,6,6,,
1273,4,1,3,5,6,,
1274,4,1,3,5,6,,
1275,4,3,5,6,6,,
1276,4,1,5,6,6,,
1277,4,1,3,6,6,,
1278,4,1,3,5,6,,
1279,4,1,3,5,6,,
1280,5,5,4,4,5,4,
1281,5,5,5,4,5,4,
1282,5,5,4,4,5,4,
1283,5,5,4,4,5,4,
1284,5,5,5,4,5,4,
1285,5,5,5,4,5,4,
1286,5,5,5,4,4,4,
1287,5,5,5,4,4,5,
1288,5,5,5,4,4,5,4
1289,5,5,5,4,4,5,4
1290,6,3,6,7,5,,
1291,6,6,7,5,,,
1292,6,3,7,5,,,
1293,6,3,6,5,,,
1294,6,3,6,7,,,
1295,6,3,6,7,5,,
1296,6,3,6,7,5,,
1297,6,6,7,5,,,
1298,6,3,7,5,,,
1299,6,3,6,7,,,
1300,7,4,3,5,2,5,5
1301,7,4,3,5,2,5,5
1302,7,3,5,2,5,5,4
1303,7,4,5,2,5,5,4
1304,7,4,3,2,5,5,4
1305,7,4,3,5,5,5,4
1306,7,4,3,5,2,5,4
1307,7,4,3,5,2,5,4
1308,7,4,3,5,2,5,5
1309,7,4,3,5,2,5,5
1310,8,5,3,4,6,,
1311,8,5,3,4,6,,
1312,8,3,4,6,,,
1313,8,5,4,6,,,
1314,8,5,3,6,,,
1315,8,5,3,4,,,
1316,8,5,3,4,6,,
1317,8,3,4,6,,,
1318,8,5,4,6,,,
1319,8,5,3,6,,,
1320,9,4,4,7,4,5,4
1321,9,4,7,4,5,4,
1322,9,4,7,4,5,4,
1323,9,4,4,4,5,4,
1324,9,4,4,7,5,4,
1325,9,4,4,7,4,4,
1326,9,4,4,7,4,5,
1327,9,4,4,7,4,5,4
1328,9,4,7,4,5,4,
1329,9,4,7,4,5,4,
1330,10,3,7,4,4,3,
1331,10,7,4,4,3,,
1332,10,3,4,4,3,,
1333,10,3,7,4,3,,
1334,10,3,7,4,3,,
1335,10,3,7,4,4,,
1336,10,3,7,4,4,3,
1337,10,7,4,4,3,,
1338,10,3,4,4,3,,
1339,10,3,7,4,3,,
1340,11,3,5,3,5,4,4
1341,11,5,3,5,4,4,3
1342,11,3,3,5,4,4,3
1343,11,3,5,5,4,4,3
1344,11,3,5,3,4,4,3
1345,11,3,5,3,5,4,3
1346,11,3,5,3,5,4,3
1347,11,3,5,3,5,4,4
1348,11,3,5,3,5,4,4
1349,11,3,5,3,5,4,4
1350,12,3,7,5,4,4,
1351,12,3,7,5,4,4,
1352,12,7,5,4,4,,
1353,12,3,5,4,4,,
1354,12,3,7,4,4,,
1355,12,3,7,5,4,,
1356,12,3,7,5,4,,
1357,12,3,7,5,4,4,
1358,12,7,5,4,4,,
1359,12,3,5,4,4,,
1360,13,5,3,4,2,,
1361,13,5,3,4,2,,
1362,13,3,4,2,,,
1363,13,5,4,2,,,
1364,13,5,3,2,,,
1365,13,5,3,4,,,
1366,13,5,3,4,2,,
1367,13,3,4,2,,,
1368,13,5,4,2,,,
1369,13,5,3,2,,,
1370,14,1,5,4,3,7,3
1371,14,1,5,4,3,7,3
1372,14,5,4,3,7,3,4
1373,14,1,4,3,7,3,4
1374,14,1,5,3,7,3,4
1375,14,1,5,4,7,3,4
1376,14,1,5,4,3,3,4
1377,14,1,5,4,3,7,4
1378,14,1,5,4,3,7,3
1379,14,1,5,4,3,7,3
1380,15,3,5,7,3,3,5
1381,15,3,5,7,3,3,5
1382,15,3,5,7,3,3,5
1383,15,5,7,3,3,5,6
1384,15,3,7,3,3,5,6
1385,15,3,5,3,3,5,6
1386,15,3,5,7,3,5,6
1387,15,3,5,7,3,5,6
1388,15,3,5,7,3,3,6
1389,15,3,5,7,3,3,5
1390,16,1,3,4,2,7,3
1391,16,3,4,2,7,3,4
1392,16,1,4,2,7,3,4
1393,16,1,3,2,7,3,4
1394,16,1,3,4,7,3,4
1395,16,1,3,4,2,3,4
1396,16,1,3,4,2,7,4
1397,16,1,3,4,2,7,3
1398,16,1,3,4,2,7,3
1399,16,1,3,4,2,7,3
1400,17,3,3,3,5,4,7
1401,17,3,3,3,5,4,7
1402,17,3,3,3,5,4,7
1403,17,3,3,3,5,4,7
1404,17,3,3,5,4,7,3
1405,17,3,3,5,4,7,3
1406,17,3,3,5,4,7,3
1407,17,3,3,3,4,7,3
1408,17,3,3,3,5,7,3
1409,17,3,3,3,5,4,3
1410,18,3,5,4,7,5,4
1411,18,3,5,4,7,3,4
1412,18,3,5,4,7,3,5
1413,18,3,5,4,7,3,5
1414,18,3,5,4,7,3,5
1415,18,3,5,4,7,3,5
1416,18,3,5,4,7,3,5
1417,18,3,5,4,7,3,5
1418,18,3,5,4,7,3,5
1419,18,3,4,7,3,5,4
1420,19,3,5,3,4,5,4
1421,19,3,5,3,4,5,4
1422,19,5,3,4,5,4,4
1423,19,3,3,4,5,4,4
1424,19,3,5,4,5,4,4
1425,19,3,5,3,5,4,4
1426,19,3,5,3,4,4,4
1427,19,3,5,3,4,5,4
1428,19,3,5,3,4,5,4
1429,19,3,5,3,4,5,4
1430,20,1,4,2,3,4,4
1431,20,1,4,2,3,4,4
1432,20,4,2,3,4,4,4
1433,20,1,2,3,4,4,4
1434,20,1,4,3,4,4,4
1435,20,1,4,2,4,4,4
1436,20,1,4,2,3,4,4
1437,20,1,4,2,3,4,4
1438,20,1,4,2,3,4,4
1439,20,1,4,2,3,4,4
1440,21,4,3,5,4,5,
1441,21,4,3,5,4,4,5
1442,21,3,5,4,4,5,
1443,21,4,5,4,4,5,
1444,21,4,3,4,4,5,
1445,21,4,3,5,4,5,
1446,21,4,3,5,4,5,
1447,21,4,3,5,4,4,
1448,21,4,3,5,4,4,5
1449,21,4,3,5,4,4,5
1450,22,3,5,4,3,4,5
1451,22,5,4,3,4,5,4
1452,22,3,4,3,4,5,4
1453,22,3,5,3,4,5,4
1454,22,3,5,4,4,5,4
1455,22,3,5,4,3,5,4
1456,22,3,5,4,3,4,4
1457,22,3,5,4,3,4,5
1458,22,3,5,4,3,4,5
1459,22,3,5,4,3,4,5
1460,23,3,5,4,7,3,4
1461,23,3,5,4,7,3,4
1462,23,3,5,4,7,3,4
1463,23,5,4,7,3,4,5
1464,23,3,4,7,3,4,5
1465,23,3,5,7,3,4,5
1466,23,3,5,4,3,4,5
1467,23,3,5,4,7,4,5
1468,23,3,5,4,7,3,5
1469,23,3,5,4,7,3,4
1470,24,5,3,4,7,4,5
1471,24,5,3,4,7,4,5
1472,24,3,4,7,4,5,6
1473,24,5,4,7,4,5,6
1474,24,5,3,7,4,5,6
1475,24,5,3,4,4,5,6
1476,24,5,3,4,7,5,6
1477,24,5,3,4,7,4,6
1478,24,5,3,4,7,4,5
1479,24,5,3,4,7,4,5
1480,25,3,5,4,3,4,7
1481,25,3,5,4,3,4,7
1482,25,5,4,3,4,7,4
1483,25,3,4,3,4,7,4
1484,25,3,5,3,4,7,4
1485,25,3,5,4,4,7,4
1486,25,3,5,4,3,7,4
1487,25,3,5,4,3,4,4
1488,25,3,5,4,3,4,7
1489,25,3,5,4,3,4,7
1490,26,4,3,4,4,7,3
1491,26,4,3,4,4,7,3
1492,26,3,4,4,7,3,6
1493,26,4,4,4,7,3,6
1494,26,4,3,4,7,3,6
1495,26,4,3,4,7,3,6
1496,26,4,3,4,4,3,6
1497,26,4,3,4,4,7,6
1498,26,4,3,4,4,7,3
1499,26,4,3,4,4,7,3
1500,27,3,4,4,7,4,3
1501,27,3,4,4,7,4,3
1502,27,3,4,4,7,4,3
1503,27,4,4,7,4,3,6
1504,27,3,4,7,4,3,6
1505,27,3,4,7,4,3,6
1506,27,3,4,4,4,3,6
1507,27,3,4,4,7,3,6
1508,27,3,4,4,7,4,6
1509,27,3,4,4,7,4,3
1510,28,4,5,6,5,6,
1511,28,4,5,6,5,6,
1512,28,4,5,6,5,6,
1513,28,5,6,5,6,,
1514,28,4,6,5,6,,
1515,28,4,5,5,6,,
1516,28,4,5,6,6,,
1517,28,4,5,6,5,,
1518,28,4,5,6,5,6,
1519,28,4,5,6,5,6,
1520,29,5,4,3,7,,
1521,29,5,4,3,7,,
1522,29,4,3,7,,,
1523,29,5,3,7,,,
1524,29,5,4,7,,,
1525,29,5,4,3,,,
1526,29,5,4,3,7,,
1527,29,4,3,7,,,
1528,29,5,3,7,,,
1529,29,5,4,7,,,
1530,30,4,4,4,4,5,5
1531,30,4,4,4,4,5,5
1532,30,4,4,4,5,5,6
1533,30,4,4,4,5,5,6
1534,30,4,4,4,5,5,6
1535,30,4,4,4,5,5,6
1536,30,4,4,4,4,5,6
1537,30,4,4,4,4,5,6
1538,30,4,4,4,4,5,5
1539,30,4,4,4,4,5,6
1540,31,4,3,5,3,2,4
1541,31,4,3,5,3,2,4
1542,31,3,5,3,2,4,5
1543,31,3,5,3,2,4,5
1544,31,4,5,3,2,4,5
1545,31,4,3,3,2,4,5
1546,31,4,3,5,2,4,5
1547,31,4,3,5,3,4,5
1548,31,4,3,5,3,2,5
1549,31,4,3,5,3,2,4
1550,32,4,3,3,5,3,6
1551,32,4,3,3,5,3,6
1552,32,3,3,5,3,6,5
1553,32,4,3,5,3,6,5
1554,32,4,3,5,3,6,5
1555,32,4,3,3,3,6,5
1556,32,4,3,3,5,6,5
1557,32,4,3,3,5,3,5
1558,32,4,3,3,5,3,6
1559,32,4,3,3,5,3,6
1560,33,5,4,4,3,3,5
1561,33,5,4,4,3,3,5
1562,33,5,4,4,3,3,5
1563,33,4,4,3,3,5,5
1564,33,5,4,3,3,5,5
1565,33,5,4,3,3,5,5
1566,33,5,4,4,3,5,5
1567,33,5,4,4,3,5,5
1568,33,5,4,4,3,3,5
1569,33,5,4,4,3,3,5
1570,34,3,5,3,2,5,2
1571,34,3,5,3,2,5,2
1572,34,5,3,2,5,2,
1573,34,3,3,2,5,2,
1574,34,3,5,2,5,2,
1575,34,3,5,3,5,2,
1576,34,3,5,3,2,2,
1577,34,3,5,3,2,5,
1578,34,3,5,3,2,5,2
1579,34,3,5,3,2,5,2
1580,35,2,4,5,5,2,
1581,35,2,4,5,5,2,
1582,35,4,5,5,2,,
1583,35,2,5,5,2,,
1584,35,2,4,5,2,,
1585,35,2,4,5,2,,
1586,35,2,4,5,5,2,
1587,35,2,4,5,5,,
1588,35,2,4,5,5,2,
1589,35,2,4,5,5,2,
1590,36,5,3,5,6,4,4
1591,36,5,3,5,6,4,4
1592,36,3,5,6,4,4,
1593,36,5,5,6,4,4,
1594,36,5,3,6,4,4,
1595,36,5,3,5,4,4,
1596,36,5,3,5,6,4,
1597,36,5,3,5,6,4,
1598,36,5,3,5,6,4,4
1599,36,5,3,5,4,4,
1600,37,3,2,2,2,,
1601,37,3,2,2,2,,
1602,37,2,2,2,,,
1603,37,3,2,2,,,
1604,37,3,2,2,,,
1605,37,3,2,2,,,
1606,37,3,2,2,2,,
1607,37,3,2,2,,,
1608,37,3,2,2,,,
1609,37,3,2,2,,,
1610,38,6,4,5,6,,
1611,38,6,4,5,6,,
1612,38,4,5,6,,,
1613,38,6,5,6,,,
1614,38,6,4,6,,,
1615,38,6,4,5,,,
1616,38,6,4,5,6,,
1617,38,6,4,6,,,
1618,38,4,5,6,,,
1619,38,6,4,6,,,
1620,39,3,3,3,2,2,2
1621,39,3,3,3,2,2,2
1622,39,3,3,2,2,2,
1623,39,3,3,2,2,2,
1624,39,3,3,2,2,2,
1625,39,3,3,3,2,2,
1626,39,3,3,3,2,2,
1627,39,3,3,3,2,2,
1628,39,3,3,3,2,2,2
1629,39,3,3,3,2,2,2
1630,40,3,7,4,2,3,
1631,40,3,7,4,2,3,
1632,40,7,4,2,3,,
1633,40,3,4,2,3,,
1634,40,3,4,2,3,,
1635,40,3,7,2,3,,
1636,40,3,7,4,3,,
1637,40,3,7,4,2,,
1638,40,3,7,4,2,3,
1639,40,3,4,2,3,,
1640,0,1,3,4,6,,
1641,0,3,4,6,,,
1642,0,1,4,6,,,
1643,0,1,3,6,,,
1644,0,1,3,4,,,
1645,0,3,4,6,,,
1646,0,1,4,6,,,
1647,0,1,3,6,,,
1648,0,1,3,4,,,
1649,0,1,3,4,6,,
1650,1,4,5,3,4,,
1651,1,5,3,4,,,
1652,1,4,3,4,,,
1653,1,4,5,4,,,
1654,1,4,5,3,,,
1655,1,5,3,4,,,
1656,1,4,3,4,,,
1657,1,4,5,4,,,
1658,1,4,5,3,,,
1659,1,4,5,3,4,,
1660,2,5,3,4,5,4,7
1661,2,5,4,5,4,7,
1662,2,5,3,5,4,7,
1663,2,5,3,4,4,7,
1664,2,5,3,4,5,7,
1665,2,5,3,4,5,4,
1666,2,3,4,5,4,7,
1667,2,5,4,5,4,7,
1668,2,5,3,5,4,7,
1669,2,5,3,4,4,7,
1670,3,1,5,3,5,4,4
1671,3,5,3,5,4,4,4
1672,3,1,3,5,4,4,4
1673,3,1,5,5,4,4,4
1674,3,1,5,3,4,4,4
1675,3,1,5,3,5,4,4
1676,3,1,5,3,5,4,4
1677,3,1,5,3,5,4,4
1678,3,1,5,3,5,4,4
1679,3,1,5,3,5,4,4
1680,4,1,3,5,6,6,
1681,4,1,5,6,6,,
1682,4,1,3,6,6,,
1683,4,1,3,5,6,,
1684,4,1,3,5,6,,
1685,4,3,5,6,6,,
1686,4,1,5,6,6,,
1687,4,1,3,6,6,,
1688,4,1,3,5,6,,
1689,4,1,3,5,6,,
1690,5,5,4,4,5,4,
1691,5,5,5,4,5,4,
1692,5,5,4,4,5,4,
1693,5,5,4,4,5,4,
1694,5,5,5,4,5,4,
1695,5,5,5,4,5,4,
1696,5,5,5,4,4,4,
1697,5,5,5,4,4,5,
1698,5,5,5,4,4,5,4
1699,5,5,5,4,4,5,4
1700,6,3,6,7,5,,
1701,6,6,7,5,,,
1702,6,3,7,5,,,
1703,6,3,6,5,,,
1704,6,3,6,7,,,
1705,6,3,6,7,5,,
1706,6,3,6,7,5,,
1707,6,6,7,5,,,
1708,6,3,7,5,,,
1709,6,3,6,7,,,
1710,7,4,3,5,2,5,5
1711,7,4,3,5,2,5,5
1712,7,3,5,2,5,5,4
1713,7,4,5,2,5,5,4
1714,7,4,3,2,5,5,4
1715,7,4,3,5,5,5,4
1716,7,4,3,5,2,5,4
1717,7,4,3,5,2,5,4
1718,7,4,3,5,2,5,5
1719,7,4,3,5,2,5,5
1720,8,5,3,4,6,,
1721,8,5,3,4,6,,
1722,8,3,4,6,,,
1723,8,5,4,6,,,
1724,8,5,3,6,,,
1725,8,5,3,4,,,
1726,8,5,3,4,6,,
1727,8,3,4,6,,,
1728,8,5,4,6,,,
1729,8,5,3,6,,,
1730,9,4,4,7,4,5,4
1731,9,4,7,4,5,4,
1732,9,4,7,4,5,4,
1733,9,4,4,4,5,4,
1734,9,4,4,7,5,4,
1735,9,4,4,7,4,4,
1736,9,4,4,7,4,5,
1737,9,4,4,7,4,5,4
1738,9,4,7,4,5,4,
1739,9,4,7,4,5,4,
1740,10,3,7,4,4,3,
1741,10,7,4,4,3,,
1742,10,3,4,4,3,,
1743,10,3,7,4,3,,
1744,10,3,7,4,3,,
1745,10,3,7,4,4,,
1746,10,3,7,4,4,3,
1747,10,7,4,4,3,,
1748,10,3,4,4,3,,
1749,10,3,7,4,3,,
1750,11,3,5,3,5,4,4
1751,11,5,3,5,4,4,3
1752,11,3,3,5,4,4,3
1753,11,3,5,5,4,4,3
1754,11,3,5,3,4,4,3
1755,11,3,5,3,5,4,3
1756,11,3,5,3,5,4,3
1757,11,3,5,3,5,4,4
1758,11,3,5,3,5,4,4
1759,11,3,5,3,5,4,4
1760,12,3,7,5,4,4,
1761,12,3,7,5,4,4,
1762,12,7,5,4,4,,
1763,12,3,5,4,4,,
1764,12,3,7,4,4,,
1765,12,3,7,5,4,,
1766,12,3,7,5,4,,
1767,12,3,7,5,4,4,
1768,12,7,5,4,4,,
1769,12,3,5,4,4,,
1770,13,5,3,4,2,,
1771,13,5,3,4,2,,
1772,13,3,4,2,,,
1773,13,5,4,2,,,
1774,13,5,3,2,,,
1775,13,5,3,4,,,
1776,13,5,3,4,2,,
1777,13,3,4,2,,,
1778,13,5,4,2,,,
1779,13,5,3,2,,,
1780,14,1,5,4,3,7,3
1781,14,1,5,4,3,7,3
1782,14,5,4,3,7,3,4
1783,14,1,4,3,7,3,4
1784,14,1,5,3,7,3,4
1785,14,1,5,4,7,3,4
1786,14,1,5,4,3,3,4
1787,14,1,5,4,3,7,4
1788,14,1,5,4,3,7,3
1789,14,1,5,4,3,7,3
1790,15,3,5,7,3,3,5
1791,15,3,5,7,3,3,5
1792,15,3,5,7,3,3,5
1793,15,5,7,3,3,5,6
1794,15,3,7,3,3,5,6
1795,15,3,5,3,3,5,6
1796,15,3,5,7,3,5,6
1797,15,3,5,7,3,5,6
1798,15,3,5,7,3,3,6
1799,15,3,5,7,3,3,5
1800,16,1,3,4,2,7,3
1801,16,3,4,2,7,3,4
1802,16,1,4,2,7,3,4
1803,16,1,3,2,7,3,4
1804,16,1,3,4,7,3,4
1805,16,1,3,4,2,3,4
1806,16,1,3,4,2,7,4
1807,16,1,3,4,2,7,3
1808,16,1,3,4,2,7,3
1809,16,1,3,4,2,7,3
1810,17,3,3,3,5,4,7
1811,17,3,3,3,5,4,7
1812,17,3,3,3,5,4,7
1813,17,3,3,3,5,4,7
1814,17,3,3,5,4,7,3
1815,17,3,3,5,4,7,3
1816,17,3,3,5,4,7,3
1817,17,3,3,3,4,7,3
1818,17,3,3,3,5,7,3
1819,17,3,3,3,5,4,3
1820,18,3,5,4,7,5,4
1821,18,3,5,4,7,3,4
1822,18,3,5,4,7,3,5
1823,18,3,5,4,7,3,5
1824,18,3,5,4,7,3,5
1825,18,3,5,4,7,3,5
1826,18,3,5,4,7,3,5
1827,18,3,5,4,7,3,5
1828,18,3,5,4,7,3,5
1829,18,3,4,7,3,5,4
1830,19,3,5,3,4,5,4
1831,19,3,5,3,4,5,4
1832,19,5,3,4,5,4,4
1833,19,3,3,4,5,4,4
1834,19,3,5,4,5,4,4
1835,19,3,5,3,5,4,4
1836,19,3,5,3,4,4,4
1837,19,3,5,3,4,5,4
1838,19,3,5,3,4,5,4
1839,19,3,5,3,4,5,4
1840,20,1,4,2,3,4,4
1841,20,1,4,2,3,4,4
1842,20,4,2,3,4,4,4
1843,20,1,2,3,4,4,4
1844,20,1,4,3,4,4,4
1845,20,1,4,2,4,4,4
1846,20,1,4,2,3,4,4
1847,20,1,4,2,3,4,4
1848,20,1,4,2,3,4,4
1849,20,1,4,2,3,4,4
1850,21,4,3,5,4,5,
1851,21,4,3,5,4,4,5
1852,21,3,5,4,4,5,
1853,21,4,5,4,4,5,
1854,21,4,3,4,4,5,
1855,21,4,3,5,4,5,
1856,21,4,3,5,4,5,
1857,21,4,3,5,4,4,
1858,21,4,3,5,4,4,5
1859,21,4,3,5,4,4,5
1860,22,3,5,4,3,4,5
1861,22,5,4,3,4,5,4
1862,22,3,4,3,4,5,4
1863,22,3,5,3,4,5,4
1864,22,3,5,4,4,5,4
1865,22,3,5,4,3,5,4
1866,22,3,5,4,3,4,4
1867,22,3,5,4,3,4,5
1868,22,3,5,4,3,4,5
1869,22,3,5,4,3,4,5
1870,23,3,5,4,7,3,4
1871,23,3,5,4,7,3,4
1872,23,3,5,4,7,3,4
1873,23,5,4,7,3,4,5
1874,23,3,4,7,3,4,5
1875,23,3,5,7,3,4,5
1876,23,3,5,4,3,4,5
1877,23,3,5,4,7,4,5
1878,23,3,5,4,7,3,5
1879,23,3,5,4,7,3,4
1880,24,5,3,4,7,4,5
1881,24,5,3,4,7,4,5
1882,24,3,4,7,4,5,6
1883,24,5,4,7,4,5,6
1884,24,5,3,7,4,5,6
1885,24,5,3,4,4,5,6
1886,24,5,3,4,7,5,6
1887,24,5,3,4,7,4,6
1888,24,5,3,4,7,4,5
1889,24,5,3,4,7,4,5
1890,25,3,5,4,3,4,7
1891,25,3,5,4,3,4,7
1892,25,5,4,3,4,7,4
1893,25,3,4,3,4,7,4
1894,25,3,5,3,4,7,4
1895,25,3,5,4,4,7,4
1896,25,3,5,4,3,7,4
1897,25,3,5,4,3,4,4
1898,25,3,5,4,3,4,7
1899,25,3,5,4,3,4,7
1900,26,4,3,4,4,7,3
1901,26,4,3,4,4,7,3
1902,26,3,4,4,7,3,6
1903,26,4,4,4,7,3,6
1904,26,4,3,4,7,3,6
1905,26,4,3,4,7,3,6
1906,26,4,3,4,4,3,6
1907,26,4,3,4,4,7,6
1908,26,4,3,4,4,7,3
1909,26,4,3,4,4,7,3
1910,27,3,4,4,7,4,3
1911,27,3,4,4,7,4,3
1912,27,3,4,4,7,4,3
1913,27,4,4,7,4,3,6
1914,27,3,4,7,4,3,6
1915,27,3,4,7,4,3,6
1916,27,3,4,4,4,3,6
1917,27,3,4,4,7,3,6
1918,27,3,4,4,7,4,6
1919,27,3,4,4,7,4,3
1920,28,4,5,6,5,6,
1921,28,4,5,6,5,6,
1922,28,4,5,6,5,6,
1923,28,5,6,5,6,,
1924,28,4,6,5,6,,
1925,28,4,5,5,6,,
1926,28,4,5,6,6,,
1927,28,4,5,6,5,,
1928,28,4,5,6,5,6,
1929,28,4,5,6,5,6,
1930,29,5,4,3,7,,
1931,29,5,4,3,7,,
1932,29,4,3,7,,,
1933,29,5,3,7,,,
1934,29,5,4,7,,,
1935,29,5,4,3,,,
1936,29,5,4,3,7,,
1937,29,4,3,7,,,
1938,29,5,3,7,,,
1939,29,5,4,7,,,
1940,30,4,4,4,4,5,5
1941,30,4,4,4,4,5,5
1942,30,4,4,4,5,5,6
1943,30,4,4,4,5,5,6
1944,30,4,4,4,5,5,6
1945,30,4,4,4,5,5,6
1946,30,4,4,4,4,5,6
1947,30,4,4,4,4,5,6
1948,30,4,4,4,4,5,5
1949,30,4,4,4,4,5,6
1950,31,4,3,5,3,2,4
1951,31,4,3,5,3,2,4
1952,31,3,5,3,2,4,5
1953,31,3,5,3,2,4,5
1954,31,4,5,3,2,4,5
1955,31,4,3,3,2,4,5
1956,31,4,3,5,2,4,5
1957,31,4,3,5,3,4,5
1958,31,4,3,5,3,2,5
1959,31,4,3,5,3,2,4
1960,32,4,3,3,5,3,6
1961,32,4,3,3,5,3,6
1962,32,3,3,5,3,6,5
1963,32,4,3,5,3,6,5
1964,32,4,3,5,3,6,5
1965,32,4,3,3,3,6,5
1966,32,4,3,3,5,6,5
1967,32,4,3,3,5,3,5
1968,32,4,3,3,5,3,6
1969,32,4,3,3,5,3,6
1970,33,5,4,4,3,3,5
1971,33,5,4,4,3,3,5
1972,33,5,4,4,3,3,5
1973,33,4,4,3,3,5,5
1974,33,5,4,3,3,5,5
1975,33,5,4,3,3,5,5
1976,33,5,4,4,3,5,5
1977,33,5,4,4,3,5,5
1978,33,5,4,4,3,3,5
1979,33,5,4,4,3,3,5
1980,34,3,5,3,2,5,2
1981,34,3,5,3,2,5,2
1982,34,5,3,2,5,2,
1983,34,3,3,2,5,2,
1984,34,3,5,2,5,2,
1985,34,3,5,3,5,2,
1986,34,3,5,3,2,2,
1987,34,3,5,3,2,5,
1988,34,3,5,3,2,5,2
1989,34,3,5,3,2,5,2
1990,35,2,4,5,5,2,
1991,35,2,4,5,5,2,
1992,35,4,5,5,2,,
1993,35,2,5,5,2,,
1994,35,2,4,5,2,,
1995,35,2,4,5,2,,
1996,35,2,4,5,5,2,
1997,35,2,4,5,5,,
1998,35,2,4,5,5,2,
1999,35,2,4,5,5,2,
2000,36,5,3,5,6,4,4
2001,36,5,3,5,6,4,4
2002,36,3,5,6,4,4,
2003,36,5,5,6,4,4,
2004,36,5,3,6,4,4,
2005,36,5,3,5,4,4,
2006,36,5,3,5,6,4,
2007,36,5,3,5,6,4,
2008,36,5,3,5,6,4,4
2009,36,5,3,5,4,4,
2010,37,3,2,2,2,,
2011,37,3,2,2,2,,
2012,37,2,2,2,,,
2013,37,3,2,2,,,
2014,37,3,2,2,,,
2015,37,3,2,2,,,
2016,37,3,2,2,2,,
2017,37,3,2,2,,,
2018,37,3,2,2,,,
2019,37,3,2,2,,,
2020,38,6,4,5,6,,
2021,38,6,4,5,6,,
2022,38,4,5,6,,,
2023,38,6,5,6,,,
2024,38,6,4,6,,,
2025,38,6,4,5,,,
2026,38,6,4,5,6,,
2027,38,6,4,6,,,
2028,38,4,5,6,,,
2029,38,6,4,6,,,
2030,39,3,3,3,2,2,2
2031,39,3,3,3,2,2,2
2032,39,3,3,2,2,2,
2033,39,3,3,2,2,2,
2034,39,3,3,2,2,2,
2035,39,3,3,3,2,2,
2036,39,3,3,3,2,2,
2037,39,3,3,3,2,2,
2038,39,3,3,3,2,2,2
2039,39,3,3,3,2,2,2
2040,40,3,7,4,2,3,
2041,40,3,7,4,2,3,
2042,40,7,4,2,3,,
2043,40,3,4,2,3,,
2044,40,3,4,2,3,,
2045,40,3,7,2,3,,
2046,40,3,7,4,3,,
2047,40,3,7,4,2,,
2048,40,3,7,4,2,3,
2049,40,3,4,2,3,,
2050,0,1,3,4,6,,
2051,0,3,4,6,,,
2052,0,1,4,6,,,
2053,0,1,3,6,,,
2054,0,1,3,4,,,
2055,0,3,4,6,,,
2056,0,1,4,6,,,
2057,0,1,3,6,,,
2058,0,1,3,4,,,
2059,0,1,3,4,6,,
2060,1,4,5,3,4,,
2061,1,5,3,4,,,
2062,1,4,3,4,,,
2063,1,4,5,4,,,
2064,1,4,5,3,,,
2065,1,5,3,4,,,
2066,1,4,3,4,,,
2067,1,4,5,4,,,
2068,1,4,5,3,,,
2069,1,4,5,3,4,,
2070,2,5,3,4,5,4,7
2071,2,5,4,5,4,7,
2072,2,5,3,5,4,7,
2073,2,5,3,4,4,7,
2074,2,5,3,4,5,7,
2075,2,5,3,4,5,4,
2076,2,3,4,5,4,7,
2077,2,5,4,5,4,7,
2078,2,5,3,5,4,7,
2079,2,5,3,4,4,7,
2080,3,1,5,3,5,4,4
2081,3,5,3,5,4,4,4
2082,3,1,3,5,4,4,4
2083,3,1,5,5,4,4,4
2084,3,1,5,3,4,4,4
2085,3,1,5,3,5,4,4
2086,3,1,5,3,5,4,4
2087,3,1,5,3,5,4,4
2088,3,1,5,3,5,4,4
2089,3,1,5,3,5,4,4
2090,4,1,3,5,6,6,
2091,4,1,5,6,6,,
2092,4,1,3,6,6,,
2093,4,1,3,5,6,,
2094,4,1,3,5,6,,
2095,4,3,5,6,6,,
2096,4,1,5,6,6,,
2097,4,1,3,6,6,,
2098,4,1,3,5,6,,
2099,4,1,3,5,6,,
2100,5,5,4,4,5,4,
2101,5,5,5,4,5,4,
2102,5,5,4,4,5,4,
2103,5,5,4,4,5,4,
2104,5,5,5,4,5,4,
2105,5,5,5,4,5,4,
2106,5,5,5,4,4,4,
2107,5,5,5,4,4,5,
2108,5,5,5,4,4,5,4
2109,5,5,5,4,4,5,4
2110,6,3,6,7,5,,
2111,6,6,7,5,,,
2112,6,3,7,5,,,
2113,6,3,6,5,,,
2114,6,3,6,7,,,
2115,6,3,6,7,5,,
2116,6,3,6,7,5,,
2117,6,6,7,5,,,
2118,6,3,7,5,,,
2119,6,3,6,7,,,
2120,7,4,3,5,2,5,5
2121,7,4,3,5,2,5,5
2122,7,3,5,2,5,5,4
2123,7,4,5,2,5,5,4
2124,7,4,3,2,5,5,4
2125,7,4,3,5,5,5,4
2126,7,4,3,5,2,5,4
2127,7,4,3,5,2,5,4
2128,7,4,3,5,2,5,5
2129,7,4,3,5,2,5,5
2130,8,5,3,4,6,,
2131,8,5,3,4,6,,
2132,8,3,4,6,,,
2133,8,5,4,6,,,
2134,8,5,3,6,,,
2135,8,5,3,4,,,
2136,8,5,3,4,6,,
2137,8,3,4,6,,,
2138,8,5,4,6,,,
2139,8,5,3,6,,,
2140,9,4,4,7,4,5,4
2141,9,4,7,4,5,4,
2142,9,4,7,4,5,4,
2143,9,4,4,4,5,4,
2144,9,4,4,7,5,4,
2145,9,4,4,7,4,4,
2146,9,4,4,7,4,5,
2147,9,4,4,7,4,5,4
2148,9,4,7,4,5,4,
2149,9,4,7,4,5,4,
2150,10,3,7,4,4,3,
2151,10,7,4,4,3,,
2152,10,3,4,4,3,,
2153,10,3,7,4,3,,
2154,10,3,7,4,3,,
2155,10,3,7,4,4,,
2156,10,3,7,4,4,3,
2157,10,7,4,4,3,,
2158,10,3,4,4,3,,
2159,10,3,7,4,3,,
2160,11,3,5,3,5,4,4
2161,11,5,3,5,4,4,3
2162,11,3,3,5,4,4,3
2163,11,3,5,5,4,4,3
2164,11,3,5,3,4,4,3
2165,11,3,5,3,5,4,3
2166,11,3,5,3,5,4,3
2167,11,3,5,3,5,4,4
2168,11,3,5,3,5,4,4
2169,11,3,5,3,5,4,4
2170,12,3,7,5,4,4,
2171,12,3,7,5,4,4,
2172,12,7,5,4,4,,
2173,12,3,5,4,4,,
2174,12,3,7,4,4,,
2175,12,3,7,5,4,,
2176,12,3,7,5,4,,
2177,12,3,7,5,4,4,
2178,12,7,5,4,4,,
2179,12,3,5,4,4,,
2180,13,5,3,4,2,,
2181,13,5,3,4,2,,
2182,13,3,4,2,,,
2183,13,5,4,2,,,
2184,13,5,3,2,,,
2185,13,5,3,4,,,
2186,13,5,3,4,2,,
2187,13,3,4,2,,,
2188,13,5,4,2,,,
2189,13,5,3,2,,,
2190,14,1,5,4,3,7,3
2191,14,1,5,4,3,7,3
2192,14,5,4,3,7,3,4
2193,14,1,4,3,7,3,4
2194,14,1,5,3,7,3,4
2195,14,1,5,4,7,3,4
2196,14,1,5,4,3,3,4
2197,14,1,5,4,3,7,4
2198,14,1,5,4,3,7,3
2199,14,1,5,4,3,7,3
2200,15,3,5,7,3,3,5
2201,15,3,5,7,3,3,5
2202,15,3,5,7,3,3,5
2203,15,5,7,3,3,5,6
2204,15,3,7,3,3,5,6
2205,15,3,5,3,3,5,6
2206,15,3,5,7,3,5,6
2207,15,3,5,7,3,5,6
2208,15,3,5,7,3,3,6
2209,15,3,5,7,3,3,5
2210,16,1,3,4,2,7,3
2211,16,3,4,2,7,3,4
2212,16,1,4,2,7,3,4
2213,16,1,3,2,7,3,4
2214,16,1,3,4,7,3,4
2215,16,1,3,4,2,3,4
2216,16,1,3,4,2,7,4
2217,16,1,3,4,2,7,3
2218,16,1,3,4,2,7,3
2219,16,1,3,4,2,7,3
2220,17,3,3,3,5,4,7
2221,17,3,3,3,5,4,7
2222,17,3,3,3,5,4,7
2223,17,3,3,3,5,4,7
2224,17,3,3,5,4,7,3
2225,17,3,3,5,4,7,3
2226,17,3,3,5,4,7,3
2227,17,3,3,3,4,7,3
2228,17,3,3,3,5,7,3
2229,17,3,3,3,5,4,3
2230,18,3,5,4,7,5,4
2231,18,3,5,4,7,3,4
2232,18,3,5,4,7,3,5
2233,18,3,5,4,7,3,5
2234,18,3,5,4,7,3,5
2235,18,3,5,4,7,3,5
2236,18,3,5,4,7,3,5
2237,18,3,5,4,7,3,5
2238,18,3,5,4,7,3,5
2239,18,3,4,7,3,5,4
2240,19,3,5,3,4,5,4
2241,19,3,5,3,4,5,4
2242,19,5,3,4,5,4,4
2243,19,3,3,4,5,4,4
2244,19,3,5,4,5,4,4
2245,19,3,5,3,5,4,4
2246,19,3,5,3,4,4,4
2247,19,3,5,3,4,5,4
2248,19,3,5,3,4,5,4
2249,19,3,5,3,4,5,4
2250,20,1,4,2,3,4,4
2251,20,1,4,2,3,4,4
2252,20,4,2,3,4,4,4
2253,20,1,2,3,4,4,4
2254,20,1,4,3,4,4,4
2255,20,1,4,2,4,4,4
2256,20,1,4,2,3,4,4
2257,20,1,4,2,3,4,4
2258,20,1,4,2,3,4,4
2259,20,1,4,2,3,4,4
2260,21,4,3,5,4,5,
2261,21,4,3,5,4,4,5
2262,21,3,5,4,4,5,
2263,21,4,5,4,4,5,
2264,21,4,3,4,4,5,
2265,21,4,3,5,4,5,
2266,21,4,3,5,4,5,
2267,21,4,3,5,4,4,
2268,21,4,3,5,4,4,5
2269,21,4,3,5,4,4,5
2270,22,3,5,4,3,4,5
2271,22,5,4,3,4,5,4
2272,22,3,4,3,4,5,4
2273,22,3,5,3,4,5,4
2274,22,3,5,4,4,5,4
2275,22,3,5,4,3,5,4
2276,22,3,5,4,3,4,4
2277,22,3,5,4,3,4,5
2278,22,3,5,4,3,4,5
2279,22,3,5,4,3,4,5
2280,23,3,5,4,7,3,4
2281,23,3,5,4,7,3,4
2282,23,3,5,4,7,3,4
2283,23,5,4,7,3,4,5
2284,23,3,4,7,3,4,5
2285,23,3,5,7,3,4,5
2286,23,3,5,4,3,4,5
2287,23,3,5,4,7,4,5
2288,23,3,5,4,7,3,5
2289,23,3,5,4,7,3,4
2290,24,5,3,4,7,4,5
2291,24,5,3,4,7,4,5
2292,24,3,4,7,4,5,6
2293,24,5,4,7,4,5,6
2294,24,5,3,7,4,5,6
2295,24,5,3,4,4,5,6
2296,24,5,3,4,7,5,6
2297,24,5,3,4,7,4,6
2298,24,5,3,4,7,4,5
2299,24,5,3,4,7,4,5
2300,25,3,5,4,3,4,7
2301,25,3,5,4,3,4,7
2302,25,5,4,3,4,7,4
2303,25,3,4,3,4,7,4
2304,25,3,5,3,4,7,4
2305,25,3,5,4,4,7,4
2306,25,3,5,4,3,7,4
2307,25,3,5,4,3,4,4
2308,25,3,5,4,3,4,7
2309,25,3,5,4,3,4,7
2310,26,4,3,4,4,7,3
2311,26,4,3,4,4,7,3
2312,26,3,4,4,7,3,6
2313,26,4,4,4,7,3,6
2314,26,4,3,4,7,3,6
2315,26,4,3,4,7,3,6
2316,26,4,3,4,4,3,6
2317,26,4,3,4,4,7,6
2318,26,4,3,4,4,7,3
2319,26,4,3,4,4,7,3
2320,27,3,4,4,7,4,3
2321,27,3,4,4,7,4,3
2322,27,3,4,4,7,4,3
2323,27,4,4,7,4,3,6
2324,27,3,4,7,4,3,6
2325,27,3,4,7,4,3,6
2326,27,3,4,4,4,3,6
2327,27,3,4,4,7,3,6
2328,27,3,4,4,7,4,6
2329,27,3,4,4,7,4,3
2330,28,4,5,6,5,6,
2331,28,4,5,6,5,6,
2332,28,4,5,6,5,6,
2333,28,5,6,5,6,,
2334,28,4,6,5,6,,
2335,28,4,5,5,6,,
2336,28,4,5,6,6,,
2337,28,4,5,6,5,,
2338,28,4,5,6,5,6,
2339,28,4,5,6,5,6,
2340,29,5,4,3,7,,
2341,29,5,4,3,7,,
2342,29,4,3,7,,,
2343,29,5,3,7,,,
2344,29,5,4,7,,,
2345,29,5,4,3,,,
2346,29,5,4,3,7,,
2347,29,4,3,7,,,
2348,29,5,3,7,,,
2349,29,5,4,7,,,
2350,30,4,4,4,4,5,5
2351,30,4,4,4,4,5,5
2352,30,4,4,4,5,5,6
2353,30,4,4,4,5,5,6
2354,30,4,4,4,5,5,6
2355,30,4,4,4,5,5,6
2356,30,4,4,4,4,5,6
2357,30,4,4,4,4,5,6
2358,30,4,4,4,4,5,5
2359,30,4,4,4,4,5,6
2360,31,4,3,5,3,2,4
2361,31,4,3,5,3,2,4
2362,31,3,5,3,2,4,5
2363,31,3,5,3,2,4,5
2364,31,4,5,3,2,4,5
2365,31,4,3,3,2,4,5
2366,31,4,3,5,2,4,5
2367,31,4,3,5,3,4,5
2368,31,4,3,5,3,2,5
2369,31,4,3,5,3,2,4
2370,32,4,3,3,5,3,6
2371,32,4,3,3,5,3,6
2372,32,3,3,5,3,6,5
2373,32,4,3,5,3,6,5
2374,32,4,3,5,3,6,5
2375,32,4,3,3,3,6,5
2376,32,4,3,3,5,6,5
2377,32,4,3,3,5,3,5
2378,32,4,3,3,5,3,6
2379,32,4,3,3,5,3,6
2380,33,5,4,4,3,3,5
2381,33,5,4,4,3,3,5
2382,33,5,4,4,3,3,5
2383,33,4,4,3,3,5,5
2384,33,5,4,3,3,5,5
2385,33,5,4,3,3,5,5
2386,33,5,4,4,3,5,5
2387,33,5,4,4,3,5,5
2388,33,5,4,4,3,3,5
2389,33,5,4,4,3,3,5
2390,34,3,5,3,2,5,2
2391,34,3,5,3,2,5,2
2392,34,5,3,2,5,2,
2393,34,3,3,2,5,2,
2394,34,3,5,2,5,2,
2395,34,3,5,3,5,2,
2396,34,3,5,3,2,2,
2397,34,3,5,3,2,5,
2398,34,3,5,3,2,5,2
2399,34,3,5,3,2,5,2
2400,35,2,4,5,5,2,
2401,35,2,4,5,5,2,
2402,35,4,5,5,2,,
2403,35,2,5,5,2,,
2404,35,2,4,5,2,,
2405,35,2,4,5,2,,
2406,35,2,4,5,5,2,
2407,35,2,4,5,5,,
2408,35,2,4,5,5,2,
2409,35,2,4,5,5,2,
2410,36,5,3,5,6,4,4
2411,36,5,3,5,6,4,4
2412,36,3,5,6,4,4,
2413,36,5,5,6,4,4,
2414,36,5,3,6,4,4,
2415,36,5,3,5,4,4,
2416,36,5,3,5,6,4,
2417,36,5,3,5,6,4,
2418,36,5,3,5,6,4,4
2419,36,5,3,5,4,4,
2420,37,3,2,2,2,,
2421,37,3,2,2,2,,
2422,37,2,2,2,,,
2423,37,3,2,2,,,
2424,37,3,2,2,,,
2425,37,3,2,2,,,
2426,37,3,2,2,2,,
2427,37,3,2,2,,,
2428,37,3,2,2,,,
2429,37,3,2,2,,,
2430,38,6,4,5,6,,
2431,38,6,4,5,6,,
2432,38,4,5,6,,,
2433,38,6,5,6,,,
2434,38,6,4,6,,,
2435,38,6,4,5,,,
2436,38,6,4,5,6,,
2437,38,6,4,6,,,
2438,38,4,5,6,,,
2439,38,6,4,6,,,
2440,39,3,3,3,2,2,2
2441,39,3,3,3,2,2,2
2442,39,3,3,2,2,2,
2443,39,3,3,2,2,2,
2444,39,3,3,2,2,2,
2445,39,3,3,3,2,2,
2446,39,3,3,3,2,2,
2447,39,3,3,3,2,2,
2448,39,3,3,3,2,2,2
2449,39,3,3,3,2,2,2
2450,40,3,7,4,2,3,
2451,40,3,7,4,2,3,
2452,40,7,4,2,3,,
2453,40,3,4,2,3,,
2454,40,3,4,2,3,,
2455,40,3,7,2,3,,
2456,40,3,7,4,3,,
2457,40,3,7,4,2,,
2458,40,3,7,4,2,3,
2459,40,3,4,2,3,,
2460,0,1,3,4,6,,
2461,1,4,5,3,4,,
2462,2,5,3,4,5,4,7
2463,3,1,5,3,5,4,4
2464,4,1,3,5,6,6,
2465,5,5,5,4,4,5,4
2466,6,3,6,7,5,,
2467,7,4,3,5,2,5,5
2468,8,5,3,4,6,,
2469,9,4,4,7,4,5,4
2470,10,3,7,4,4,3,
2471,11,3,5,3,5,4,4
2472,12,3,7,5,4,4,
2473,13,5,3,4,2,,
2474,14,1,5,4,3,7,3
2475,15,3,5,7,3,3,5
2476,16,1,3,4,2,7,3
2477,17,3,3,3,5,4,7
2478,18,3,5,4,7,3,5
2479,19,3,5,3,4,5,4
2480,20,1,4,2,3,4,4
2481,21,4,3,5,4,4,5
2482,22,3,5,4,3,4,5
2483,23,3,5,4,7,3,4
2484,24,5,3,4,7,4,5
2485,25,3,5,4,3,4,7
2486,26,4,3,4,4,7,3
2487,27,3,4,4,7,4,3
2488,28,4,5,6,5,6,
2489,29,5,4,3,7,,
2490,30,4,4,4,4,5,5
2491,31,4,3,5,3,2,4
2492,32,4,3,3,5,3,6
2493,33,5,4,4,3,3,5
2494,34,3,5,3,2,5,2
2495,35,2,4,5,5,2,
2496,36,5,3,5,6,4,4
2497,37,3,2,2,2,,
2498,38,6,4,5,6,,
2499,39,3,3,3,2,2,2
2500,40,3,7,4,2,3,
2501,0,1,3,4,6,,
2502,1,4,5,3,4,,
2503,2,5,3,4,5,4,7
2504,3,1,5,3,5,4,4
2505,4,1,3,5,6,6,
2506,5,5,5,4,4,5,4
2507,6,3,6,7,5,,
2508,7,4,3,5,2,5,5
2509,8,5,3,4,6,,
2510,9,4,4,7,4,5,4
2511,10,3,7,4,4,3,
2512,11,3,5,3,5,4,4
2513,12,3,7,5,4,4,
2514,13,5,3,4,2,,
2515,14,1,5,4,3,7,3
2516,15,3,5,7,3,3,5
2517,16,1,3,4,2,7,3
2518,17,3,3,3,5,4,7
2519,18,3,5,4,7,3,5
2520,19,3,5,3,4,5,4
2521,20,1,4,2,3,4,4
2522,21,4,3,5,4,4,5
2523,22,3,5,4,3,4,5
2524,23,3,5,4,7,3,4
2525,24,5,3,4,7,4,5
2526,25,3,5,4,3,4,7
2527,26,4,3,4,4,7,3
2528,27,3,4,4,7,4,3
2529,28,4,5,6,5,6,
2530,29,5,4,3,7,,
2531,30,4,4,4,4,5,5
2532,31,4,3,5,3,2,4
2533,32,4,3,3,5,3,6
2534,33,5,4,4,3,3,5
2535,34,3,5,3,2,5,2
2536,35,2,4,5,5,2,
2537,36,5,3,5,6,4,4
2538,37,3,2,2,2,,
2539,38,6,4,5,6,,
2540,39,3,3,3,2,2,2
2541,40,3,7,4,2,3,
2542,0,1,3,4,6,,
2543,1,4,5,3,4,,
2544,2,5,3,4,5,4,7
2545,3,1,5,3,5,4,4
2546,4,1,3,5,6,6,
2547,5,5,5,4,4,5,4
2548,6,3,6,7,5,,
2549,7,4,3,5,2,5,5
2550,8,5,3,4,6,,
2551,9,4,4,7,4,5,4
2552,10,3,7,4,4,3,
2553,11,3,5,3,5,4,4
2554,12,3,7,5,4,4,
2555,13,5,3,4,2,,
2556,14,1,5,4,3,7,3
2557,15,3,5,7,3,3,5
2558,16,1,3,4,2,7,3
2559,17,3,3,3,5,4,7
2560,18,3,5,4,7,3,5
2561,19,3,5,3,4,5,4
2562,20,1,4,2,3,4,4
2563,21,4,3,5,4,4,5
2564,22,3,5,4,3,4,5
2565,23,3,5,4,7,3,4
2566,24,5,3,4,7,4,5
2567,25,3,5,4,3,4,7
2568,26,4,3,4,4,7,3
2569,27,3,4,4,7,4,3
2570,28,4,5,6,5,6,
2571,29,5,4,3,7,,
2572,30,4,4,4,4,5,5
2573,31,4,3,5,3,2,4
2574,32,4,3,3,5,3,6
2575,33,5,4,4,3,3,5
2576,34,3,5,3,2,5,2
2577,35,2,4,5,5,2,
2578,36,5,3,5,6,4,4
2579,37,3,2,2,2,,
2580,38,6,4,5,6,,
2581,39,3,3,3,2,2,2
2582,40,3,7,4,2,3,
2583,0,1,3,4,6,,
2584,1,4,5,3,4,,
2585,2,5,3,4,5,4,7
2586,3,1,5,3,5,4,4
2587,4,1,3,5,6,6,
2588,5,5,5,4,4,5,4
2589,6,3,6,7,5,,
2590,7,4,3,5,2,5,5
2591,8,5,3,4,6,,
2592,9,4,4,7,4,5,4
2593,10,3,7,4,4,3,
2594,11,3,5,3,5,4,4
2595,12,3,7,5,4,4,
2596,13,5,3,4,2,,
2597,14,1,5,4,3,7,3
2598,15,3,5,7,3,3,5
2599,16,1,3,4,2,7,3
2600,17,3,3,3,5,4,7
2601,18,3,5,4,7,3,5
2602,19,3,5,3,4,5,4
2603,20,1,4,2,3,4,4
2604,21,4,3,5,4,4,5
2605,22,3,5,4,3,4,5
2606,23,3,5,4,7,3,4
2607,24,5,3,4,7,4,5
2608,25,3,5,4,3,4,7
2609,26,4,3,4,4,7,3
2610,27,3,4,4,7,4,3
2611,28,4,5,6,5,6,
2612,29,5,4,3,7,,
2613,30,4,4,4,4,5,5
2614,31,4,3,5,3,2,4
2615,32,4,3,3,5,3,6
2616,33,5,4,4,3,3,5
2617,34,3,5,3,2,5,2
2618,35,2,4,5,5,2,
2619,36,5,3,5,6,4,4
2620,37,3,2,2,2,,
2621,38,6,4,5,6,,
2622,39,3,3,3,2,2,2
2623,40,3,7,4,2,3,
2624,0,1,3,4,6,,
2625,1,4,5,3,4,,
2626,2,5,3,4,5,4,7
2627,3,1,5,3,5,4,4
2628,4,1,3,5,6,6,
2629,5,5,5,4,4,5,4
2630,6,3,6,7,5,,
2631,7,4,3,5,2,5,5
2632,8,5,3,4,6,,
2633,9,4,4,7,4,5,4
2634,10,3,7,4,4,3,
2635,11,3,5,3,5,4,4
2636,12,3,7,5,4,4,
2637,13,5,3,4,2,,
2638,14,1,5,4,3,7,3
2639,15,3,5,7,3,3,5
2640,16,1,3,4,2,7,3
2641,17,3,3,3,5,4,7
2642,18,3,5,4,7,3,5
2643,19,3,5,3,4,5,4
2644,20,1,4,2,3,4,4
2645,21,4,3,5,4,4,5
2646,22,3,5,4,3,4,5
2647,23,3,5,4,7,3,4
2648,24,5,3,4,7,4,5
2649,25,3,5,4,3,4,7
2650,26,4,3,4,4,7,3
2651,27,3,4,4,7,4,3
2652,28,4,5,6,5,6,
2653,29,5,4,3,7,,
2654,30,4,4,4,4,5,5
2655,31,4,3,5,3,2,4
2656,32,4,3,3,5,3,6
2657,33,5,4,4,3,3,5
2658,34,3,5,3,2,5,2
2659,35,2,4,5,5,2,
2660,36,5,3,5,6,4,4
2661,37,3,2,2,2,,
2662,38,6,4,5,6,,
2663,39,3,3,3,2,2,2
2664,40,3,7,4,2,3,
2665,0,1,3,4,6,,
2666,1,4,5,3,4,,
2667,2,5,3,4,5,4,7
2668,3,1,5,3,5,4,4
2669,4,1,3,5,6,6,
2670,5,5,5,4,4,5,4
2671,6,3,6,7,5,,
2672,7,4,3,5,2,5,5
2673,8,5,3,4,6,,
2674,9,4,4,7,4,5,4
2675,10,3,7,4,4,3,
2676,11,3,5,3,5,4,4
2677,12,3,7,5,4,4,
2678,13,5,3,4,2,,
2679,14,1,5,4,3,7,3
2680,15,3,5,7,3,3,5
2681,16,1,3,4,2,7,3
2682,17,3,3,3,5,4,7
2683,18,3,5,4,7,3,5
2684,19,3,5,3,4,5,4
2685,20,1,4,2,3,4,4
2686,21,4,3,5,4,4,5
2687,22,3,5,4,3,4,5
2688,23,3,5,4,7,3,4
2689,24,5,3,4,7,4,5
2690,25,3,5,4,3,4,7
2691,26,4,3,4,4,7,3
2692,27,3,4,4,7,4,3
2693,28,4,5,6,5,6,
2694,29,5,4,3,7,,
2695,30,4,4,4,4,5,5
2696,31,4,3,5,3,2,4
2697,32,4,3,3,5,3,6
2698,33,5,4,4,3,3,5
2699,34,3,5,3,2,5,2
2700,35,2,4,5,5,2,
2701,36,5,3,5,6,4,4
2702,37,3,2,2,2,,
2703,38,6,4,5,6,,
2704,39,3,3,3,2,2,2
2705,40,3,7,4,2,3,
2706,0,1,3,4,6,,
2707,1,4,5,3,4,,
2708,2,5,3,4,5,4,7
2709,3,1,5,3,5,4,4
2710,4,1,3,5,6,6,
2711,5,5,5,4,4,5,4
2712,6,3,6,7,5,,
2713,7,4,3,5,2,5,5
2714,8,5,3,4,6,,
2715,9,4,4,7,4,5,4
2716,10,3,7,4,4,3,
2717,11,3,5,3,5,4,4
2718,12,3,7,5,4,4,
2719,13,5,3,4,2,,
2720,14,1,5,4,3,7,3
2721,15,3,5,7,3,3,5
2722,16,1,3,4,2,7,3
2723,17,3,3,3,5,4,7
2724,18,3,5,4,7,3,5
2725,19,3,5,3,4,5,4
2726,20,1,4,2,3,4,4
2727,21,4,3,5,4,4,5
2728,22,3,5,4,3,4,5
2729,23,3,5,4,7,3,4
2730,24,5,3,4,7,4,5
2731,25,3,5,4,3,4,7
2732,26,4,3,4,4,7,3
2733,27,3,4,4,7,4,3
2734,28,4,5,6,5,6,
2735,29,5,4,3,7,,
2736,30,4,4,4,4,5,5
2737,31,4,3,5,3,2,4
2738,32,4,3,3,5,3,6
2739,33,5,4,4,3,3,5
2740,34,3,5,3,2,5,2
2741,35,2,4,5,5,2,
2742,36,5,3,5,6,4,4
2743,37,3,2,2,2,,
2744,38,6,4,5,6,,
2745,39,3,3,3,2,2,2
2746,40,3,7,4,2,3,
2747,0,1,3,4,6,,
2748,1,4,5,3,4,,
2749,2,5,3,4,5,4,7
2750,3,1,5,3,5,4,4
2751,4,1,3,5,6,6,
2752,5,5,5,4,4,5,4
2753,6,3,6,7,5,,
2754,7,4,3,5,2,5,5
2755,8,5,3,4,6,,
2756,9,4,4,7,4,5,4
2757,10,3,7,4,4,3,
2758,11,3,5,3,5,4,4
2759,12,3,7,5,4,4,
2760,13,5,3,4,2,,
2761,14,1,5,4,3,7,3
2762,15,3,5,7,3,3,5
2763,16,1,3,4,2,7,3
2764,17,3,3,3,5,4,7
2765,18,3,5,4,7,3,5
2766,19,3,5,3,4,5,4
2767,20,1,4,2,3,4,4
2768,21,4,3,5,4,4,5
2769,22,3,5,4,3,4,5
2770,23,3,5,4,7,3,4
2771,24,5,3,4,7,4,5
2772,25,3,5,4,3,4,7
2773,26,4,3,4,4,7,3
2774,27,3,4,4,7,4,3
2775,28,4,5,6,5,6,
2776,29,5,4,3,7,,
2777,30,4,4,4,4,5,5
2778,31,4,3,5,3,2,4
2779,32,4,3,3,5,3,6
2780,33,5,4,4,3,3,5
2781,34,3,5,3,2,5,2
2782,35,2,4,5,5,2,
2783,36,5,3,5,6,4,4
2784,37,3,2,2,2,,
2785,38,6,4,5,6,,
2786,39,3,3,3,2,2,2
2787,40,3,7,4,2,3,
2788,0,1,3,4,6,,
2789,1,4,5,3,4,,
2790,2,5,3,4,5,4,7
2791,3,1,5,3,5,4,4
2792,4,1,3,5,6,6,
2793,5,5,5,4,4,5,4
2794,6,3,6,7,5,,
2795,7,4,3,5,2,5,5
2796,8,5,3,4,6,,
2797,9,4,4,7,4,5,4
2798,10,3,7,4,4,3,
2799,11,3,5,3,5,4,4
2800,12,3,7,5,4,4,
2801,13,5,3,4,2,,
2802,14,1,5,4,3,7,3
2803,15,3,5,7,3,3,5
2804,16,1,3,4,2,7,3
2805,17,3,3,3,5,4,7
2806,18,3,5,4,7,3,5
2807,19,3,5,3,4,5,4
2808,20,1,4,2,3,4,4
2809,21,4,3,5,4,4,5
2810,22,3,5,4,3,4,5
2811,23,3,5,4,7,3,4
2812,24,5,3,4,7,4,5
2813,25,3,5,4,3,4,7
2814,26,4,3,4,4,7,3
2815,27,3,4,4,7,4,3
2816,28,4,5,6,5,6,
2817,29,5,4,3,7,,
2818,30,4,4,4,4,5,5
2819,31,4,3,5,3,2,4
2820,32,4,3,3,5,3,6
2821,33,5,4,4,3,3,5
2822,34,3,5,3,2,5,2
2823,35,2,4,5,5,2,
2824,36,5,3,5,6,4,4
2825,37,3,2,2,2,,
2826,38,6,4,5,6,,
2827,39,3,3,3,2,2,2
2828,40,3,7,4,2,3,
2829,0,1,3,4,6,,
2830,1,4,5,3,4,,
2831,2,5,3,4,5,4,7
2832,3,1,5,3,5,4,4
2833,4,1,3,5,6,6,
2834,5,5,5,4,4,5,4
2835,6,3,6,7,5,,
2836,7,4,3,5,2,5,5
2837,8,5,3,4,6,,
2838,9,4,4,7,4,5,4
2839,10,3,7,4,4,3,
2840,11,3,5,3,5,4,4
2841,12,3,7,5,4,4,
2842,13,5,3,4,2,,
2843,14,1,5,4,3,7,3
2844,15,3,5,7,3,3,5
2845,16,1,3,4,2,7,3
2846,17,3,3,3,5,4,7
2847,18,3,5,4,7,3,5
2848,19,3,5,3,4,5,4
2849,20,1,4,2,3,4,4
2850,21,4,3,5,4,4,5
2851,22,3,5,4,3,4,5
2852,23,3,5,4,7,3,4
2853,24,5,3,4,7,4,5
2854,25,3,5,4,3,4,7
2855,26,4,3,4,4,7,3
2856,27,3,4,4,7,4,3
2857,28,4,5,6,5,6,
2858,29,5,4,3,7,,
2859,30,4,4,4,4,5,5
2860,31,4,3,5,3,2,4
2861,32,4,3,3,5,3,6
2862,33,5,4,4,3,3,5
2863,34,3,5,3,2,5,2
2864,35,2,4,5,5,2,
2865,36,5,3,5,6,4,4
2866,37,3,2,2,2,,
2867,38,6,4,5,6,,
2868,39,3,3,3,2,2,2
2869,40,3,7,4,2,3,
2870,0,1,3,4,6,,
2871,1,4,5,3,4,,
2872,2,5,3,4,5,4,7
2873,3,1,5,3,5,4,4
2874,4,1,3,5,6,6,
2875,5,5,5,4,4,5,4
2876,6,3,6,7,5,,
2877,7,4,3,5,2,5,5
2878,8,5,3,4,6,,
2879,9,4,4,7,4,5,4
2880,10,3,7,4,4,3,
2881,11,3,5,3,5,4,4
2882,12,3,7,5,4,4,
2883,13,5,3,4,2,,
2884,14,1,5,4,3,7,3
2885,15,3,5,7,3,3,5
2886,16,1,3,4,2,7,3
2887,17,3,3,3,5,4,7
2888,18,3,5,4,7,3,5
2889,19,3,5,3,4,5,4
2890,20,1,4,2,3,4,4
2891,21,4,3,5,4,4,5
2892,22,3,5,4,3,4,5
2893,23,3,5,4,7,3,4
2894,24,5,3,4,7,4,5
2895,25,3,5,4,3,4,7
2896,26,4,3,4,4,7,3
2897,27,3,4,4,7,4,3
2898,28,4,5,6,5,6,
2899,29,5,4,3,7,,
2900,30,4,4,4,4,5,5
2901,31,4,3,5,3,2,4
2902,32,4,3,3,5,3,6
2903,33,5,4,4,3,3,5
2904,34,3,5,3,2,5,2
2905,35,2,4,5,5,2,
2906,36,5,3,5,6,4,4
2907,37,3,2,2,2,,
2908,38,6,4,5,6,,
2909,39,3,3,3,2,2,2
2910,40,3,7,4,2,3,
2911,0,1,3,4,6,,
2912,1,4,5,3,4,,
2913,2,5,3,4,5,4,7
2914,3,1,5,3,5,4,4
2915,4,1,3,5,6,6,
2916,5,5,5,4,4,5,4
2917,6,3,6,7,5,,
2918,7,4,3,5,2,5,5
2919,8,5,3,4,6,,
2920,9,4,4,7,4,5,4
2921,10,3,7,4,4,3,
2922,11,3,5,3,5,4,4
2923,12,3,7,5,4,4,
2924,13,5,3,4,2,,
2925,14,1,5,4,3,7,3
2926,15,3,5,7,3,3,5
2927,16,1,3,4,2,7,3
2928,17,3,3,3,5,4,7
2929,18,3,5,4,7,3,5
2930,19,3,5,3,4,5,4
2931,20,1,4,2,3,4,4
2932,21,4,3,5,4,4,5
2933,22,3,5,4,3,4,5
2934,23,3,5,4,7,3,4
2935,24,5,3,4,7,4,5
2936,25,3,5,4,3,4,7
2937,26,4,3,4,4,7,3
2938,27,3,4,4,7,4,3
2939,28,4,5,6,5,6,
2940,29,5,4,3,7,,
2941,30,4,4,4,4,5,5
2942,31,4,3,5,3,2,4
2943,32,4,3,3,5,3,6
2944,33,5,4,4,3,3,5
2945,34,3,5,3,2,5,2
2946,35,2,4,5,5,2,
2947,36,5,3,5,6,4,4
2948,37,3,2,2,2,,
2949,38,6,4,5,6,,
2950,39,3,3,3,2,2,2
2951,40,3,7,4,2,3,
2952,0,1,3,4,6,,
2953,1,4,5,3,4,,
2954,2,5,3,4,5,4,7
2955,3,1,5,3,5,4,4
2956,4,1,3,5,6,6,
2957,5,5,5,4,4,5,4
2958,6,3,6,7,5,,
2959,7,4,3,5,2,5,5
2960,8,5,3,4,6,,
2961,9,4,4,7,4,5,4
2962,10,3,7,4,4,3,
2963,11,3,5,3,5,4,4
2964,12,3,7,5,4,4,
2965,13,5,3,4,2,,
2966,14,1,5,4,3,7,3
2967,15,3,5,7,3,3,5
2968,16,1,3,4,2,7,3
2969,17,3,3,3,5,4,7
2970,18,3,5,4,7,3,5
2971,19,3,5,3,4,5,4
2972,20,1,4,2,3,4,4
2973,21,4,3,5,4,4,5
2974,22,3,5,4,3,4,5
2975,23,3,5,4,7,3,4
2976,24,5,3,4,7,4,5
2977,25,3,5,4,3,4,7
2978,26,4,3,4,4,7,3
2979,27,3,4,4,7,4,3
2980,28,4,5,6,5,6,
2981,29,5,4,3,7,,
2982,30,4,4,4,4,5,5
2983,31,4,3,5,3,2,4
2984,32,4,3,3,5,3,6
2985,33,5,4,4,3,3,5
2986,34,3,5,3,2,5,2
2987,35,2,4,5,5,2,
2988,36,5,3,5,6,4,4
2989,37,3,2,2,2,,
2990,38,6,4,5,6,,
2991,39,3,3,3,2,2,2
2992,40,3,7,4,2,3,
2993,0,1,3,4,6,,
2994,1,4,5,3,4,,
2995,2,5,3,4,5,4,7
2996,3,1,5,3,5,4,4
2997,4,1,3,5,6,6,
2998,5,5,5,4,4,5,4
2999,6,3,6,7,5,,
3000,7,4,3,5,2,5,5
3001,8,5,3,4,6,,
3002,9,4,4,7,4,5,4
3003,10,3,7,4,4,3,
3004,11,3,5,3,5,4,4
3005,12,3,7,5,4,4,
3006,13,5,3,4,2,,
3007,14,1,5,4,3,7,3
3008,15,3,5,7,3,3,5
3009,16,1,3,4,2,7,3
3010,17,3,3,3,5,4,7
3011,18,3,5,4,7,3,5
3012,19,3,5,3,4,5,4
3013,20,1,4,2,3,4,4
3014,21,4,3,5,4,4,5
3015,22,3,5,4,3,4,5
3016,23,3,5,4,7,3,4
3017,24,5,3,4,7,4,5
3018,25,3,5,4,3,4,7
3019,26,4,3,4,4,7,3
3020,27,3,4,4,7,4,3
3021,28,4,5,6,5,6,
3022,29,5,4,3,7,,
3023,30,4,4,4,4,5,5
3024,31,4,3,5,3,2,4
3025,32,4,3,3,5,3,6
3026,33,5,4,4,3,3,5
3027,34,3,5,3,2,5,2
3028,35,2,4,5,5,2,
3029,36,5,3,5,6,4,4
3030,37,3,2,2,2,,
3031,38,6,4,5,6,,
3032,39,3,3,3,2,2,2
3033,40,3,7,4,2,3,
3034,0,1,3,4,6,,
3035,1,4,5,3,4,,
3036,2,5,3,4,5,4,7
3037,3,1,5,3,5,4,4
3038,4,1,3,5,6,6,
3039,5,5,5,4,4,5,4
3040,6,3,6,7,5,,
3041,7,4,3,5,2,5,5
3042,8,5,3,4,6,,
3043,9,4,4,7,4,5,4
3044,10,3,7,4,4,3,
3045,11,3,5,3,5,4,4
3046,12,3,7,5,4,4,
3047,13,5,3,4,2,,
3048,14,1,5,4,3,7,3
3049,15,3,5,7,3,3,5
3050,16,1,3,4,2,7,3
3051,17,3,3,3,5,4,7
3052,18,3,5,4,7,3,5
3053,19,3,5,3,4,5,4
3054,20,1,4,2,3,4,4
3055,21,4,3,5,4,4,5
3056,22,3,5,4,3,4,5
3057,23,3,5,4,7,3,4
3058,24,5,3,4,7,4,5
3059,25,3,5,4,3,4,7
3060,26,4,3,4,4,7,3
3061,27,3,4,4,7,4,3
3062,28,4,5,6,5,6,
3063,29,5,4,3,7,,
3064,30,4,4,4,4,5,5
3065,31,4,3,5,3,2,4
3066,32,4,3,3,5,3,6
3067,33,5,4,4,3,3,5
3068,34,3,5,3,2,5,2
3069,35,2,4,5,5,2,
3070,36,5,3,5,6,4,4
3071,37,3,2,2,2,,
3072,38,6,4,5,6,,
3073,39,3,3,3,2,2,2
3074,40,3,7,4,2,3,
3075,0,1,3,4,6,,
3076,1,4,5,3,4,,
3077,2,5,3,4,5,4,7
3078,3,1,5,3,5,4,4
3079,4,1,3,5,6,6,
3080,5,5,5,4,4,5,4
3081,6,3,6,7,5,,
3082,7,4,3,5,2,5,5
3083,8,5,3,4,6,,
3084,9,4,4,7,4,5,4
3085,10,3,7,4,4,3,
3086,11,3,5,3,5,4,4
3087,12,3,7,5,4,4,
3088,13,5,3,4,2,,
3089,14,1,5,4,3,7,3
3090,15,3,5,7,3,3,5
3091,16,1,3,4,2,7,3
3092,17,3,3,3,5,4,7
3093,18,3,5,4,7,3,5
3094,19,3,5,3,4,5,4
3095,20,1,4,2,3,4,4
3096,21,4,3,5,4,4,5
3097,22,3,5,4,3,4,5
3098,23,3,5,4,7,3,4
3099,24,5,3,4,7,4,5
3100,25,3,5,4,3,4,7
3101,26,4,3,4,4,7,3
3102,27,3,4,4,7,4,3
3103,28,4,5,6,5,6,
3104,29,5,4,3,7,,
3105,30,4,4,4,4,5,5
3106,31,4,3,5,3,2,4
3107,32,4,3,3,5,3,6
3108,33,5,4,4,3,3,5
3109,34,3,5,3,2,5,2
3110,35,2,4,5,5,2,
3111,36,5,3,5,6,4,4
3112,37,3,2,2,2,,
3113,38,6,4,5,6,,
3114,39,3,3,3,2,2,2
3115,40,3,7,4,2,3,
3116,0,1,3,4,6,,
3117,1,4,5,3,4,,
3118,2,5,3,4,5,4,7
3119,3,1,5,3,5,4,4
3120,4,1,3,5,6,6,
3121,5,5,5,4,4,5,4
3122,6,3,6,7,5,,
3123,7,4,3,5,2,5,5
3124,8,5,3,4,6,,
3125,9,4,4,7,4,5,4
3126,10,3,7,4,4,3,
3127,11,3,5,3,5,4,4
3128,12,3,7,5,4,4,
3129,13,5,3,4,2,,
3130,14,1,5,4,3,7,3
3131,15,3,5,7,3,3,5
3132,16,1,3,4,2,7,3
3133,17,3,3,3,5,4,7
3134,18,3,5,4,7,3,5
3135,19,3,5,3,4,5,4
3136,20,1,4,2,3,4,4
3137,21,4,3,5,4,4,5
3138,22,3,5,4,3,4,5
3139,23,3,5,4,7,3,4
3140,24,5,3,4,7,4,5
3141,25,3,5,4,3,4,7
3142,26,4,3,4,4,7,3
3143,27,3,4,4,7,4,3
3144,28,4,5,6,5,6,
3145,29,5,4,3,7,,
3146,30,4,4,4,4,5,5
3147,31,4,3,5,3,2,4
3148,32,4,3,3,5,3,6
3149,33,5,4,4,3,3,5
3150,34,3,5,3,2,5,2
3151,35,2,4,5,5,2,
3152,36,5,3,5,6,4,4
3153,37,3,2,2,2,,
3154,38,6,4,5,6,,
3155,39,3,3,3,2,2,2
3156,40,3,7,4,2,3,
3157,0,1,3,4,6,,
3158,1,4,5,3,4,,
3159,2,5,3,4,5,4,7
3160,3,1,5,3,5,4,4
3161,4,1,3,5,6,6,
3162,5,5,5,4,4,5,4
3163,6,3,6,7,5,,
3164,7,4,3,5,2,5,5
3165,8,5,3,4,6,,
3166,9,4,4,7,4,5,4
3167,10,3,7,4,4,3,
3168,11,3,5,3,5,4,4
3169,12,3,7,5,4,4,
3170,13,5,3,4,2,,
3171,14,1,5,4,3,7,3
3172,15,3,5,7,3,3,5
3173,16,1,3,4,2,7,3
3174,17,3,3,3,5,4,7
3175,18,3,5,4,7,3,5
3176,19,3,5,3,4,5,4
3177,20,1,4,2,3,4,4
3178,21,4,3,5,4,4,5
3179,22,3,5,4,3,4,5
3180,23,3,5,4,7,3,4
3181,24,5,3,4,7,4,5
3182,25,3,5,4,3,4,7
3183,26,4,3,4,4,7,3
3184,27,3,4,4,7,4,3
3185,28,4,5,6,5,6,
3186,29,5,4,3,7,,
3187,30,4,4,4,4,5,5
3188,31,4,3,5,3,2,4
3189,32,4,3,3,5,3,6
3190,33,5,4,4,3,3,5
3191,34,3,5,3,2,5,2
3192,35,2,4,5,5,2,
3193,36,5,3,5,6,4,4
3194,37,3,2,2,2,,
3195,38,6,4,5,6,,
3196,39,3,3,3,2,2,2
3197,40,3,7,4,2,3,
3198,0,1,3,4,6,,
3199,1,4,5,3,4,,
3200,2,5,3,4,5,4,7
3201,3,1,5,3,5,4,4
3202,4,1,3,5,6,6,
3203,5,5,5,4,4,5,4
3204,6,3,6,7,5,,
3205,7,4,3,5,2,5,5
3206,8,5,3,4,6,,
3207,9,4,4,7,4,5,4
3208,10,3,7,4,4,3,
3209,11,3,5,3,5,4,4
3210,12,3,7,5,4,4,
3211,13,5,3,4,2,,
3212,14,1,5,4,3,7,3
3213,15,3,5,7,3,3,5
3214,16,1,3,4,2,7,3
3215,17,3,3,3,5,4,7
3216,18,3,5,4,7,3,5
3217,19,3,5,3,4,5,4
3218,20,1,4,2,3,4,4
3219,21,4,3,5,4,4,5
3220,22,3,5,4,3,4,5
3221,23,3,5,4,7,3,4
3222,24,5,3,4,7,4,5
3223,25,3,5,4,3,4,7
3224,26,4,3,4,4,7,3
3225,27,3,4,4,7,4,3
3226,28,4,5,6,5,6,
3227,29,5,4,3,7,,
3228,30,4,4,4,4,5,5
3229,31,4,3,5,3,2,4
3230,32,4,3,3,5,3,6
3231,33,5,4,4,3,3,5
3232,34,3,5,3,2,5,2
3233,35,2,4,5,5,2,
3234,36,5,3,5,6,4,4
3235,37,3,2,2,2,,
3236,38,6,4,5,6,,
3237,39,3,3,3,2,2,2
3238,40,3,7,4,2,3,
3239,0,1,3,4,6,,
3240,1,4,5,3,4,,
3241,2,5,3,4,5,4,7
3242,3,1,5,3,5,4,4
3243,4,1,3,5,6,6,
3244,5,5,5,4,4,5,4
3245,6,3,6,7,5,,
3246,7,4,3,5,2,5,5
3247,8,5,3,4,6,,
3248,9,4,4,7,4,5,4
3249,10,3,7,4,4,3,
3250,11,3,5,3,5,4,4
3251,12,3,7,5,4,4,
3252,13,5,3,4,2,,
3253,14,1,5,4,3,7,3
3254,15,3,5,7,3,3,5
3255,16,1,3,4,2,7,3
3256,17,3,3,3,5,4,7
3257,18,3,5,4,7,3,5
3258,19,3,5,3,4,5,4
3259,20,1,4,2,3,4,4
3260,21,4,3,5,4,4,5
3261,22,3,5,4,3,4,5
3262,23,3,5,4,7,3,4
3263,24,5,3,4,7,4,5
3264,25,3,5,4,3,4,7
3265,26,4,3,4,4,7,3
3266,27,3,4,4,7,4,3
3267,28,4,5,6,5,6,
3268,29,5,4,3,7,,
3269,30,4,4,4,4,5,5
3270,31,4,3,5,3,2,4
3271,32,4,3,3,5,3,6
3272,33,5,4,4,3,3,5
3273,34,3,5,3,2,5,2
3274,35,2,4,5,5,2,
3275,36,5,3,5,6,4,4
3276,37,3,2,2,2,,
3277,38,6,4,5,6,,
3278,39,3,3,3,2,2,2
3279,40,3,7,4,2,3,
3280,0,1,3,4,6,,
3281,1,4,5,3,4,,
3282,2,5,3,4,5,4,7
3283,3,1,5,3,5,4,4
3284,4,1,3,5,6,6,
3285,5,5,5,4,4,5,4
3286,6,3,6,7,5,,
3287,7,4,3,5,2,5,5
3288,8,5,3,4,6,,
3289,9,4,4,7,4,5,4
3290,10,3,7,4,4,3,
3291,11,3,5,3,5,4,4
3292,12,3,7,5,4,4,
3293,13,5,3,4,2,,
3294,14,1,5,4,3,7,3
3295,15,3,5,7,3,3,5
3296,16,1,3,4,2,7,3
3297,17,3,3,3,5,4,7
3298,18,3,5,4,7,3,5
3299,19,3,5,3,4,5,4
3300,20,1,4,2,3,4,4
3301,21,4,3,5,4,4,5
3302,22,3,5,4,3,4,5
3303,23,3,5,4,7,3,4
3304,24,5,3,4,7,4,5
3305,25,3,5,4,3,4,7
3306,26,4,3,4,4,7,3
3307,27,3,4,4,7,4,3
3308,28,4,5,6,5,6,
3309,29,5,4,3,7,,
3310,30,4,4,4,4,5,5
3311,31,4,3,5,3,2,4
3312,32,4,3,3,5,3,6
3313,33,5,4,4,3,3,5
3314,34,3,5,3,2,5,2
3315,35,2,4,5,5,2,
3316,36,5,3,5,6,4,4
3317,37,3,2,2,2,,
3318,38,6,4,5,6,,
3319,39,3,3,3,2,2,2
3320,40,3,7,4,2,3,
3321,0,1,3,4,6,,
3322,1,4,5,3,4,,
3323,2,5,3,4,5,4,7
3324,3,1,5,3,5,4,4
3325,4,1,3,5,6,6,
3326,5,5,5,4,4,5,4
3327,6,3,6,7,5,,
3328,7,4,3,5,2,5,5
3329,8,5,3,4,6,,
3330,9,4,4,7,4,5,4
3331,10,3,7,4,4,3,
3332,11,3,5,3,5,4,4
3333,12,3,7,5,4,4,
3334,13,5,3,4,2,,
3335,14,1,5,4,3,7,3
3336,15,3,5,7,3,3,5
3337,16,1,3,4,2,7,3
3338,17,3,3,3,5,4,7
3339,18,3,5,4,7,3,5
3340,19,3,5,3,4,5,4
3341,20,1,4,2,3,4,4
3342,21,4,3,5,4,4,5
3343,22,3,5,4,3,4,5
3344,23,3,5,4,7,3,4
3345,24,5,3,4,7,4,5
3346,25,3,5,4,3,4,7
3347,26,4,3,4,4,7,3
3348,27,3,4,4,7,4,3
3349,28,4,5,6,5,6,
3350,29,5,4,3,7,,
3351,30,4,4,4,4,5,5
3352,31,4,3,5,3,2,4
3353,32,4,3,3,5,3,6
3354,33,5,4,4,3,3,5
3355,34,3,5,3,2,5,2
3356,35,2,4,5,5,2,
3357,36,5,3,5,6,4,4
3358,37,3,2,2,2,,
3359,38,6,4,5,6,,
3360,39,3,3,3,2,2,2
3361,40,3,7,4,2,3,
3362,0,1,3,4,6,,
3363,1,4,5,3,4,,
3364,2,5,3,4,5,4,7
3365,3,1,5,3,5,4,4
3366,4,1,3,5,6,6,
3367,5,5,5,4,4,5,4
3368,6,3,6,7,5,,
3369,7,4,3,5,2,5,5
3370,8,5,3,4,6,,
3371,9,4,4,7,4,5,4
3372,10,3,7,4,4,3,
3373,11,3,5,3,5,4,4
3374,12,3,7,5,4,4,
3375,13,5,3,4,2,,
3376,14,1,5,4,3,7,3
3377,15,3,5,7,3,3,5
3378,16,1,3,4,2,7,3
3379,17,3,3,3,5,4,7
3380,18,3,5,4,7,3,5
3381,19,3,5,3,4,5,4
3382,20,1,4,2,3,4,4
3383,21,4,3,5,4,4,5
3384,22,3,5,4,3,4,5
3385,23,3,5,4,7,3,4
3386,24,5,3,4,7,4,5
3387,25,3,5,4,3,4,7
3388,26,4,3,4,4,7,3
3389,27,3,4,4,7,4,3
3390,28,4,5,6,5,6,
3391,29,5,4,3,7,,
3392,30,4,4,4,4,5,5
3393,31,4,3,5,3,2,4
3394,32,4,3,3,5,3,6
3395,33,5,4,4,3,3,5
3396,34,3,5,3,2,5,2
3397,35,2,4,5,5,2,
3398,36,5,3,5,6,4,4
3399,37,3,2,2,2,,
3400,38,6,4,5,6,,
3401,39,3,3,3,2,2,2
3402,40,3,7,4,2,3,
3403,0,1,3,4,6,,
3404,1,4,5,3,4,,
3405,2,5,3,4,5,4,7
3406,3,1,5,3,5,4,4
3407,4,1,3,5,6,6,
3408,5,5,5,4,4,5,4
3409,6,3,6,7,5,,
3410,7,4,3,5,2,5,5
3411,8,5,3,4,6,,
3412,9,4,4,7,4,5,4
3413,10,3,7,4,4,3,
3414,11,3,5,3,5,4,4
3415,12,3,7,5,4,4,
3416,13,5,3,4,2,,
3417,14,1,5,4,3,7,3
3418,15,3,5,7,3,3,5
3419,16,1,3,4,2,7,3
3420,17,3,3,3,5,4,7
3421,18,3,5,4,7,3,5
3422,19,3,5,3,4,5,4
3423,20,1,4,2,3,4,4
3424,21,4,3,5,4,4,5
3425,22,3,5,4,3,4,5
3426,23,3,5,4,7,3,4
3427,24,5,3,4,7,4,5
3428,25,3,5,4,3,4,7
3429,26,4,3,4,4,7,3
3430,27,3,4,4,7,4,3
3431,28,4,5,6,5,6,
3432,29,5,4,3,7,,
3433,30,4,4,4,4,5,5
3434,31,4,3,5,3,2,4
3435,32,4,3,3,5,3,6
3436,33,5,4,4,3,3,5
3437,34,3,5,3,2,5,2
3438,35,2,4,5,5,2,
3439,36,5,3,5,6,4,4
3440,37,3,2,2,2,,
3441,38,6,4,5,6,,
3442,39,3,3,3,2,2,2
3443,40,3,7,4,2,3,
3444,0,1,3,4,6,,
3445,1,4,5,3,4,,
3446,2,5,3,4,5,4,7
3447,3,1,5,3,5,4,4
3448,4,1,3,5,6,6,
3449,5,5,5,4,4,5,4
3450,6,3,6,7,5,,
3451,7,4,3,5,2,5,5
3452,8,5,3,4,6,,
3453,9,4,4,7,4,5,4
3454,10,3,7,4,4,3,
3455,11,3,5,3,5,4,4
3456,12,3,7,5,4,4,
3457,13,5,3,4,2,,
3458,14,1,5,4,3,7,3
3459,15,3,5,7,3,3,5
3460,16,1,3,4,2,7,3
3461,17,3,3,3,5,4,7
3462,18,3,5,4,7,3,5
3463,19,3,5,3,4,5,4
3464,20,1,4,2,3,4,4
3465,21,4,3,5,4,4,5
3466,22,3,5,4,3,4,5
3467,23,3,5,4,7,3,4
3468,24,5,3,4,7,4,5
3469,25,3,5,4,3,4,7
3470,26,4,3,4,4,7,3
3471,27,3,4,4,7,4,3
3472,28,4,5,6,5,6,
3473,29,5,4,3,7,,
3474,30,4,4,4,4,5,5
3475,31,4,3,5,3,2,4
3476,32,4,3,3,5,3,6
3477,33,5,4,4,3,3,5
3478,34,3,5,3,2,5,2
3479,35,2,4,5,5,2,
3480,36,5,3,5,6,4,4
3481,37,3,2,2,2,,
3482,38,6,4,5,6,,
3483,39,3,3,3,2,2,2
3484,40,3,7,4,2,3,
3485,0,1,3,4,6,,
3486,1,4,5,3,4,,
3487,2,5,3,4,5,4,7
3488,3,1,5,3,5,4,4
3489,4,1,3,5,6,6,
3490,5,5,5,4,4,5,4
3491,6,3,6,7,5,,
3492,7,4,3,5,2,5,5
3493,8,5,3,4,6,,
3494,9,4,4,7,4,5,4
3495,10,3,7,4,4,3,
3496,11,3,5,3,5,4,4
3497,12,3,7,5,4,4,
3498,13,5,3,4,2,,
3499,14,1,5,4,3,7,3
3500,15,3,5,7,3,3,5
3501,16,1,3,4,2,7,3
3502,17,3,3,3,5,4,7
3503,18,3,5,4,7,3,5
3504,19,3,5,3,4,5,4
3505,20,1,4,2,3,4,4
3506,21,4,3,5,4,4,5
3507,22,3,5,4,3,4,5
3508,23,3,5,4,7,3,4
3509,24,5,3,4,7,4,5
3510,25,3,5,4,3,4,7
3511,26,4,3,4,4,7,3
3512,27,3,4,4,7,4,3
3513,28,4,5,6,5,6,
3514,29,5,4,3,7,,
3515,30,4,4,4,4,5,5
3516,31,4,3,5,3,2,4
3517,32,4,3,3,5,3,6
3518,33,5,4,4,3,3,5
3519,34,3,5,3,2,5,2
3520,35,2,4,5,5,2,
3521,36,5,3,5,6,4,4
3522,37,3,2,2,2,,
3523,38,6,4,5,6,,
3524,39,3,3,3,2,2,2
3525,40,3,7,4,2,3,
3526,0,1,3,4,6,,
3527,1,4,5,3,4,,
3528,2,5,3,4,5,4,7
3529,3,1,5,3,5,4,4
3530,4,1,3,5,6,6,
3531,5,5,5,4,4,5,4
3532,6,3,6,7,5,,
3533,7,4,3,5,2,5,5
3534,8,5,3,4,6,,
3535,9,4,4,7,4,5,4
3536,10,3,7,4,4,3,
3537,11,3,5,3,5,4,4
3538,12,3,7,5,4,4,
3539,13,5,3,4,2,,
3540,14,1,5,4,3,7,3
3541,15,3,5,7,3,3,5
3542,16,1,3,4,2,7,3
3543,17,3,3,3,5,4,7
3544,18,3,5,4,7,3,5
3545,19,3,5,3,4,5,4
3546,20,1,4,2,3,4,4
3547,21,4,3,5,4,4,5
3548,22,3,5,4,3,4,5
3549,23,3,5,4,7,3,4
3550,24,5,3,4,7,4,5
3551,25,3,5,4,3,4,7
3552,26,4,3,4,4,7,3
3553,27,3,4,4,7,4,3
3554,28,4,5,6,5,6,
3555,29,5,4,3,7,,
3556,30,4,4,4,4,5,5
3557,31,4,3,5,3,2,4
3558,32,4,3,3,5,3,6
3559,33,5,4,4,3,3,5
3560,34,3,5,3,2,5,2
3561,35,2,4,5,5,2,
3562,36,5,3,5,6,4,4
3563,37,3,2,2,2,,
3564,38,6,4,5,6,,
3565,39,3,3,3,2,2,2
3566,40,3,7,4,2,3,
3567,0,1,3,4,6,,
3568,1,4,5,3,4,,
3569,2,5,3,4,5,4,7
3570,3,1,5,3,5,4,4
3571,4,1,3,5,6,6,
3572,5,5,5,4,4,5,4
3573,6,3,6,7,5,,
3574,7,4,3,5,2,5,5
3575,8,5,3,4,6,,
3576,9,4,4,7,4,5,4
3577,10,3,7,4,4,3,
3578,11,3,5,3,5,4,4
3579,12,3,7,5,4,4,
3580,13,5,3,4,2,,
3581,14,1,5,4,3,7,3
3582,15,3,5,7,3,3,5
3583,16,1,3,4,2,7,3
3584,17,3,3,3,5,4,7
3585,18,3,5,4,7,3,5
3586,19,3,5,3,4,5,4
3587,20,1,4,2,3,4,4
3588,21,4,3,5,4,4,5
3589,22,3,5,4,3,4,5
3590,23,3,5,4,7,3,4
3591,24,5,3,4,7,4,5
3592,25,3,5,4,3,4,7
3593,26,4,3,4,4,7,3
3594,27,3,4,4,7,4,3
3595,28,4,5,6,5,6,
3596,29,5,4,3,7,,
3597,30,4,4,4,4,5,5
3598,31,4,3,5,3,2,4
3599,32,4,3,3,5,3,6
3600,33,5,4,4,3,3,5
3601,34,3,5,3,2,5,2
3602,35,2,4,5,5,2,
3603,36,5,3,5,6,4,4
3604,37,3,2,2,2,,
3605,38,6,4,5,6,,
3606,39,3,3,3,2,2,2
3607,40,3,7,4,2,3,
3608,0,1,3,4,6,,
3609,1,4,5,3,4,,
3610,2,5,3,4,5,4,7
3611,3,1,5,3,5,4,4
3612,4,1,3,5,6,6,
3613,5,5,5,4,4,5,4
3614,6,3,6,7,5,,
3615,7,4,3,5,2,5,5
3616,8,5,3,4,6,,
3617,9,4,4,7,4,5,4
3618,10,3,7,4,4,3,
3619,11,3,5,3,5,4,4
3620,12,3,7,5,4,4,
3621,13,5,3,4,2,,
3622,14,1,5,4,3,7,3
3623,15,3,5,7,3,3,5
3624,16,1,3,4,2,7,3
3625,17,3,3,3,5,4,7
3626,18,3,5,4,7,3,5
3627,19,3,5,3,4,5,4
3628,20,1,4,2,3,4,4
3629,21,4,3,5,4,4,5
3630,22,3,5,4,3,4,5
3631,23,3,5,4,7,3,4
3632,24,5,3,4,7,4,5
3633,25,3,5,4,3,4,7
3634,26,4,3,4,4,7,3
3635,27,3,4,4,7,4,3
3636,28,4,5,6,5,6,
3637,29,5,4,3,7,,
3638,30,4,4,4,4,5,5
3639,31,4,3,5,3,2,4
3640,32,4,3,3,5,3,6
3641,33,5,4,4,3,3,5
3642,34,3,5,3,2,5,2
3643,35,2,4,5,5,2,
3644,36,5,3,5,6,4,4
3645,37,3,2,2,2,,
3646,38,6,4,5,6,,
3647,39,3,3,3,2,2,2
3648,40,3,7,4,2,3,
3649,0,1,3,4,6,,
3650,1,4,5,3,4,,
3651,2,5,3,4,5,4,7
3652,3,1,5,3,5,4,4
3653,4,1,3,5,6,6,
3654,5,5,5,4,4,5,4
3655,6,3,6,7,5,,
3656,7,4,3,5,2,5,5
3657,8,5,3,4,6,,
3658,9,4,4,7,4,5,4
3659,10,3,7,4,4,3,
3660,11,3,5,3,5,4,4
3661,12,3,7,5,4,4,
3662,13,5,3,4,2,,
3663,14,1,5,4,3,7,3
3664,15,3,5,7,3,3,5
3665,16,1,3,4,2,7,3
3666,17,3,3,3,5,4,7
3667,18,3,5,4,7,3,5
3668,19,3,5,3,4,5,4
3669,20,1,4,2,3,4,4
3670,21,4,3,5,4,4,5
3671,22,3,5,4,3,4,5
3672,23,3,5,4,7,3,4
3673,24,5,3,4,7,4,5
3674,25,3,5,4,3,4,7
3675,26,4,3,4,4,7,3
3676,27,3,4,4,7,4,3
3677,28,4,5,6,5,6,
3678,29,5,4,3,7,,
3679,30,4,4,4,4,5,5
3680,31,4,3,5,3,2,4
3681,32,4,3,3,5,3,6
3682,33,5,4,4,3,3,5
3683,34,3,5,3,2,5,2
3684,35,2,4,5,5,2,
3685,36,5,3,5,6,4,4
3686,37,3,2,2,2,,
3687,38,6,4,5,6,,
3688,39,3,3,3,2,2,2
3689,40,3,7,4,2,3,
3690,0,1,3,4,6,,
3691,1,4,5,3,4,,
3692,2,5,3,4,5,4,7
3693,3,1,5,3,5,4,4
3694,4,1,3,5,6,6,
3695,5,5,5,4,4,5,4
3696,6,3,6,7,5,,
3697,7,4,3,5,2,5,5
3698,8,5,3,4,6,,
3699,9,4,4,7,4,5,4
3700,10,3,7,4,4,3,
3701,11,3,5,3,5,4,4
3702,12,3,7,5,4,4,
3703,13,5,3,4,2,,
3704,14,1,5,4,3,7,3
3705,15,3,5,7,3,3,5
3706,16,1,3,4,2,7,3
3707,17,3,3,3,5,4,7
3708,18,3,5,4,7,3,5
3709,19,3,5,3,4,5,4
3710,20,1,4,2,3,4,4
3711,21,4,3,5,4,4,5
3712,22,3,5,4,3,4,5
3713,23,3,5,4,7,3,4
3714,24,5,3,4,7,4,5
3715,25,3,5,4,3,4,7
3716,26,4,3,4,4,7,3
3717,27,3,4,4,7,4,3
3718,28,4,5,6,5,6,
3719,29,5,4,3,7,,
3720,30,4,4,4,4,5,5
3721,31,4,3,5,3,2,4
3722,32,4,3,3,5,3,6
3723,33,5,4,4,3,3,5
3724,34,3,5,3,2,5,2
3725,35,2,4,5,5,2,
3726,36,5,3,5,6,4,4
3727,37,3,2,2,2,,
3728,38,6,4,5,6,,
3729,39,3,3,3,2,2,2
3730,40,3,7,4,2,3,
3731,0,1,3,4,6,,
3732,1,4,5,3,4,,
3733,2,5,3,4,5,4,7
3734,3,1,5,3,5,4,4
3735,4,1,3,5,6,6,
3736,5,5,5,4,4,5,4
3737,6,3,6,7,5,,
3738,7,4,3,5,2,5,5
3739,8,5,3,4,6,,
3740,9,4,4,7,4,5,4
3741,10,3,7,4,4,3,
3742,11,3,5,3,5,4,4
3743,12,3,7,5,4,4,
3744,13,5,3,4,2,,
3745,14,1,5,4,3,7,3
3746,15,3,5,7,3,3,5
3747,16,1,3,4,2,7,3
3748,17,3,3,3,5,4,7
3749,18,3,5,4,7,3,5
3750,19,3,5,3,4,5,4
3751,20,1,4,2,3,4,4
3752,21,4,3,5,4,4,5
3753,22,3,5,4,3,4,5
3754,23,3,5,4,7,3,4
3755,24,5,3,4,7,4,5
3756,25,3,5,4,3,4,7
3757,26,4,3,4,4,7,3
3758,27,3,4,4,7,4,3
3759,28,4,5,6,5,6,
3760,29,5,4,3,7,,
3761,30,4,4,4,4,5,5
3762,31,4,3,5,3,2,4
3763,32,4,3,3,5,3,6
3764,33,5,4,4,3,3,5
3765,34,3,5,3,2,5,2
3766,35,2,4,5,5,2,
3767,36,5,3,5,6,4,4
3768,37,3,2,2,2,,
3769,38,6,4,5,6,,
3770,39,3,3,3,2,2,2
3771,40,3,7,4,2,3,
3772,0,1,3,4,6,,
3773,1,4,5,3,4,,
3774,2,5,3,4,5,4,7
3775,3,1,5,3,5,4,4
3776,4,1,3,5,6,6,
3777,5,5,5,4,4,5,4
3778,6,3,6,7,5,,
3779,7,4,3,5,2,5,5
3780,8,5,3,4,6,,
3781,9,4,4,7,4,5,4
3782,10,3,7,4,4,3,
3783,11,3,5,3,5,4,4
3784,12,3,7,5,4,4,
3785,13,5,3,4,2,,
3786,14,1,5,4,3,7,3
3787,15,3,5,7,3,3,5
3788,16,1,3,4,2,7,3
3789,17,3,3,3,5,4,7
3790,18,3,5,4,7,3,5
3791,19,3,5,3,4,5,4
3792,20,1,4,2,3,4,4
3793,21,4,3,5,4,4,5
3794,22,3,5,4,3,4,5
3795,23,3,5,4,7,3,4
3796,24,5,3,4,7,4,5
3797,25,3,5,4,3,4,7
3798,26,4,3,4,4,7,3
3799,27,3,4,4,7,4,3
3800,28,4,5,6,5,6,
3801,29,5,4,3,7,,
3802,30,4,4,4,4,5,5
3803,31,4,3,5,3,2,4
3804,32,4,3,3,5,3,6
3805,33,5,4,4,3,3,5
3806,34,3,5,3,2,5,2
3807,35,2,4,5,5,2,
3808,36,5,3,5,6,4,4
3809,37,3,2,2,2,,
3810,38,6,4,5,6,,
3811,39,3,3,3,2,2,2
3812,40,3,7,4,2,3,
3813,0,1,3,4,6,,
3814,1,4,5,3,4,,
3815,2,5,3,4,5,4,7
3816,3,1,5,3,5,4,4
3817,4,1,3,5,6,6,
3818,5,5,5,4,4,5,4
3819,6,3,6,7,5,,
3820,7,4,3,5,2,5,5
3821,8,5,3,4,6,,
3822,9,4,4,7,4,5,4
3823,10,3,7,4,4,3,
3824,11,3,5,3,5,4,4
3825,12,3,7,5,4,4,
3826,13,5,3,4,2,,
3827,14,1,5,4,3,7,3
3828,15,3,5,7,3,3,5
3829,16,1,3,4,2,7,3
3830,17,3,3,3,5,4,7
3831,18,3,5,4,7,3,5
3832,19,3,5,3,4,5,4
3833,20,1,4,2,3,4,4
3834,21,4,3,5,4,4,5
3835,22,3,5,4,3,4,5
3836,23,3,5,4,7,3,4
3837,24,5,3,4,7,4,5
3838,25,3,5,4,3,4,7
3839,26,4,3,4,4,7,3
3840,27,3,4,4,7,4,3
3841,28,4,5,6,5,6,
3842,29,5,4,3,7,,
3843,30,4,4,4,4,5,5
3844,31,4,3,5,3,2,4
3845,32,4,3,3,5,3,6
3846,33,5,4,4,3,3,5
3847,34,3,5,3,2,5,2
3848,35,2,4,5,5,2,
3849,36,5,3,5,6,4,4
3850,37,3,2,2,2,,
3851,38,6,4,5,6,,
3852,39,3,3,3,2,2,2
3853,40,3,7,4,2,3,
3854,0,1,3,4,6,,
3855,1,4,5,3,4,,
3856,2,5,3,4,5,4,7
3857,3,1,5,3,5,4,4
3858,4,1,3,5,6,6,
3859,5,5,5,4,4,5,4
3860,6,3,6,7,5,,
3861,7,4,3,5,2,5,5
3862,8,5,3,4,6,,
3863,9,4,4,7,4,5,4
3864,10,3,7,4,4,3,
3865,11,3,5,3,5,4,4
3866,12,3,7,5,4,4,
3867,13,5,3,4,2,,
3868,14,1,5,4,3,7,3
3869,15,3,5,7,3,3,5
3870,16,1,3,4,2,7,3
3871,17,3,3,3,5,4,7
3872,18,3,5,4,7,3,5
3873,19,3,5,3,4,5,4
3874,20,1,4,2,3,4,4
3875,21,4,3,5,4,4,5
3876,22,3,5,4,3,4,5
3877,23,3,5,4,7,3,4
3878,24,5,3,4,7,4,5
3879,25,3,5,4,3,4,7
3880,26,4,3,4,4,7,3
3881,27,3,4,4,7,4,3
3882,28,4,5,6,5,6,
3883,29,5,4,3,7,,
3884,30,4,4,4,4,5,5
3885,31,4,3,5,3,2,4
3886,32,4,3,3,5,3,6
3887,33,5,4,4,3,3,5
3888,34,3,5,3,2,5,2
3889,35,2,4,5,5,2,
3890,36,5,3,5,6,4,4
3891,37,3,2,2,2,,
3892,38,6,4,5,6,,
3893,39,3,3,3,2,2,2
3894,40,3,7,4,2,3,
3895,0,1,3,4,6,,
3896,1,4,5,3,4,,
3897,2,5,3,4,5,4,7
3898,3,1,5,3,5,4,4
3899,4,1,3,5,6,6,
3900,5,5,5,4,4,5,4
3901,6,3,6,7,5,,
3902,7,4,3,5,2,5,5
3903,8,5,3,4,6,,
3904,9,4,4,7,4,5,4
3905,10,3,7,4,4,3,
3906,11,3,5,3,5,4,4
3907,12,3,7,5,4,4,
3908,13,5,3,4,2,,
3909,14,1,5,4,3,7,3
3910,15,3,5,7,3,3,5
3911,16,1,3,4,2,7,3
3912,17,3,3,3,5,4,7
3913,18,3,5,4,7,3,5
3914,19,3,5,3,4,5,4
3915,20,1,4,2,3,4,4
3916,21,4,3,5,4,4,5
3917,22,3,5,4,3,4,5
3918,23,3,5,4,7,3,4
3919,24,5,3,4,7,4,5
3920,25,3,5,4,3,4,7
3921,26,4,3,4,4,7,3
3922,27,3,4,4,7,4,3
3923,28,4,5,6,5,6,
3924,29,5,4,3,7,,
3925,30,4,4,4,4,5,5
3926,31,4,3,5,3,2,4
3927,32,4,3,3,5,3,6
3928,33,5,4,4,3,3,5
3929,34,3,5,3,2,5,2
3930,35,2,4,5,5,2,
3931,36,5,3,5,6,4,4
3932,37,3,2,2,2,,
3933,38,6,4,5,6,,
3934,39,3,3,3,2,2,2
3935,40,3,7,4,2,3,
3936,0,1,3,4,6,,
3937,1,4,5,3,4,,
3938,2,5,3,4,5,4,7
3939,3,1,5,3,5,4,4
3940,4,1,3,5,6,6,
3941,5,5,5,4,4,5,4
3942,6,3,6,7,5,,
3943,7,4,3,5,2,5,5
3944,8,5,3,4,6,,
3945,9,4,4,7,4,5,4
3946,10,3,7,4,4,3,
3947,11,3,5,3,5,4,4
3948,12,3,7,5,4,4,
3949,13,5,3,4,2,,
3950,14,1,5,4,3,7,3
3951,15,3,5,7,3,3,5
3952,16,1,3,4,2,7,3
3953,17,3,3,3,5,4,7
3954,18,3,5,4,7,3,5
3955,19,3,5,3,4,5,4
3956,20,1,4,2,3,4,4
3957,21,4,3,5,4,4,5
3958,22,3,5,4,3,4,5
3959,23,3,5,4,7,3,4
3960,24,5,3,4,7,4,5
3961,25,3,5,4,3,4,7
3962,26,4,3,4,4,7,3
3963,27,3,4,4,7,4,3
3964,28,4,5,6,5,6,
3965,29,5,4,3,7,,
3966,30,4,4,4,4,5,5
3967,31,4,3,5,3,2,4
3968,32,4,3,3,5,3,6
3969,33,5,4,4,3,3,5
3970,34,3,5,3,2,5,2
3971,35,2,4,5,5,2,
3972,36,5,3,5,6,4,4
3973,37,3,2,2,2,,
3974,38,6,4,5,6,,
3975,39,3,3,3,2,2,2
3976,40,3,7,4,2,3,
3977,0,1,3,4,6,,
3978,1,4,5,3,4,,
3979,2,5,3,4,5,4,7
3980,3,1,5,3,5,4,4
3981,4,1,3,5,6,6,
3982,5,5,5,4,4,5,4
3983,6,3,6,7,5,,
3984,7,4,3,5,2,5,5
3985,8,5,3,4,6,,
3986,9,4,4,7,4,5,4
3987,10,3,7,4,4,3,
3988,11,3,5,3,5,4,4
3989,12,3,7,5,4,4,
3990,13,5,3,4,2,,
3991,14,1,5,4,3,7,3
3992,15,3,5,7,3,3,5
3993,16,1,3,4,2,7,3
3994,17,3,3,3,5,4,7
3995,18,3,5,4,7,3,5
3996,19,3,5,3,4,5,4
3997,20,1,4,2,3,4,4
3998,21,4,3,5,4,4,5
3999,22,3,5,4,3,4,5
4000,23,3,5,4,7,3,4
4001,24,5,3,4,7,4,5
4002,25,3,5,4,3,4,7
4003,26,4,3,4,4,7,3
4004,27,3,4,4,7,4,3
4005,28,4,5,6,5,6,
4006,29,5,4,3,7,,
4007,30,4,4,4,4,5,5
4008,31,4,3,5,3,2,4
4009,32,4,3,3,5,3,6
4010,33,5,4,4,3,3,5
4011,34,3,5,3,2,5,2
4012,35,2,4,5,5,2,
4013,36,5,3,5,6,4,4
4014,37,3,2,2,2,,
4015,38,6,4,5,6,,
4016,39,3,3,3,2,2,2
4017,40,3,7,4,2,3,
4018,0,1,3,4,6,,
4019,1,4,5,3,4,,
4020,2,5,3,4,5,4,7
4021,3,1,5,3,5,4,4
4022,4,1,3,5,6,6,
4023,5,5,5,4,4,5,4
4024,6,3,6,7,5,,
4025,7,4,3,5,2,5,5
4026,8,5,3,4,6,,
4027,9,4,4,7,4,5,4
4028,10,3,7,4,4,3,
4029,11,3,5,3,5,4,4
4030,12,3,7,5,4,4,
4031,13,5,3,4,2,,
4032,14,1,5,4,3,7,3
4033,15,3,5,7,3,3,5
4034,16,1,3,4,2,7,3
4035,17,3,3,3,5,4,7
4036,18,3,5,4,7,3,5
4037,19,3,5,3,4,5,4
4038,20,1,4,2,3,4,4
4039,21,4,3,5,4,4,5
4040,22,3,5,4,3,4,5
4041,23,3,5,4,7,3,4
4042,24,5,3,4,7,4,5
4043,25,3,5,4,3,4,7
4044,26,4,3,4,4,7,3
4045,27,3,4,4,7,4,3
4046,28,4,5,6,5,6,
4047,29,5,4,3,7,,
4048,30,4,4,4,4,5,5
4049,31,4,3,5,3,2,4
4050,32,4,3,3,5,3,6
4051,33,5,4,4,3,3,5
4052,34,3,5,3,2,5,2
4053,35,2,4,5,5,2,
4054,36,5,3,5,6,4,4
4055,37,3,2,2,2,,
4056,38,6,4,5,6,,
4057,39,3,3,3,2,2,2
4058,40,3,7,4,2,3,
4059,0,1,3,4,6,,
4060,1,4,5,3,4,,
4061,2,5,3,4,5,4,7
4062,3,1,5,3,5,4,4
4063,4,1,3,5,6,6,
4064,5,5,5,4,4,5,4
4065,6,3,6,7,5,,
4066,7,4,3,5,2,5,5
4067,8,5,3,4,6,,
4068,9,4,4,7,4,5,4
4069,10,3,7,4,4,3,
4070,11,3,5,3,5,4,4
4071,12,3,7,5,4,4,
4072,13,5,3,4,2,,
4073,14,1,5,4,3,7,3
4074,15,3,5,7,3,3,5
4075,16,1,3,4,2,7,3
4076,17,3,3,3,5,4,7
4077,18,3,5,4,7,3,5
4078,19,3,5,3,4,5,4
4079,20,1,4,2,3,4,4
4080,21,4,3,5,4,4,5
4081,22,3,5,4,3,4,5
4082,23,3,5,4,7,3,4
4083,24,5,3,4,7,4,5
4084,25,3,5,4,3,4,7
4085,26,4,3,4,4,7,3
4086,27,3,4,4,7,4,3
4087,28,4,5,6,5,6,
4088,29,5,4,3,7,,
4089,30,4,4,4,4,5,5
4090,31,4,3,5,3,2,4
4091,32,4,3,3,5,3,6
4092,33,5,4,4,3,3,5
4093,34,3,5,3,2,5,2
4094,35,2,4,5,5,2,
4095,36,5,3,5,6,4,4
4096,37,3,2,2,2,,
4097,38,6,4,5,6,,
4098,39,3,3,3,2,2,2
4099,40,3,7,4,2,3,
4100,0,1,3,4,6,,
4101,1,4,5,3,4,,
4102,2,5,3,4,5,4,7
4103,3,1,5,3,5,4,4
4104,4,1,3,5,6,6,
4105,5,5,5,4,4,5,4
4106,6,3,6,7,5,,
4107,7,4,3,5,2,5,5
4108,8,5,3,4,6,,
4109,9,4,4,7,4,5,4
4110,10,3,7,4,4,3,
4111,11,3,5,3,5,4,4
4112,12,3,7,5,4,4,
4113,13,5,3,4,2,,
4114,14,1,5,4,3,7,3
4115,15,3,5,7,3,3,5
4116,16,1,3,4,2,7,3
4117,17,3,3,3,5,4,7
4118,18,3,5,4,7,3,5
4119,19,3,5,3,4,5,4
4120,20,1,4,2,3,4,4
4121,21,4,3,5,4,4,5
4122,22,3,5,4,3,4,5
4123,23,3,5,4,7,3,4
4124,24,5,3,4,7,4,5
4125,25,3,5,4,3,4,7
4126,26,4,3,4,4,7,3
4127,27,3,4,4,7,4,3
4128,28,4,5,6,5,6,
4129,29,5,4,3,7,,
4130,30,4,4,4,4,5,5
4131,31,4,3,5,3,2,4
4132,32,4,3,3,5,3,6
4133,33,5,4,4,3,3,5
4134,34,3,5,3,2,5,2
4135,35,2,4,5,5,2,
4136,36,5,3,5,6,4,4
4137,37,3,2,2,2,,
4138,38,6,4,5,6,,
4139,39,3,3,3,2,2,2
4140,40,3,7,4,2,3,
4141,0,1,3,4,6,,
4142,1,4,5,3,4,,
4143,2,5,3,4,5,4,7
4144,3,1,5,3,5,4,4
4145,4,1,3,5,6,6,
4146,5,5,5,4,4,5,4
4147,6,3,6,7,5,,
4148,7,4,3,5,2,5,5
4149,8,5,3,4,6,,
4150,9,4,4,7,4,5,4
4151,10,3,7,4,4,3,
4152,11,3,5,3,5,4,4
4153,12,3,7,5,4,4,
4154,13,5,3,4,2,,
4155,14,1,5,4,3,7,3
4156,15,3,5,7,3,3,5
4157,16,1,3,4,2,7,3
4158,17,3,3,3,5,4,7
4159,18,3,5,4,7,3,5
4160,19,3,5,3,4,5,4
4161,20,1,4,2,3,4,4
4162,21,4,3,5,4,4,5
4163,22,3,5,4,3,4,5
4164,23,3,5,4,7,3,4
4165,24,5,3,4,7,4,5
4166,25,3,5,4,3,4,7
4167,26,4,3,4,4,7,3
4168,27,3,4,4,7,4,3
4169,28,4,5,6,5,6,
4170,29,5,4,3,7,,
4171,30,4,4,4,4,5,5
4172,31,4,3,5,3,2,4
4173,32,4,3,3,5,3,6
4174,33,5,4,4,3,3,5
4175,34,3,5,3,2,5,2
4176,35,2,4,5,5,2,
4177,36,5,3,5,6,4,4
4178,37,3,2,2,2,,
4179,38,6,4,5,6,,
4180,39,3,3,3,2,2,2
4181,40,3,7,4,2,3,
4182,0,1,3,4,6,,
4183,1,4,5,3,4,,
4184,2,5,3,4,5,4,7
4185,3,1,5,3,5,4,4
4186,4,1,3,5,6,6,
4187,5,5,5,4,4,5,4
4188,6,3,6,7,5,,
4189,7,4,3,5,2,5,5
4190,8,5,3,4,6,,
4191,9,4,4,7,4,5,4
4192,10,3,7,4,4,3,
4193,11,3,5,3,5,4,4
4194,12,3,7,5,4,4,
4195,13,5,3,4,2,,
4196,14,1,5,4,3,7,3
4197,15,3,5,7,3,3,5
4198,16,1,3,4,2,7,3
4199,17,3,3,3,5,4,7
4200,18,3,5,4,7,3,5
4201,19,3,5,3,4,5,4
4202,20,1,4,2,3,4,4
4203,21,4,3,5,4,4,5
4204,22,3,5,4,3,4,5
4205,23,3,5,4,7,3,4
4206,24,5,3,4,7,4,5
4207,25,3,5,4,3,4,7
4208,26,4,3,4,4,7,3
4209,27,3,4,4,7,4,3
4210,28,4,5,6,5,6,
4211,29,5,4,3,7,,
4212,30,4,4,4,4,5,5
4213,31,4,3,5,3,2,4
4214,32,4,3,3,5,3,6
4215,33,5,4,4,3,3,5
4216,34,3,5,3,2,5,2
4217,35,2,4,5,5,2,
4218,36,5,3,5,6,4,4
4219,37,3,2,2,2,,
4220,38,6,4,5,6,,
4221,39,3,3,3,2,2,2
4222,40,3,7,4,2,3,
4223,0,1,3,4,6,,
4224,1,4,5,3,4,,
4225,2,5,3,4,5,4,7
4226,3,1,5,3,5,4,4
4227,4,1,3,5,6,6,
4228,5,5,5,4,4,5,4
4229,6,3,6,7,5,,
4230,7,4,3,5,2,5,5
4231,8,5,3,4,6,,
4232,9,4,4,7,4,5,4
4233,10,3,7,4,4,3,
4234,11,3,5,3,5,4,4
4235,12,3,7,5,4,4,
4236,13,5,3,4,2,,
4237,14,1,5,4,3,7,3
4238,15,3,5,7,3,3,5
4239,16,1,3,4,2,7,3
4240,17,3,3,3,5,4,7
4241,18,3,5,4,7,3,5
4242,19,3,5,3,4,5,4
4243,20,1,4,2,3,4,4
4244,21,4,3,5,4,4,5
4245,22,3,5,4,3,4,5
4246,23,3,5,4,7,3,4
4247,24,5,3,4,7,4,5
4248,25,3,5,4,3,4,7
4249,26,4,3,4,4,7,3
4250,27,3,4,4,7,4,3
4251,28,4,5,6,5,6,
4252,29,5,4,3,7,,
4253,30,4,4,4,4,5,5
4254,31,4,3,5,3,2,4
4255,32,4,3,3,5,3,6
4256,33,5,4,4,3,3,5
4257,34,3,5,3,2,5,2
4258,35,2,4,5,5,2,
4259,36,5,3,5,6,4,4
4260,37,3,2,2,2,,
4261,38,6,4,5,6,,
4262,39,3,3,3,2,2,2
4263,40,3,7,4,2,3,
4264,0,1,3,4,6,,
4265,1,4,5,3,4,,
4266,2,5,3,4,5,4,7
4267,3,1,5,3,5,4,4
4268,4,1,3,5,6,6,
4269,5,5,5,4,4,5,4
4270,6,3,6,7,5,,
4271,7,4,3,5,2,5,5
4272,8,5,3,4,6,,
4273,9,4,4,7,4,5,4
4274,10,3,7,4,4,3,
4275,11,3,5,3,5,4,4
4276,12,3,7,5,4,4,
4277,13,5,3,4,2,,
4278,14,1,5,4,3,7,3
4279,15,3,5,7,3,3,5
4280,16,1,3,4,2,7,3
4281,17,3,3,3,5,4,7
4282,18,3,5,4,7,3,5
4283,19,3,5,3,4,5,4
4284,20,1,4,2,3,4,4
4285,21,4,3,5,4,4,5
4286,22,3,5,4,3,4,5
4287,23,3,5,4,7,3,4
4288,24,5,3,4,7,4,5
4289,25,3,5,4,3,4,7
4290,26,4,3,4,4,7,3
4291,27,3,4,4,7,4,3
4292,28,4,5,6,5,6,
4293,29,5,4,3,7,,
4294,30,4,4,4,4,5,5
4295,31,4,3,5,3,2,4
4296,32,4,3,3,5,3,6
4297,33,5,4,4,3,3,5
4298,34,3,5,3,2,5,2
4299,35,2,4,5,5,2,
4300,36,5,3,5,6,4,4
4301,37,3,2,2,2,,
4302,38,6,4,5,6,,
4303,39,3,3,3,2,2,2
4304,40,3,7,4,2,3,
4305,0,1,3,4,6,,
4306,1,4,5,3,4,,
4307,2,5,3,4,5,4,7
4308,3,1,5,3,5,4,4
4309,4,1,3,5,6,6,
4310,5,5,5,4,4,5,4
4311,6,3,6,7,5,,
4312,7,4,3,5,2,5,5
4313,8,5,3,4,6,,
4314,9,4,4,7,4,5,4
4315,10,3,7,4,4,3,
4316,11,3,5,3,5,4,4
4317,12,3,7,5,4,4,
4318,13,5,3,4,2,,
4319,14,1,5,4,3,7,3
4320,15,3,5,7,3,3,5
4321,16,1,3,4,2,7,3
4322,17,3,3,3,5,4,7
4323,18,3,5,4,7,3,5
4324,19,3,5,3,4,5,4
4325,20,1,4,2,3,4,4
4326,21,4,3,5,4,4,5
4327,22,3,5,4,3,4,5
4328,23,3,5,4,7,3,4
4329,24,5,3,4,7,4,5
4330,25,3,5,4,3,4,7
4331,26,4,3,4,4,7,3
4332,27,3,4,4,7,4,3
4333,28,4,5,6,5,6,
4334,29,5,4,3,7,,
4335,30,4,4,4,4,5,5
4336,31,4,3,5,3,2,4
4337,32,4,3,3,5,3,6
4338,33,5,4,4,3,3,5
4339,34,3,5,3,2,5,2
4340,35,2,4,5,5,2,
4341,36,5,3,5,6,4,4
4342,37,3,2,2,2,,
4343,38,6,4,5,6,,
4344,39,3,3,3,2,2,2
4345,40,3,7,4,2,3,
4346,0,1,3,4,6,,
4347,1,4,5,3,4,,
4348,2,5,3,4,5,4,7
4349,3,1,5,3,5,4,4
4350,4,1,3,5,6,6,
4351,5,5,5,4,4,5,4
4352,6,3,6,7,5,,
4353,7,4,3,5,2,5,5
4354,8,5,3,4,6,,
4355,9,4,4,7,4,5,4
4356,10,3,7,4,4,3,
4357,11,3,5,3,5,4,4
4358,12,3,7,5,4,4,
4359,13,5,3,4,2,,
4360,14,1,5,4,3,7,3
4361,15,3,5,7,3,3,5
4362,16,1,3,4,2,7,3
4363,17,3,3,3,5,4,7
4364,18,3,5,4,7,3,5
4365,19,3,5,3,4,5,4
4366,20,1,4,2,3,4,4
4367,21,4,3,5,4,4,5
4368,22,3,5,4,3,4,5
4369,23,3,5,4,7,3,4
4370,24,5,3,4,7,4,5
4371,25,3,5,4,3,4,7
4372,26,4,3,4,4,7,3
4373,27,3,4,4,7,4,3
4374,28,4,5,6,5,6,
4375,29,5,4,3,7,,
4376,30,4,4,4,4,5,5
4377,31,4,3,5,3,2,4
4378,32,4,3,3,5,3,6
4379,33,5,4,4,3,3,5
4380,34,3,5,3,2,5,2
4381,35,2,4,5,5,2,
4382,36,5,3,5,6,4,4
4383,37,3,2,2,2,,
4384,38,6,4,5,6,,
4385,39,3,3,3,2,2,2
4386,40,3,7,4,2,3,
4387,0,1,3,4,6,,
4388,1,4,5,3,4,,
4389,2,5,3,4,5,4,7
4390,3,1,5,3,5,4,4
4391,4,1,3,5,6,6,
4392,5,5,5,4,4,5,4
4393,6,3,6,7,5,,
4394,7,4,3,5,2,5,5
4395,8,5,3,4,6,,
4396,9,4,4,7,4,5,4
4397,10,3,7,4,4,3,
4398,11,3,5,3,5,4,4
4399,12,3,7,5,4,4,
4400,13,5,3,4,2,,
4401,14,1,5,4,3,7,3
4402,15,3,5,7,3,3,5
4403,16,1,3,4,2,7,3
4404,17,3,3,3,5,4,7
4405,18,3,5,4,7,3,5
4406,19,3,5,3,4,5,4
4407,20,1,4,2,3,4,4
4408,21,4,3,5,4,4,5
4409,22,3,5,4,3,4,5
4410,23,3,5,4,7,3,4
4411,24,5,3,4,7,4,5
4412,25,3,5,4,3,4,7
4413,26,4,3,4,4,7,3
4414,27,3,4,4,7,4,3
4415,28,4,5,6,5,6,
4416,29,5,4,3,7,,
4417,30,4,4,4,4,5,5
4418,31,4,3,5,3,2,4
4419,32,4,3,3,5,3,6
4420,33,5,4,4,3,3,5
4421,34,3,5,3,2,5,2
4422,35,2,4,5,5,2,
4423,36,5,3,5,6,4,4
4424,37,3,2,2,2,,
4425,38,6,4,5,6,,
4426,39,3,3,3,2,2,2
4427,40,3,7,4,2,3,
4428,0,1,3,4,6,,
4429,1,4,5,3,4,,
4430,2,5,3,4,5,4,7
4431,3,1,5,3,5,4,4
4432,4,1,3,5,6,6,
4433,5,5,5,4,4,5,4
4434,6,3,6,7,5,,
4435,7,4,3,5,2,5,5
4436,8,5,3,4,6,,
4437,9,4,4,7,4,5,4
4438,10,3,7,4,4,3,
4439,11,3,5,3,5,4,4
4440,12,3,7,5,4,4,
4441,13,5,3,4,2,,
4442,14,1,5,4,3,7,3
4443,15,3,5,7,3,3,5
4444,16,1,3,4,2,7,3
4445,17,3,3,3,5,4,7
4446,18,3,5,4,7,3,5
4447,19,3,5,3,4,5,4
4448,20,1,4,2,3,4,4
4449,21,4,3,5,4,4,5
4450,22,3,5,4,3,4,5
4451,23,3,5,4,7,3,4
4452,24,5,3,4,7,4,5
4453,25,3,5,4,3,4,7
4454,26,4,3,4,4,7,3
4455,27,3,4,4,7,4,3
4456,28,4,5,6,5,6,
4457,29,5,4,3,7,,
4458,30,4,4,4,4,5,5
4459,31,4,3,5,3,2,4
4460,32,4,3,3,5,3,6
4461,33,5,4,4,3,3,5
4462,34,3,5,3,2,5,2
4463,35,2,4,5,5,2,
4464,36,5,3,5,6,4,4
4465,37,3,2,2,2,,
4466,38,6,4,5,6,,
4467,39,3,3,3,2,2,2
4468,40,3,7,4,2,3,
4469,0,1,3,4,6,,
4470,1,4,5,3,4,,
4471,2,5,3,4,5,4,7
4472,3,1,5,3,5,4,4
4473,4,1,3,5,6,6,
4474,5,5,5,4,4,5,4
4475,6,3,6,7,5,,
4476,7,4,3,5,2,5,5
4477,8,5,3,4,6,,
4478,9,4,4,7,4,5,4
4479,10,3,7,4,4,3,
4480,11,3,5,3,5,4,4
4481,12,3,7,5,4,4,
4482,13,5,3,4,2,,
4483,14,1,5,4,3,7,3
4484,15,3,5,7,3,3,5
4485,16,1,3,4,2,7,3
4486,17,3,3,3,5,4,7
4487,18,3,5,4,7,3,5
4488,19,3,5,3,4,5,4
4489,20,1,4,2,3,4,4
4490,21,4,3,5,4,4,5
4491,22,3,5,4,3,4,5
4492,23,3,5,4,7,3,4
4493,24,5,3,4,7,4,5
4494,25,3,5,4,3,4,7
4495,26,4,3,4,4,7,3
4496,27,3,4,4,7,4,3
4497,28,4,5,6,5,6,
4498,29,5,4,3,7,,
4499,30,4,4,4,4,5,5
4500,31,4,3,5,3,2,4
4501,32,4,3,3,5,3,6
4502,33,5,4,4,3,3,5
4503,34,3,5,3,2,5,2
4504,35,2,4,5,5,2,
4505,36,5,3,5,6,4,4
4506,37,3,2,2,2,,
4507,38,6,4,5,6,,
4508,39,3,3,3,2,2,2
4509,40,3,7,4,2,3,
4510,0,1,3,4,6,,
4511,1,4,5,3,4,,
4512,2,5,3,4,5,4,7
4513,3,1,5,3,5,4,4
4514,4,1,3,5,6,6,
4515,5,5,5,4,4,5,4
4516,6,3,6,7,5,,
4517,7,4,3,5,2,5,5
4518,8,5,3,4,6,,
4519,9,4,4,7,4,5,4
4520,10,3,7,4,4,3,
4521,11,3,5,3,5,4,4
4522,12,3,7,5,4,4,
4523,13,5,3,4,2,,
4524,14,1,5,4,3,7,3
4525,15,3,5,7,3,3,5
4526,16,1,3,4,2,7,3
4527,17,3,3,3,5,4,7
4528,18,3,5,4,7,3,5
4529,19,3,5,3,4,5,4
4530,20,1,4,2,3,4,4
4531,21,4,3,5,4,4,5
4532,22,3,5,4,3,4,5
4533,23,3,5,4,7,3,4
4534,24,5,3,4,7,4,5
4535,25,3,5,4,3,4,7
4536,26,4,3,4,4,7,3
4537,27,3,4,4,7,4,3
4538,28,4,5,6,5,6,
4539,29,5,4,3,7,,
4540,30,4,4,4,4,5,5
4541,31,4,3,5,3,2,4
4542,32,4,3,3,5,3,6
4543,33,5,4,4,3,3,5
4544,34,3,5,3,2,5,2
4545,35,2,4,5,5,2,
4546,36,5,3,5,6,4,4
4547,37,3,2,2,2,,
4548,38,6,4,5,6,,
4549,39,3,3,3,2,2,2
4550,40,3,7,4,2,3,
4551,0,1,3,4,6,,
4552,1,4,5,3,4,,
4553,2,5,3,4,5,4,7
4554,3,1,5,3,5,4,4
4555,4,1,3,5,6,6,
4556,5,5,5,4,4,5,4
4557,6,3,6,7,5,,
4558,7,4,3,5,2,5,5
4559,8,5,3,4,6,,
4560,9,4,4,7,4,5,4
4561,10,3,7,4,4,3,
4562,11,3,5,3,5,4,4
4563,12,3,7,5,4,4,
4564,13,5,3,4,2,,
4565,14,1,5,4,3,7,3
4566,15,3,5,7,3,3,5
4567,16,1,3,4,2,7,3
4568,17,3,3,3,5,4,7
4569,18,3,5,4,7,3,5
4570,19,3,5,3,4,5,4
4571,20,1,4,2,3,4,4
4572,21,4,3,5,4,4,5
4573,22,3,5,4,3,4,5
4574,23,3,5,4,7,3,4
4575,24,5,3,4,7,4,5
4576,25,3,5,4,3,4,7
4577,26,4,3,4,4,7,3
4578,27,3,4,4,7,4,3
4579,28,4,5,6,5,6,
4580,29,5,4,3,7,,
4581,30,4,4,4,4,5,5
4582,31,4,3,5,3,2,4
4583,32,4,3,3,5,3,6
4584,33,5,4,4,3,3,5
4585,34,3,5,3,2,5,2
4586,35,2,4,5,5,2,
4587,36,5,3,5,6,4,4
4588,37,3,2,2,2,,
4589,38,6,4,5,6,,
4590,39,3,3,3,2,2,2
4591,40,3,7,4,2,3,
4592,0,1,3,4,6,,
4593,1,4,5,3,4,,
4594,2,5,3,4,5,4,7
4595,3,1,5,3,5,4,4
4596,4,1,3,5,6,6,
4597,5,5,5,4,4,5,4
4598,6,3,6,7,5,,
4599,7,4,3,5,2,5,5
4600,8,5,3,4,6,,
4601,9,4,4,7,4,5,4
4602,10,3,7,4,4,3,
4603,11,3,5,3,5,4,4
4604,12,3,7,5,4,4,
4605,13,5,3,4,2,,
4606,14,1,5,4,3,7,3
4607,15,3,5,7,3,3,5
4608,16,1,3,4,2,7,3
4609,17,3,3,3,5,4,7
4610,18,3,5,4,7,3,5
4611,19,3,5,3,4,5,4
4612,20,1,4,2,3,4,4
4613,21,4,3,5,4,4,5
4614,22,3,5,4,3,4,5
4615,23,3,5,4,7,3,4
4616,24,5,3,4,7,4,5
4617,25,3,5,4,3,4,7
4618,26,4,3,4,4,7,3
4619,27,3,4,4,7,4,3
4620,28,4,5,6,5,6,
4621,29,5,4,3,7,,
4622,30,4,4,4,4,5,5
4623,31,4,3,5,3,2,4
4624,32,4,3,3,5,3,6
4625,33,5,4,4,3,3,5
4626,34,3,5,3,2,5,2
4627,35,2,4,5,5,2,
4628,36,5,3,5,6,4,4
4629,37,3,2,2,2,,
4630,38,6,4,5,6,,
4631,39,3,3,3,2,2,2
4632,40,3,7,4,2,3,
4633,0,1,3,4,6,,
4634,1,4,5,3,4,,
4635,2,5,3,4,5,4,7
4636,3,1,5,3,5,4,4
4637,4,1,3,5,6,6,
4638,5,5,5,4,4,5,4
4639,6,3,6,7,5,,
4640,7,4,3,5,2,5,5
4641,8,5,3,4,6,,
4642,9,4,4,7,4,5,4
4643,10,3,7,4,4,3,
4644,11,3,5,3,5,4,4
4645,12,3,7,5,4,4,
4646,13,5,3,4,2,,
4647,14,1,5,4,3,7,3
4648,15,3,5,7,3,3,5
4649,16,1,3,4,2,7,3
4650,17,3,3,3,5,4,7
4651,18,3,5,4,7,3,5
4652,19,3,5,3,4,5,4
4653,20,1,4,2,3,4,4
4654,21,4,3,5,4,4,5
4655,22,3,5,4,3,4,5
4656,23,3,5,4,7,3,4
4657,24,5,3,4,7,4,5
4658,25,3,5,4,3,4,7
4659,26,4,3,4,4,7,3
4660,27,3,4,4,7,4,3
4661,28,4,5,6,5,6,
4662,29,5,4,3,7,,
4663,30,4,4,4,4,5,5
4664,31,4,3,5,3,2,4
4665,32,4,3,3,5,3,6
4666,33,5,4,4,3,3,5
4667,34,3,5,3,2,5,2
4668,35,2,4,5,5,2,
4669,36,5,3,5,6,4,4
4670,37,3,2,2,2,,
4671,38,6,4,5,6,,
4672,39,3,3,3,2,2,2
4673,40,3,7,4,2,3,
4674,0,1,3,4,6,,
4675,1,4,5,3,4,,
4676,2,5,3,4,5,4,7
4677,3,1,5,3,5,4,4
4678,4,1,3,5,6,6,
4679,5,5,5,4,4,5,4
4680,6,3,6,7,5,,
4681,7,4,3,5,2,5,5
4682,8,5,3,4,6,,
4683,9,4,4,7,4,5,4
4684,10,3,7,4,4,3,
4685,11,3,5,3,5,4,4
4686,12,3,7,5,4,4,
4687,13,5,3,4,2,,
4688,14,1,5,4,3,7,3
4689,15,3,5,7,3,3,5
4690,16,1,3,4,2,7,3
4691,17,3,3,3,5,4,7
4692,18,3,5,4,7,3,5
4693,19,3,5,3,4,5,4
4694,20,1,4,2,3,4,4
4695,21,4,3,5,4,4,5
4696,22,3,5,4,3,4,5
4697,23,3,5,4,7,3,4
4698,24,5,3,4,7,4,5
4699,25,3,5,4,3,4,7
4700,26,4,3,4,4,7,3
4701,27,3,4,4,7,4,3
4702,28,4,5,6,5,6,
4703,29,5,4,3,7,,
4704,30,4,4,4,4,5,5
4705,31,4,3,5,3,2,4
4706,32,4,3,3,5,3,6
4707,33,5,4,4,3,3,5
4708,34,3,5,3,2,5,2
4709,35,2,4,5,5,2,
4710,36,5,3,5,6,4,4
4711,37,3,2,2,2,,
4712,38,6,4,5,6,,
4713,39,3,3,3,2,2,2
4714,40,3,7,4,2,3,
4715,0,1,3,4,6,,
4716,1,4,5,3,4,,
4717,2,5,3,4,5,4,7
4718,3,1,5,3,5,4,4
4719,4,1,3,5,6,6,
4720,5,5,5,4,4,5,4
4721,6,3,6,7,5,,
4722,7,4,3,5,2,5,5
4723,8,5,3,4,6,,
4724,9,4,4,7,4,5,4
4725,10,3,7,4,4,3,
4726,11,3,5,3,5,4,4
4727,12,3,7,5,4,4,
4728,13,5,3,4,2,,
4729,14,1,5,4,3,7,3
4730,15,3,5,7,3,3,5
4731,16,1,3,4,2,7,3
4732,17,3,3,3,5,4,7
4733,18,3,5,4,7,3,5
4734,19,3,5,3,4,5,4
4735,20,1,4,2,3,4,4
4736,21,4,3,5,4,4,5
4737,22,3,5,4,3,4,5
4738,23,3,5,4,7,3,4
4739,24,5,3,4,7,4,5
4740,25,3,5,4,3,4,7
4741,26,4,3,4,4,7,3
4742,27,3,4,4,7,4,3
4743,28,4,5,6,5,6,
4744,29,5,4,3,7,,
4745,30,4,4,4,4,5,5
4746,31,4,3,5,3,2,4
4747,32,4,3,3,5,3,6
4748,33,5,4,4,3,3,5
4749,34,3,5,3,2,5,2
4750,35,2,4,5,5,2,
4751,36,5,3,5,6,4,4
4752,37,3,2,2,2,,
4753,38,6,4,5,6,,
4754,39,3,3,3,2,2,2
4755,40,3,7,4,2,3,
4756,0,1,3,4,6,,
4757,1,4,5,3,4,,
4758,2,5,3,4,5,4,7
4759,3,1,5,3,5,4,4
4760,4,1,3,5,6,6,
4761,5,5,5,4,4,5,4
4762,6,3,6,7,5,,
4763,7,4,3,5,2,5,5
4764,8,5,3,4,6,,
4765,9,4,4,7,4,5,4
4766,10,3,7,4,4,3,
4767,11,3,5,3,5,4,4
4768,12,3,7,5,4,4,
4769,13,5,3,4,2,,
4770,14,1,5,4,3,7,3
4771,15,3,5,7,3,3,5
4772,16,1,3,4,2,7,3
4773,17,3,3,3,5,4,7
4774,18,3,5,4,7,3,5
4775,19,3,5,3,4,5,4
4776,20,1,4,2,3,4,4
4777,21,4,3,5,4,4,5
4778,22,3,5,4,3,4,5
4779,23,3,5,4,7,3,4
4780,24,5,3,4,7,4,5
4781,25,3,5,4,3,4,7
4782,26,4,3,4,4,7,3
4783,27,3,4,4,7,4,3
4784,28,4,5,6,5,6,
4785,29,5,4,3,7,,
4786,30,4,4,4,4,5,5
4787,31,4,3,5,3,2,4
4788,32,4,3,3,5,3,6
4789,33,5,4,4,3,3,5
4790,34,3,5,3,2,5,2
4791,35,2,4,5,5,2,
4792,36,5,3,5,6,4,4
4793,37,3,2,2,2,,
4794,38,6,4,5,6,,
4795,39,3,3,3,2,2,2
4796,40,3,7,4,2,3,
4797,0,1,3,4,6,,
4798,1,4,5,3,4,,
4799,2,5,3,4,5,4,7
4800,3,1,5,3,5,4,4
4801,4,1,3,5,6,6,
4802,5,5,5,4,4,5,4
4803,6,3,6,7,5,,
4804,7,4,3,5,2,5,5
4805,8,5,3,4,6,,
4806,9,4,4,7,4,5,4
4807,10,3,7,4,4,3,
4808,11,3,5,3,5,4,4
4809,12,3,7,5,4,4,
4810,13,5,3,4,2,,
4811,14,1,5,4,3,7,3
4812,15,3,5,7,3,3,5
4813,16,1,3,4,2,7,3
4814,17,3,3,3,5,4,7
4815,18,3,5,4,7,3,5
4816,19,3,5,3,4,5,4
4817,20,1,4,2,3,4,4
4818,21,4,3,5,4,4,5
4819,22,3,5,4,3,4,5
4820,23,3,5,4,7,3,4
4821,24,5,3,4,7,4,5
4822,25,3,5,4,3,4,7
4823,26,4,3,4,4,7,3
4824,27,3,4,4,7,4,3
4825,28,4,5,6,5,6,
4826,29,5,4,3,7,,
4827,30,4,4,4,4,5,5
4828,31,4,3,5,3,2,4
4829,32,4,3,3,5,3,6
4830,33,5,4,4,3,3,5
4831,34,3,5,3,2,5,2
4832,35,2,4,5,5,2,
4833,36,5,3,5,6,4,4
4834,37,3,2,2,2,,
4835,38,6,4,5,6,,
4836,39,3,3,3,2,2,2
4837,40,3,7,4,2,3,
4838,0,1,3,4,6,,
4839,1,4,5,3,4,,
4840,2,5,3,4,5,4,7
4841,3,1,5,3,5,4,4
4842,4,1,3,5,6,6,
4843,5,5,5,4,4,5,4
4844,6,3,6,7,5,,
4845,7,4,3,5,2,5,5
4846,8,5,3,4,6,,
4847,9,4,4,7,4,5,4
4848,10,3,7,4,4,3,
4849,11,3,5,3,5,4,4
4850,12,3,7,5,4,4,
4851,13,5,3,4,2,,
4852,14,1,5,4,3,7,3
4853,15,3,5,7,3,3,5
4854,16,1,3,4,2,7,3
4855,17,3,3,3,5,4,7
4856,18,3,5,4,7,3,5
4857,19,3,5,3,4,5,4
4858,20,1,4,2,3,4,4
4859,21,4,3,5,4,4,5
4860,22,3,5,4,3,4,5
4861,23,3,5,4,7,3,4
4862,24,5,3,4,7,4,5
4863,25,3,5,4,3,4,7
4864,26,4,3,4,4,7,3
4865,27,3,4,4,7,4,3
4866,28,4,5,6,5,6,
4867,29,5,4,3,7,,
4868,30,4,4,4,4,5,5
4869,31,4,3,5,3,2,4
4870,32,4,3,3,5,3,6
4871,33,5,4,4,3,3,5
4872,34,3,5,3,2,5,2
4873,35,2,4,5,5,2,
4874,36,5,3,5,6,4,4
4875,37,3,2,2,2,,
4876,38,6,4,5,6,,
4877,39,3,3,3,2,2,2
4878,40,3,7,4,2,3,
4879,0,1,3,4,6,,
4880,1,4,5,3,4,,
4881,2,5,3,4,5,4,7
4882,3,1,5,3,5,4,4
4883,4,1,3,5,6,6,
4884,5,5,5,4,4,5,4
4885,6,3,6,7,5,,
4886,7,4,3,5,2,5,5
4887,8,5,3,4,6,,
4888,9,4,4,7,4,5,4
4889,10,3,7,4,4,3,
4890,11,3,5,3,5,4,4
4891,12,3,7,5,4,4,
4892,13,5,3,4,2,,
4893,14,1,5,4,3,7,3
4894,15,3,5,7,3,3,5
4895,16,1,3,4,2,7,3
4896,17,3,3,3,5,4,7
4897,18,3,5,4,7,3,5
4898,19,3,5,3,4,5,4
4899,20,1,4,2,3,4,4
4900,21,4,3,5,4,4,5
4901,22,3,5,4,3,4,5
4902,23,3,5,4,7,3,4
4903,24,5,3,4,7,4,5
4904,25,3,5,4,3,4,7
4905,26,4,3,4,4,7,3
4906,27,3,4,4,7,4,3
4907,28,4,5,6,5,6,
4908,29,5,4,3,7,,
4909,30,4,4,4,4,5,5
4910,31,4,3,5,3,2,4
4911,32,4,3,3,5,3,6
4912,33,5,4,4,3,3,5
4913,34,3,5,3,2,5,2
4914,35,2,4,5,5,2,
4915,36,5,3,5,6,4,4
4916,37,3,2,2,2,,
4917,38,6,4,5,6,,
4918,39,3,3,3,2,2,2
4919,40,3,7,4,2,3,
