9766,17.56,-3.357130,-1.010369,-8.420343,0.170584,-0.184405,-0.153022
45835937,17.56,-2.974279,-0.970888,-9.076575,0.889038,-1.020756,-1.047863
9766,17.56,-2.877968,-1.467399,-9.559925,1.494024,-2.371761,-2.129247
9765,17.56,-3.217150,-1.200001,-9.434302,1.053590,-1.411099,-0.940885
9766,17.56,-3.399603,-0.929013,-8.834302,0.265268,-0.223958,-0.102167
9766,17.69,-3.302096,-0.833899,-8.660224,0.254960,-0.203113,-0.133169
9765,17.69,-3.272784,-0.741177,-8.848061,0.232282,-0.089950,-0.227318
9766,17.69,-3.214757,-0.478565,-8.691929,0.233885,0.048564,-0.323224
9766,17.62,-3.023930,-0.823131,-8.764312,0.110567,0.156000,0.026344
9765,17.62,-3.464209,-1.232902,-8.911470,0.056581,0.164246,0.235489
9766,17.62,-3.610171,-1.563710,-9.489935,-0.009927,0.125456,0.600557
9766,17.69,-3.535396,-0.512064,-9.574881,-0.040699,0.039630,1.030606
9765,17.69,-3.373282,-0.096909,-9.237493,-0.031307,0.064523,1.005331
9766,17.62,-3.309274,0.081356,-9.083754,-0.032605,0.069715,0.701121
9765,17.62,-3.239284,-0.243470,-9.189636,0.052305,-0.020617,0.386296
9766,17.62,-3.242275,-0.263211,-9.439087,0.120417,-0.080329,0.190132
9766,17.62,-3.340381,-0.318245,-9.484551,0.117515,-0.105985,0.112323
9765,17.69,-3.205186,-0.512662,-9.549756,0.096288,-0.145997,0.104382
8789,17.69,-3.059822,-0.832702,-9.786047,0.090026,-0.135765,0.092317
9766,17.69,-3.322434,-1.217947,-10.399208,0.131336,-0.057574,0.077198
9766,17.69,-3.437290,-1.260419,-10.425529,0.187154,0.089110,0.103694
9765,17.75,-3.503691,-0.930808,-10.148560,0.203265,0.233121,0.203494
9766,17.75,-3.225525,-0.124427,-9.329019,0.209985,0.282143,0.242132
9765,17.75,-3.209972,0.349352,-8.218150,0.203036,0.195477,0.106520
9766,17.75,-3.047858,0.115454,-8.023134,0.241139,0.048335,-0.055436
9766,17.75,-2.666203,-0.186640,-8.350353,0.240757,-0.094531,-0.096135
9765,17.75,-2.734996,-0.198604,-8.544770,0.166613,-0.147142,-0.088499
9766,17.69,-2.551347,-0.414557,-8.780463,0.108200,-0.096517,-0.077656
9766,17.69,-2.663810,-0.638286,-8.849855,0.045509,0.019624,-0.105603
9765,17.75,-2.376671,-0.937987,-9.127423,-0.008552,0.080329,-0.126831
9766,17.75,-2.789433,-0.890130,-9.139985,-0.028482,0.149204,-0.141263
9765,17.62,-2.690131,-0.865604,-9.126824,-0.094760,0.149204,-0.138590
9766,17.62,-2.788237,-0.729213,-9.076575,-0.159894,0.075900,-0.167148
9766,17.75,-2.806183,-0.761516,-9.328420,-0.220522,-0.016722,-0.143859
9765,17.75,-2.886343,-0.771685,-9.626925,-0.185474,-0.079183,-0.117362
9766,17.69,-2.917449,-0.722034,-9.598211,-0.090866,-0.098273,-0.113468
9766,17.69,-2.943770,-0.870987,-9.829716,-0.004047,-0.081321,-0.095295
9765,17.75,-3.195017,-0.847059,-10.077971,0.059712,-0.028405,-0.078725
9766,17.75,-3.098706,-0.727418,-9.904491,0.105451,0.001222,-0.099037
9765,17.75,-3.031108,-0.664607,-9.856635,0.144241,-0.000382,-0.172569
9766,17.75,-3.079563,-0.547358,-9.917652,0.143477,-0.021838,-0.257632
9766,17.75,-2.938386,-0.313460,-9.499507,0.142332,-0.053451,-0.341245
9765,17.75,-2.955734,-0.363111,-9.341580,0.163177,-0.103771,-0.425544
9766,17.69,-3.165106,-0.544965,-9.439686,0.141873,-0.110108,-0.418748
9766,17.69,-2.884548,-0.602393,-9.306286,0.059407,-0.091401,-0.383089
9765,17.69,-2.658426,-0.720240,-9.187841,-0.071548,-0.065210,-0.360487
9766,17.69,-2.715255,-0.714258,-9.059826,-0.098426,-0.123624,-0.292834
9765,17.75,-2.863013,-0.553340,-9.163914,-0.109269,-0.232129,-0.204563
9766,17.75,-2.937788,-0.479761,-9.102298,-0.132252,-0.330325,-0.116370
9766,17.75,-2.696711,-0.554537,-9.268001,-0.227166,-0.402637,-0.050015
9765,17.75,-2.618945,-0.594018,-9.806386,-0.253204,-0.438983,-0.011988
9766,17.69,-2.863611,-0.642473,-9.990633,-0.125838,-0.444557,0.002443
9766,17.69,-3.230311,-0.507278,-9.744173,-0.021609,-0.350942,-0.008018
9765,17.75,-3.302096,-0.429512,-9.881162,-0.048335,-0.206549,-0.006796
9766,17.75,-3.239882,-0.232702,-9.654442,-0.046120,-0.073380,-0.013974
9765,17.75,-3.404389,-0.145962,-9.108878,-0.032147,-0.058261,-0.026725
9766,17.75,-3.111866,-0.294915,-9.256037,-0.035048,-0.223500,-0.046273
9766,17.75,-3.250650,-0.257228,-9.463614,-0.023060,-0.418366,-0.135688
9765,17.75,-3.084349,-0.068794,-9.480364,0.011912,-0.577115,-0.182267
9766,17.75,-3.376273,0.018544,-9.156137,-0.001145,-0.648968,-0.108734
9766,17.75,-3.230909,-0.071785,-9.454640,-0.009087,-0.713567,-0.073533
9765,17.75,-3.239882,-0.301496,-9.710673,-0.008934,-0.720592,-0.066508
9766,17.75,-3.407978,-0.533001,-9.964313,-0.015195,-0.692950,-0.028100
9765,17.81,-3.722634,-0.630509,-10.030713,-0.034056,-0.709215,-0.000916
9766,17.81,-3.897908,-0.476770,-9.844073,-0.008552,-0.820850,0.021915
9766,17.81,-3.686143,-0.190229,-9.547961,0.032987,-0.969901,0.031689
9766,17.75,-3.745366,0.105284,-9.557532,0.025427,-1.164080,0.150655
9765,17.81,-4.099504,0.019741,-9.666406,-0.054443,-1.083140,0.175776
9766,17.81,-4.314260,-0.818345,-9.828520,-0.033827,-1.126436,0.180282
8789,17.81,-4.313063,-0.665205,-9.507283,0.071013,-1.120403,0.187765
9766,17.81,-4.338188,-0.439681,-8.919247,0.068111,-1.123457,0.125456
9765,17.81,-3.948158,-0.447458,-8.909078,-0.004047,-1.060462,0.024282
9766,17.81,-3.918247,-0.476770,-8.840283,-0.136528,-1.058095,-0.009545
9765,17.81,-4.104887,-0.279362,-8.888739,-0.278936,-1.040762,-0.033598
9766,17.81,-4.186243,-0.482752,-9.714262,-0.356898,-0.933555,-0.062461
9766,17.81,-4.612764,-0.559322,-10.292129,-0.307571,-0.909807,-0.107589
9765,17.81,-4.429713,-0.078963,-9.949357,-0.268246,-0.927217,-0.149433
9766,17.81,-4.243671,0.072383,-9.214761,-0.146150,-0.935769,-0.196164
9766,17.81,-3.921837,0.221934,-8.995817,-0.157603,-0.986624,-0.152105
9765,17.81,-4.133003,-0.031705,-8.986844,-0.086285,-0.971658,-0.124540
9766,17.81,-4.084548,0.068195,-9.001800,-0.034743,-1.005942,-0.097509
9765,17.81,-4.314858,0.229711,-8.854043,0.000305,-1.034577,-0.072922
9766,17.81,-4.512266,0.530010,-8.638688,-0.038561,-0.999528,-0.051313
9766,17.81,-4.973482,0.506680,-8.678169,-0.122326,-0.965014,-0.021762
9765,17.81,-5.225327,0.323629,-8.782856,-0.214490,-0.980973,-0.037950
9766,17.81,-5.194818,0.530608,-8.425728,-0.308334,-1.020450,-0.188757
9766,17.81,-4.741977,0.434896,-8.370692,-0.367588,-1.080010,-0.376293
9765,17.81,-4.806583,0.383450,-8.770293,-0.373010,-1.074054,-0.440587
9766,17.81,-4.561916,0.477966,-8.920444,-0.313298,-1.041678,-0.420352
9765,17.81,-4.624130,0.183051,-9.215957,-0.272599,-0.992121,-0.309251
9766,17.81,-4.771288,0.084347,-9.106485,-0.216781,-0.839405,-0.227624
9766,17.81,-5.103891,-0.068195,-9.144771,-0.171119,-0.614683,-0.194484
9765,17.81,-5.452645,-0.026919,-8.744571,-0.124922,-0.396070,-0.194942
9766,17.81,-6.072985,0.193819,-8.385648,-0.123929,-0.286343,-0.191583
9766,17.81,-6.175277,0.072981,-7.996215,-0.131336,-0.347659,-0.134238
9765,17.81,-5.791828,0.466002,-7.823334,-0.114385,-0.557873,-0.092928
9766,17.81,-5.857630,0.451645,-7.724032,-0.044670,-0.794888,-0.042990
9765,17.81,-5.950951,0.363709,-7.816155,0.033598,-0.949666,-0.002062
9766,17.81,-6.156733,0.145962,-7.862217,0.062995,-1.039082,-0.001069
9766,17.81,-6.098707,0.072383,-7.969296,0.074526,-0.986166,0.004200
9765,17.81,-5.945566,0.064008,-7.917850,0.042455,-0.784046,0.010996
9766,17.75,-6.086743,0.118445,-7.739585,0.001527,-0.629726,-0.017257
9766,17.75,-6.110671,-0.112463,-7.748558,-0.000458,-0.597426,-0.069410
9765,17.81,-5.925227,0.242872,-7.588838,0.020082,-0.641790,-0.115377
9766,17.81,-5.892924,0.479761,-7.426126,0.064752,-0.694401,-0.155923
9765,17.81,-5.843274,0.537189,-7.232307,0.142255,-0.777402,-0.154167
9766,17.81,-6.145966,0.859023,-7.048060,0.199448,-0.844598,-0.135383
9766,17.88,-6.268598,0.321236,-6.970891,0.185016,-0.898125,-0.093386
9765,17.88,-6.743573,0.329611,-6.955935,0.186848,-0.790383,-0.040546
9766,17.81,-6.633503,0.191426,-7.264610,0.172264,-0.625068,-0.065057
9766,17.81,-6.969695,0.005982,-7.476375,0.127671,-0.629038,-0.177838
9765,17.81,-6.702895,0.035294,-8.025528,0.149433,-0.615447,-0.217850
9766,17.81,-6.347561,-0.107079,-7.900503,0.128816,-0.747775,-0.243506
9765,17.75,-5.953941,0.086142,-7.572088,0.118202,-0.834060,-0.266872
9766,17.75,-5.544170,0.388236,-6.777670,0.102931,-0.880944,-0.262061
9766,17.81,-5.307281,0.622732,-6.189036,0.055589,-0.835129,-0.209832
9765,17.81,-5.621339,0.418744,-5.887541,-0.031001,-0.708985,-0.115072
9766,17.88,-6.161519,0.412164,-5.690731,-0.132252,-0.567876,-0.058643
9766,17.88,-7.062417,-0.135194,-6.059824,-0.185627,-0.518396,0.048869
9765,17.88,-7.585248,-0.369691,-6.454639,-0.166079,-0.583376,0.039172
9766,17.88,-7.855637,-0.287737,-6.696315,-0.134161,-0.653931,-0.003207
9765,17.81,-7.725228,-0.181256,-6.775278,-0.123395,-0.726624,-0.024893
8789,17.81,-7.359725,0.120838,-6.699306,-0.130496,-0.747088,-0.041233
9766,17.75,-7.104889,0.361914,-6.491130,-0.115148,-0.726395,-0.074602
9766,17.75,-6.771688,0.570688,-6.167500,-0.122784,-0.696845,-0.088270
9766,17.81,-6.580861,0.539582,-5.854639,-0.171500,-0.616287,0.041844
9765,17.81,-7.021739,0.236291,-6.279366,-0.203036,-0.549931,0.031230
9766,17.75,-7.558329,0.072981,-6.675976,-0.193492,-0.532293,-0.006567
9765,17.75,-7.672586,-0.026919,-6.989436,-0.155923,-0.543594,-0.051771
9766,17.81,-7.403992,0.055035,-6.829116,-0.113392,-0.552909,-0.067042
9766,17.81,-7.092327,0.228515,-6.470193,-0.095448,-0.567036,-0.079947
9765,17.88,-6.846464,0.467797,-5.865407,-0.058185,-0.595365,-0.087659
9766,17.88,-6.676574,0.586840,-5.513063,-0.006720,-0.634536,-0.053298
9766,17.81,-6.594620,0.540180,-5.581858,0.015577,-0.661873,-0.000764
9765,17.81,-6.732207,0.466002,-5.865407,0.000764,-0.618959,0.018173
9766,17.81,-6.999007,0.278166,-6.228518,-0.030467,-0.561156,0.006796
9765,17.81,-7.238289,0.141775,-6.410971,-0.030467,-0.491441,-0.022678
9766,17.81,-7.214361,0.207577,-6.283553,-0.014661,-0.454636,-0.043448
9766,17.81,-7.083354,0.347558,-6.029913,-0.006109,-0.415541,-0.045128
9765,17.81,-7.100702,0.562912,-5.618348,-0.004658,-0.339259,-0.054443
9766,17.81,-7.284351,0.696311,-5.338986,-0.016188,-0.273515,-0.057727
9766,17.94,-7.642078,0.778864,-5.152346,-0.058719,-0.239154,-0.063530
9765,17.94,-7.658229,0.702892,-5.269594,-0.078191,-0.254654,-0.066508
9766,17.81,-7.490133,0.561117,-5.583652,-0.072998,-0.268170,-0.064523
9765,17.81,-7.561320,0.393619,-5.675178,-0.067959,-0.257785,-0.061087
9766,17.94,-7.533803,0.196810,-5.915058,-0.065439,-0.203036,-0.060476
9766,17.94,-7.539785,0.184846,-5.830112,-0.040012,-0.150273,-0.059025
9765,17.88,-7.053443,0.359522,-5.638089,-0.005956,-0.112934,-0.054520
9766,17.88,-7.029515,0.654437,-5.300701,0.027413,-0.087659,-0.049327
9766,17.81,-6.883553,0.894916,-4.822136,0.035736,-0.081780,-0.053222
9765,17.81,-7.176674,0.926022,-4.603791,0.011377,-0.091553,-0.062079
9766,17.81,-7.021739,0.824926,-4.874180,0.015806,-0.134925,-0.064217
9765,17.81,-7.019345,0.613161,-5.173283,0.050015,-0.167301,-0.068417
9766,17.81,-7.405189,0.507877,-5.693124,0.072846,-0.174249,-0.052153
9766,17.81,-8.574082,0.397209,-5.843274,0.086437,-0.188146,-0.040164
9765,17.88,-8.054840,0.452244,-5.916255,0.097433,-0.164017,-0.055665
9766,17.88,-7.514660,0.741177,-5.661419,0.124464,-0.086056,-0.065439
9766,17.88,-7.468598,0.769293,-5.486144,0.119501,0.004658,-0.068188
9765,17.88,-7.532008,0.729213,-5.139783,0.111101,0.048335,-0.072235
9766,17.81,-7.360323,0.671187,-5.225327,0.115835,0.044746,-0.075518
9765,17.81,-7.459625,0.498305,-5.544768,0.136757,0.016341,-0.079794
9766,17.81,-7.502098,0.442074,-5.730811,0.167072,-0.055971,-0.076205
9766,17.81,-7.399804,0.535394,-5.761917,0.195859,-0.102625,-0.066737
9765,17.81,-6.328418,0.637687,-5.706882,0.232969,-0.091935,-0.054367
9766,17.81,-7.047461,0.675972,-5.653044,0.242590,-0.039019,-0.022449
9766,17.75,-7.973484,0.655633,-5.772685,0.226860,0.008399,-0.007636
9765,17.75,-7.561320,0.696910,-5.980860,0.246408,0.090637,-0.039477
9766,17.88,-7.240682,0.589831,-6.018548,0.275806,0.177304,-0.066661
9765,17.88,-7.356733,0.569492,-5.741579,0.290772,0.212734,-0.076511
9766,17.88,-7.520044,0.713659,-5.462216,0.304364,0.197309,-0.071700
9766,17.88,-7.170094,0.707079,-5.362316,0.320933,0.176922,-0.074755
9765,17.81,-7.225128,0.561715,-5.605786,0.318643,0.186543,-0.082696
8789,17.81,-7.390233,0.594018,-5.813961,0.288023,0.231594,-0.077427
9766,17.81,-7.377671,0.478565,-6.036494,0.281685,0.306578,-0.073609
9766,17.81,-7.334600,0.501296,-6.193822,0.281914,0.342466,-0.088270
9765,17.88,-7.507482,0.557528,-6.029315,0.288863,0.366825,-0.087506
9766,17.88,-7.180263,0.506680,-5.806184,0.323606,0.371177,-0.070784
9766,17.88,-7.077970,0.407378,-5.934799,0.316046,0.360105,-0.042761
9765,17.88,-7.362118,0.232702,-6.144769,0.307494,0.414548,-0.036652
9766,17.88,-7.123434,0.512064,-6.178866,0.247477,0.451658,-0.034743
9765,17.88,-7.080961,0.561715,-6.241080,0.207236,0.432493,0.000305
9766,17.81,-6.553344,0.639482,-5.785845,0.189139,0.301157,0.110719
9766,17.81,-6.736992,0.352343,-6.069993,0.206625,0.410960,0.212047
9765,17.88,-6.958927,0.221336,-6.115457,0.182649,0.409509,0.164246
9766,17.88,-6.573682,0.220738,-6.227920,0.195935,0.376140,0.106596
9766,17.81,-6.385248,0.396610,-6.399006,0.175013,0.560545,0.057879
9765,17.81,-6.461220,0.541376,-6.543174,0.158825,0.588645,0.041921
9766,17.81,-6.491130,0.369691,-6.791430,0.152029,0.597884,0.091401
9766,17.81,-6.611968,0.223131,-7.005587,0.169897,0.582460,0.089492
9765,17.81,-6.613164,0.259621,-7.121041,0.189750,0.545884,0.035659
9766,17.81,-6.450452,0.205185,-7.099505,0.208687,0.554895,0.022449
9766,17.88,-6.351748,0.202194,-7.157531,0.201433,0.630413,0.023976
9765,17.88,-6.202197,0.229113,-7.314261,0.192881,0.697150,-0.001145
9766,17.88,-5.990432,0.340379,-7.180861,0.196546,0.714178,-0.010232
9765,17.88,-5.868398,0.488136,-6.835098,0.190055,0.714178,-0.019395
9766,17.81,-5.590830,0.691526,-6.589236,0.167224,0.733267,-0.038714
9766,17.81,-5.919246,0.620339,-6.576674,0.148517,0.777173,-0.058338
9765,17.88,-6.055636,0.454038,-6.717850,0.097433,0.811458,-0.048717
9766,17.88,-6.010173,0.140578,-7.321440,0.073533,0.783129,-0.031460
9766,17.88,-5.569893,-0.040080,-7.917252,0.064828,0.754266,-0.046502
9765,17.88,-5.390431,-0.135793,-8.185847,0.066584,0.741819,-0.017639
9766,17.81,-5.197211,-0.027517,-8.155936,0.065821,0.727464,0.040012
9765,17.81,-5.063213,0.167498,-7.880762,0.059865,0.737314,0.093233
9766,17.88,-5.125426,0.365504,-7.594221,0.035048,0.775417,0.159359
9766,17.88,-5.510671,0.305085,-7.513463,0.018021,0.821079,0.215864
9765,17.81,-5.866603,0.263809,-7.448857,-0.012217,0.867963,0.199982
9766,17.81,-6.090930,0.260219,-7.448259,-0.036881,0.858189,0.150807
9766,17.88,-5.725427,0.330808,-7.920244,-0.035965,0.781678,0.087965
9765,17.88,-5.427520,0.394816,-8.100304,-0.007559,0.628962,0.065821
9766,17.88,-4.977670,0.448056,-8.369496,0.030314,0.480369,0.082925
9765,17.88,-4.785048,0.612563,-8.459227,0.066050,0.402560,0.106291
9766,17.88,-4.745566,0.661017,-8.525029,0.098349,0.433027,0.077274
9766,17.88,-4.686942,0.728016,-8.450253,0.126373,0.515341,0.045204
9765,17.94,-4.844868,0.698704,-8.412567,0.144699,0.590478,0.052305
9766,17.94,-4.924429,0.667598,-8.544172,0.140423,0.624152,0.065973
9766,17.88,-4.923233,0.564706,-8.745768,0.119501,0.568792,0.082925
9765,17.88,-4.646862,0.527617,-8.985647,0.091553,0.444404,0.113239
9766,17.81,-4.845466,0.657428,-8.869596,0.100793,0.342848,0.124158
9765,17.81,-4.822136,0.707079,-8.650054,0.123395,0.353004,0.089339
9766,17.81,-4.796413,0.662812,-8.645269,0.136528,0.428827,0.027031
9766,17.81,-4.507480,0.611964,-8.931211,0.145691,0.521374,-0.048640
9765,17.81,-4.563113,0.677767,-8.940185,0.152411,0.580627,-0.103847
8789,17.81,-4.109075,0.672981,-9.003594,0.147524,0.576122,-0.052687
9766,17.81,-3.827320,0.531805,-8.816355,0.208610,0.572075,0.055589
9766,17.81,-3.895515,0.528814,-8.587243,0.236863,0.621326,0.137826
9765,17.88,-4.649255,0.518644,-8.427522,0.241215,0.725861,0.138437
9766,17.88,-4.765905,0.720838,-8.303096,0.202425,0.766407,0.090484
9765,17.88,-5.133801,0.580260,-8.309076,0.205327,0.692492,0.043982
9766,17.88,-4.888537,0.539582,-8.702098,0.197844,0.568639,-0.033445
9766,17.81,-4.770092,0.543171,-8.964113,0.183947,0.524580,-0.126373
9765,17.81,-4.340580,0.673580,-9.132807,0.140346,0.517479,-0.189750
9766,17.88,-3.929015,0.738784,-9.462418,0.090255,0.572686,-0.211207
9766,17.88,-3.566502,0.671785,-9.351749,0.069944,0.618883,-0.174784
9765,17.81,-3.782455,0.547358,-9.078369,0.031078,0.671723,-0.140652
9766,17.81,-4.022335,0.580858,-8.824132,-0.028940,0.731053,-0.096517
9765,17.88,-4.426722,0.537787,-8.787642,-0.052687,0.757549,-0.058261
9766,17.88,-4.444070,0.620938,-8.927024,-0.023366,0.688216,-0.051465
9766,17.88,-4.431508,0.643669,-9.077771,0.037110,0.551382,-0.038026
9765,17.88,-4.385446,0.602393,-9.279366,0.076053,0.366061,-0.022526
9766,17.88,-4.006782,0.476770,-9.531211,0.094455,0.201967,-0.021762
9766,17.88,-3.798008,0.516850,-9.740583,0.101938,0.134925,-0.025809
9765,17.88,-3.515655,0.506680,-9.868600,0.127900,0.172951,-0.031765
9766,17.88,-3.160321,0.580858,-9.992428,0.159512,0.254273,-0.035354
9765,17.88,-3.163312,0.656830,-9.707084,0.190743,0.343993,-0.034056
9766,17.88,-3.374478,0.701695,-9.371490,0.193797,0.424780,-0.006949
9766,17.88,-3.802794,0.657428,-9.035897,0.110948,0.498924,0.048258
9766,17.88,-3.510271,0.593420,-9.036495,0.059788,0.424322,0.019548
9765,17.88,-3.468397,0.490529,-9.223733,0.004429,0.330860,-0.000764
9766,17.88,-3.227918,0.501895,-9.468400,-0.039019,0.288023,-0.011072
9765,17.88,-3.113062,0.498904,-9.731610,-0.043142,0.287718,-0.035430
9766,17.88,-3.053840,0.498305,-10.043874,-0.029703,0.295430,-0.051924
9766,17.88,-3.029912,0.467797,-10.228719,0.012294,0.288481,-0.045815
9765,17.88,-3.136991,0.539582,-10.081561,0.063683,0.286954,-0.046120
9766,17.88,-3.135196,0.563510,-9.810574,0.117286,0.264963,-0.049022
9766,17.88,-2.985645,0.698704,-9.473186,0.153174,0.253585,-0.053374
9765,17.88,-2.857629,0.799203,-9.190833,0.160047,0.242055,-0.056810
9766,17.88,-2.937190,0.783649,-9.154343,0.158138,0.218003,-0.061697
9765,17.81,-3.092723,0.718445,-9.299108,0.157221,0.160505,-0.071929
9766,17.81,-3.032903,0.722034,-9.544373,0.135765,0.111865,-0.081092
9766,17.81,-3.144767,0.750150,-9.754342,0.122860,0.055741,-0.090943
9765,17.81,-2.991029,0.674178,-9.834502,0.114003,0.002214,-0.091782
9766,17.88,-2.915655,0.619741,-9.771092,0.116446,-0.006338,-0.095600
9766,17.88,-2.819942,0.614955,-9.589836,0.118126,0.062079,-0.101862
9765,17.94,-2.771487,0.684946,-9.413962,0.122020,0.150731,-0.103313
9766,17.94,-2.840879,0.677169,-9.466006,0.100182,0.192575,-0.100716
9765,17.94,-2.807977,0.610768,-9.548559,0.073151,0.145080,-0.102167
9766,17.94,-3.071786,0.533001,-9.617353,0.061316,0.040775,-0.103694
9766,17.88,-2.955136,0.493520,-9.734602,0.063301,-0.081780,-0.103618
9765,17.88,-2.736193,0.554537,-9.827323,0.089492,-0.188146,-0.102702
9766,17.88,-2.981457,0.549153,-9.956535,0.114843,-0.225409,-0.110414
9766,17.88,-2.862414,0.531805,-10.143176,0.125456,-0.226020,-0.117210
8789,17.88,-2.865405,0.583251,-10.231710,0.137292,-0.188757,-0.116599
9765,17.88,-3.011966,0.585045,-10.179068,0.140881,-0.131641,-0.117057
9766,17.88,-2.965904,0.544965,-10.128221,0.133703,-0.080940,-0.113774
9766,17.88,-3.111866,0.454038,-10.105490,0.125838,-0.049556,-0.116981
9765,17.88,-3.121437,0.391227,-10.222737,0.109192,-0.037797,-0.110032
9766,17.88,-3.021537,0.391825,-10.294521,0.105145,-0.060323,-0.101862
9765,17.88,-2.971288,0.457627,-10.332210,0.113316,-0.099953,-0.094990
9766,17.88,-3.096911,0.518644,-10.314262,0.122173,-0.127213,-0.091172
9766,17.88,-2.791228,0.486939,-10.408779,0.131412,-0.168828,-0.087659
9765,17.88,-2.765505,0.454038,-10.274780,0.137826,-0.191124,-0.082085
9766,17.81,-2.721238,0.429512,-10.211370,0.115072,-0.197386,-0.071548
9766,17.81,-2.955734,0.406182,-10.110274,0.106291,-0.201509,-0.068646
9765,17.88,-2.992225,0.458824,-10.145569,0.095371,-0.236710,-0.065134
9766,17.88,-3.067599,0.479163,-10.208979,0.092012,-0.256945,-0.062843
9765,17.88,-3.087340,0.459422,-10.268201,0.099037,-0.230831,-0.070631
9766,17.88,-3.030510,0.414557,-10.260425,0.105145,-0.223119,-0.074220
9766,17.88,-2.874378,0.365504,-10.268201,0.103465,-0.253967,-0.073304
9765,17.88,-2.933601,0.369691,-10.094721,0.103084,-0.297262,-0.072540
9766,17.88,-2.945565,0.388834,-9.969696,0.107894,-0.361785,-0.069639
9766,17.88,-2.978466,0.409173,-9.921241,0.137216,-0.404469,-0.067272
9765,17.88,-2.795415,0.461217,-9.995420,0.180053,-0.440357,-0.075060
9766,17.88,-2.739184,0.470788,-10.006785,0.204487,-0.470443,-0.091172
9765,17.94,-3.020340,0.485145,-10.002598,0.200517,-0.488616,-0.109956
9766,17.94,-3.281756,0.349950,-10.031910,0.180434,-0.506789,-0.121868
9766,17.81,-3.215356,0.303290,-10.045669,0.171271,-0.532369,-0.134467
9765,17.81,-3.354738,0.309871,-10.063614,0.182191,-0.504040,-0.164475
9766,17.88,-3.297310,0.320040,-10.273584,0.199524,-0.498924,-0.187154
9766,17.88,-3.116652,0.347558,-10.314861,0.226936,-0.537409,-0.185932
9765,17.88,-3.157928,0.367896,-10.172488,0.237245,-0.564669,-0.198913
9766,17.88,-3.163312,0.364307,-9.985250,0.241903,-0.595746,-0.214490
9765,17.88,-3.265605,0.369691,-9.771689,0.255036,-0.638431,-0.222966
9766,17.88,-3.308078,0.325424,-9.742378,0.277562,-0.668745,-0.253280
9766,17.88,-3.379264,0.326620,-9.540782,0.313068,-0.709825,-0.286572
9766,17.94,-3.212364,0.326620,-9.022737,0.286038,-0.903470,-0.274126
9765,17.88,-2.907878,0.322433,-9.020942,0.238543,-0.909426,-0.266185
9766,17.88,-2.801996,0.269791,-9.116654,0.171959,-0.839787,-0.264734
9765,17.81,-2.868994,0.227318,-9.196814,0.107741,-0.729984,-0.266108
9766,17.81,-3.066402,0.154935,-9.248857,0.060857,-0.595517,-0.254196
9766,17.88,-3.364309,0.095115,-9.213565,0.040241,-0.461814,-0.224569
9765,17.88,-3.422933,0.154337,-9.006584,0.031001,-0.395535,-0.178678
9766,17.88,-3.441477,0.126221,-8.815159,0.026114,-0.390037,-0.159130
9766,17.88,-3.790829,0.095115,-8.806784,0.021762,-0.439212,-0.136757
9765,17.88,-3.862614,0.168694,-8.723634,0.025656,-0.528704,-0.107283
9766,17.88,-4.055835,0.186042,-8.689535,0.036270,-0.614072,-0.121257
9765,17.88,-4.197609,0.260818,-8.803195,0.052611,-0.667905,-0.159818
9766,17.88,-4.310670,0.311067,-9.022737,0.092775,-0.709749,-0.192728
9766,17.88,-4.298706,0.276969,-9.104691,0.125380,-0.796187,-0.216475
9765,17.88,-4.267600,0.229113,-9.125628,0.148440,-0.852310,-0.261832
9766,17.88,-4.086343,0.092124,-9.095119,0.154243,-0.874148,-0.277944
8789,17.88,-4.045067,-0.037089,-9.071790,0.163712,-0.842459,-0.298866
9766,17.88,-3.868596,0.006580,-9.005388,0.173028,-0.766712,-0.312152
9765,17.88,-4.127021,-0.001795,-9.001201,0.190361,-0.713643,-0.318490
9766,17.81,-4.299902,0.119043,-8.761919,0.212199,-0.711429,-0.305280
9765,17.81,-4.415954,0.252443,-8.413763,0.241903,-0.784962,-0.258167
9766,17.88,-4.566702,0.346361,-8.109875,0.272751,-0.909731,-0.183260
9766,17.88,-4.399803,0.253041,-8.109875,0.275806,-1.043511,-0.101480
9765,17.88,-4.311268,0.129811,-8.175079,0.247782,-1.093907,-0.083536
9766,17.88,-4.408776,0.037687,-8.245667,0.204716,-1.055270,-0.096822
9766,17.94,-4.404589,-0.166899,-8.355737,0.185779,-0.976010,-0.098273
9765,17.94,-4.584649,-0.267996,-8.281560,0.146150,-0.861625,-0.093921
9766,17.88,-4.645067,-0.318844,-8.221739,0.081169,-0.744874,-0.092775
9765,17.88,-4.771288,-0.260219,-8.301899,0.021686,-0.674853,-0.167682
9766,17.88,-5.161917,-0.126221,-8.002197,-0.014584,-0.728610,-0.205480
9766,17.88,-5.499903,-0.236889,-7.856236,0.036041,-0.868116,-0.122478
9765,17.88,-5.700302,-0.181855,-7.834102,0.099647,-1.038776,-0.126067
9766,17.88,-5.807381,-0.172283,-7.959725,0.179823,-1.237231,-0.198073
9766,17.88,-5.624330,-0.145364,-8.081161,0.225409,-1.407815,-0.259236
9765,17.88,-5.622535,-0.203988,-7.965707,0.269926,-1.482112,-0.236328
9766,17.88,-5.461020,-0.288933,-7.741380,0.306273,-1.469360,-0.185779
9765,17.88,-5.325227,-0.321835,-7.517651,0.275271,-1.355357,-0.093997
9766,17.88,-5.245068,-0.318844,-7.482357,0.203647,-1.134835,-0.018937
9766,17.88,-5.479564,-0.337388,-7.275976,0.121944,-0.917672,0.027565
9765,17.88,-5.480761,-0.283550,-6.957731,0.076511,-0.777021,0.047037
9766,17.88,-5.726623,-0.093918,-6.820143,0.062843,-0.725479,0.068722
9766,17.94,-6.287740,-0.620938,-7.176674,0.050091,-0.797179,0.062919
9765,17.94,-6.279963,-0.248854,-6.948159,0.078267,-0.888962,0.079260
9766,17.88,-6.387640,-0.242872,-6.981659,0.071624,-0.902248,0.093462
9765,17.88,-6.527022,-0.205783,-7.146763,0.044822,-0.893772,0.074067
9766,17.94,-6.538388,-0.164507,-7.182656,0.023595,-0.784427,0.035965
9766,17.94,-6.753742,-0.106481,-7.083952,0.033598,-0.657215,0.016952
9765,17.88,-6.544969,-0.089731,-7.032506,0.023213,-0.515341,0.021228
9766,17.88,-6.452845,-0.056231,-6.860821,0.034285,-0.420123,0.021762
9766,17.88,-6.421140,-0.123230,-6.729216,0.064752,-0.391106,0.022373
9765,17.88,-6.395417,-0.053240,-6.514460,0.102549,-0.408134,0.026344
9766,17.88,-6.500701,-0.002393,-6.510871,0.142790,-0.459142,0.048717
9765,17.88,-6.535995,0.077169,-6.576075,0.169973,-0.541532,0.102396
9766,17.88,-6.732805,0.056830,-6.588638,0.171119,-0.661185,0.170508
9766,17.88,-6.540781,0.139382,-6.382855,0.157221,-0.812985,0.170966
9765,17.88,-6.369694,0.198006,-6.249455,0.115072,-0.853608,0.140499
9766,17.88,-6.395417,0.134596,-6.531210,0.079412,-0.784275,0.131565
9766,17.88,-6.384051,-0.041276,-6.823732,0.057192,-0.687071,0.105832
9765,17.88,-6.622137,-0.141177,-6.988239,0.047953,-0.615447,0.047113
9766,17.88,-6.860223,-0.224925,-7.039684,0.054672,-0.567570,-0.032758
9766,17.94,-7.113264,0.004786,-6.348159,0.059636,-0.624991,-0.153633
9765,17.88,-6.842277,0.162114,-6.083752,0.103160,-0.682031,-0.147753
9766,17.88,-6.777072,0.255434,-6.010771,0.159512,-0.776639,-0.094760
9766,17.88,-6.790831,0.370289,-6.053842,0.213497,-0.891100,0.018173
9765,17.88,-6.963114,0.300897,-6.204590,0.229380,-0.987005,0.093615
8789,17.94,-7.216753,0.260818,-6.259026,0.196470,-0.991053,0.109879
9766,17.94,-7.385448,0.084945,-6.407979,0.160734,-0.914236,0.085750
9766,17.88,-7.478767,-0.129811,-6.410372,0.138208,-0.798095,0.041844
9765,17.88,-7.349555,-0.190828,-6.382257,0.108047,-0.615447,-0.006414
9766,17.88,-7.162915,-0.068195,-6.264410,0.066890,-0.465250,-0.051771
9765,17.88,-7.212566,-0.012562,-5.885746,0.029627,-0.384998,-0.088881
9766,17.88,-7.252646,0.080160,-5.471189,0.004658,-0.353233,-0.092622
9766,17.88,-7.258030,0.255434,-5.294120,-0.021991,-0.308182,-0.061621
9765,17.88,-7.293922,0.348156,-5.415556,-0.047342,-0.267635,-0.017410
9766,17.88,-7.353743,0.241675,-5.745168,-0.056963,-0.249768,0.014050
9766,17.88,-7.380662,0.196810,-5.994619,-0.047342,-0.294895,0.050320
9765,17.88,-7.409376,0.124427,-6.237491,-0.043830,-0.350713,0.091630
9766,17.94,-7.466205,0.038883,-6.399605,-0.049786,-0.374537,0.095448
9765,17.94,-7.482357,-0.035294,-6.322436,-0.053069,-0.359036,0.062919
9766,17.88,-7.380662,-0.020339,-6.084350,-0.055436,-0.301767,0.006109
9766,17.88,-7.300502,0.046062,-5.912067,-0.047342,-0.212428,-0.040470
9765,17.81,-7.265807,0.219541,-5.582456,-0.051618,-0.125991,-0.062385
9766,17.81,-7.241280,0.284148,-5.379664,-0.048335,-0.073075,-0.067882
9766,17.88,-7.323234,0.343968,-5.355736,-0.044364,-0.058109,-0.071548
9765,17.88,-7.440483,0.330210,-5.430511,-0.022755,-0.115683,-0.070860
9766,17.88,-7.544570,0.230309,-5.633902,0.004123,-0.181885,-0.067882
9765,17.88,-7.607980,0.202194,-5.778667,0.022373,-0.203342,-0.077198
9766,17.88,-7.573284,0.213559,-5.851050,0.033445,-0.171729,-0.089721
9766,17.88,-7.556534,0.215952,-5.873782,0.042684,-0.109269,-0.100106
9765,17.88,-7.396814,0.223131,-5.919844,0.050320,-0.051007,-0.105909
9766,17.88,-7.231709,0.177069,-5.882755,0.055665,-0.021380,-0.097128
9766,17.88,-7.126424,0.171087,-5.733203,0.052993,-0.004811,-0.079565
9765,17.88,-7.180263,0.224925,-5.485546,0.049480,0.023976,-0.069410
9766,17.88,-7.174281,0.292523,-5.367700,0.042226,0.071089,-0.076511
9765,17.88,-7.176075,0.345165,-5.355736,0.041921,0.122784,-0.102473
9766,17.81,-7.173084,0.339183,-5.415556,0.055283,0.157603,-0.143172
9766,17.81,-7.169495,0.315254,-5.561518,0.070860,0.145157,-0.158749
9765,17.81,-7.084550,0.318245,-5.598009,0.095753,0.079260,-0.145386
9766,17.81,-7.034301,0.252443,-5.701499,0.114766,0.016799,-0.119653
9766,17.88,-7.013364,0.193819,-5.703891,0.122784,-0.010690,-0.106138
9765,17.88,-7.014560,0.192622,-5.697909,0.112552,0.018250,-0.104382
9766,17.88,-6.988837,0.192622,-5.665606,0.102244,0.062003,-0.112476
9765,17.88,-7.055836,0.223131,-5.516055,0.090332,0.100029,-0.120035
9766,17.88,-7.733005,0.148355,-5.410172,0.071853,0.153251,-0.121562
9766,17.88,-7.947163,0.102891,-5.584250,0.068111,0.177533,-0.128053
9765,17.94,-7.421938,0.161516,-5.585446,0.124693,0.236787,-0.119653
9766,17.94,-7.843673,-0.022732,-5.742177,0.160734,0.286419,-0.137674
9766,17.94,-7.560722,-0.012562,-6.089136,0.136757,0.255189,-0.165468
9765,17.94,-7.121639,0.162114,-6.326624,0.167530,0.234878,-0.164246
9766,17.88,-7.065408,0.194417,-5.822336,0.155694,0.174173,-0.162337
9765,17.88,-6.911070,0.227318,-5.858826,0.107054,0.271988,-0.195171
9766,17.88,-6.089136,-0.001196,-6.106484,0.084528,0.227089,-0.194561
9766,17.88,-6.653244,0.091525,-5.722435,0.087354,0.314519,-0.232969
9765,17.94,-7.143175,-0.191426,-5.908478,0.068875,0.331853,-0.235489
9766,17.94,-5.970691,0.123230,-5.836095,0.038103,0.446313,-0.236634
9766,17.94,-6.886544,-0.077767,-5.602197,0.092699,0.484492,-0.214032
9765,17.94,-6.719645,-0.086142,-5.781060,0.043066,0.586583,-0.196393
8789,17.88,-6.765108,-0.004786,-6.055038,0.014966,0.664240,-0.150426
9766,17.88,-6.255437,0.143569,-5.953343,0.030925,0.628809,-0.127900
9766,17.88,-6.156135,0.159123,-6.859026,-0.022449,0.679740,-0.085139
9765,17.88,-4.954340,0.196810,-6.677172,-0.040088,0.653320,-0.083612
9766,17.88,-6.326624,-0.096909,-6.727421,-0.085368,0.749913,-0.093691
9766,17.88,-6.361917,-0.068195,-6.870393,-0.178984,0.765490,-0.091401
9765,17.88,-6.576674,-0.195613,-7.048658,-0.159130,0.760145,-0.069868
9766,17.88,-6.562316,-0.230309,-7.330413,-0.079107,0.760069,-0.070020
9765,17.88,-6.235696,-0.217149,-7.667202,-0.079107,0.797026,-0.082925
9766,17.88,-6.080761,-0.155533,-7.615757,-0.077351,0.758618,-0.074449
9766,17.88,-5.417949,-0.116650,-7.384251,-0.070020,0.697226,-0.061850
9765,17.88,-5.801399,-0.181256,-7.469795,0.001222,0.691881,-0.038637
9766,17.94,-5.503492,0.174078,-7.365707,-0.005880,0.787558,-0.046502
9766,17.94,-5.331807,0.370888,-7.124630,-0.049404,0.843834,-0.056581
9765,17.81,-5.420342,0.416351,-6.823732,-0.059788,0.805502,-0.031154
9766,17.81,-5.467600,0.410967,-6.934999,-0.083154,0.777631,0.017028
9765,17.88,-5.563911,0.250648,-7.310074,-0.079107,0.765949,0.057879
9766,17.88,-5.898907,0.172881,-7.790433,-0.042073,0.737314,0.064294
9766,17.88,-6.008976,0.178265,-8.278568,-0.012141,0.695470,0.050320
9765,17.88,-6.082556,0.071785,-8.507083,0.001604,0.668897,0.020769
9766,17.88,-5.757132,0.008973,-8.645866,0.063835,0.633773,-0.006567
9766,17.88,-5.685347,-0.008375,-8.583654,0.127824,0.618272,-0.018250
9765,17.94,-5.493921,0.099302,-8.437094,0.140270,0.561232,-0.014508
9766,17.94,-5.411369,0.217149,-8.266605,0.163101,0.466854,-0.014890
9765,17.88,-5.102695,0.310469,-8.174481,0.173180,0.418443,-0.021151
9766,17.88,-5.074579,0.321835,-8.158329,0.164781,0.444481,-0.046731
9766,17.81,-4.701298,0.332004,-8.430512,0.147829,0.494877,-0.062461
9765,17.81,-4.852645,0.303290,-8.678768,0.121868,0.586507,-0.058567
9766,17.81,-4.913661,0.339183,-8.989237,0.121562,0.670806,-0.036805
9766,17.81,-5.158926,0.269791,-9.203993,0.113774,0.747470,-0.000535
9765,17.88,-5.470592,0.112463,-9.130414,0.090561,0.769767,0.006796
9766,17.88,-5.155337,0.134596,-8.764910,0.081627,0.697379,-0.012370
9765,17.88,-4.767699,0.298505,-8.434102,0.066890,0.618196,-0.042913
9766,17.88,-4.268796,0.293121,-8.473584,0.048029,0.625831,-0.065897
9766,17.88,-4.470989,0.223131,-8.742777,0.037415,0.684245,-0.054214
9765,17.88,-4.354938,0.037089,-9.184851,0.049862,0.684627,-0.019319
9766,17.94,-4.364509,0.148355,-9.419347,0.144928,0.637285,0.035965
9766,17.94,-4.656433,-0.005384,-9.646068,0.208916,0.601550,0.126831
9765,17.81,-4.436892,0.124427,-9.423534,0.223348,0.636903,0.128893
9766,17.81,-4.576872,0.115454,-8.998809,0.153556,0.757244,0.073457
9765,17.81,-4.402794,0.314058,-8.617751,0.112246,0.870788,-0.030772
9766,17.81,-4.145566,0.383450,-8.224133,0.057879,0.954324,-0.080558
9766,17.88,-4.152744,0.299103,-8.477173,-0.021151,1.000903,-0.107130
9765,17.88,-3.860221,0.215952,-8.655438,-0.038714,0.900797,-0.130572
9766,17.88,-3.547360,0.163310,-9.012567,0.002291,0.758924,-0.143935
9766,17.88,-3.231507,-0.046660,-9.314062,0.033903,0.634765,-0.083765
9765,17.94,-3.445665,0.001795,-9.903296,0.040470,0.630260,-0.009774
9766,17.94,-3.339184,-0.065803,-10.317852,0.044670,0.703411,0.112781
9765,17.88,-3.332604,0.031107,-10.360923,0.078191,0.863993,0.190514
9766,17.88,-3.327818,0.372682,-9.919447,0.167682,1.016022,0.238390
8789,17.81,-3.581458,0.573679,-9.289536,0.269468,1.070923,0.287412
9766,17.81,-3.695715,0.621536,-8.667402,0.315894,1.011135,0.249080
9765,17.94,-4.013960,0.402592,-8.157731,0.285961,0.838031,0.104076
9766,17.94,-3.391826,0.558126,-8.163713,0.221668,0.595441,-0.034438
9766,17.88,-3.104089,0.640678,-8.347960,0.153251,0.433409,-0.149662
9765,17.88,-2.629114,0.686142,-8.849257,0.077274,0.345139,-0.186314
9766,17.88,-2.244468,0.556929,-9.355937,0.094837,0.316505,-0.176922
9766,17.88,-1.840679,0.438485,-9.750752,0.144546,0.321468,-0.124235
9765,17.88,-1.997409,0.247059,-9.954741,0.216246,0.409203,-0.078496
9766,17.88,-2.294717,0.245863,-10.049257,0.291688,0.504727,-0.049786
9765,17.88,-2.467598,0.120239,-10.156935,0.334143,0.562301,0.066813
9766,17.88,-2.675176,0.070588,-10.000803,0.314519,0.633085,0.092012
9766,17.88,-2.743970,0.348754,-9.017951,0.193644,0.544128,-0.066126
9766,17.88,-2.304288,0.552144,-8.870193,0.122097,0.501902,-0.089110
9765,17.88,-2.186442,0.335593,-9.021541,0.051847,0.463799,-0.067730
9766,17.88,-2.038685,0.202792,-9.272188,-0.004887,0.440968,-0.040393
9765,17.88,-2.212763,0.202792,-9.837493,-0.038561,0.460211,-0.042913
9766,17.88,-2.208575,0.115454,-10.108479,-0.068341,0.458989,-0.001833
9766,17.88,-2.020141,0.186640,-10.262817,-0.140652,0.458531,0.001374
9765,17.88,-1.718047,0.407976,-10.204791,-0.179671,0.462730,-0.018937
9766,17.88,-1.971686,0.306880,-10.101302,-0.174326,0.472581,0.024511
9766,17.88,-2.226522,0.382253,-9.933804,-0.173791,0.488310,0.118890
9765,17.88,-2.344368,0.211167,-9.836297,-0.208458,0.500146,0.139201
9766,17.88,-2.451447,0.118445,-9.900304,-0.198226,0.433485,0.095066
9765,17.88,-2.006980,0.229113,-10.162318,-0.172111,0.307036,0.057727
9766,17.88,-1.977668,0.360120,-10.187443,-0.114766,0.205938,0.058567
9766,17.88,-1.879562,0.394218,-10.192827,-0.036346,0.132100,0.092699
9765,17.88,-2.043471,0.385843,-10.037293,0.024969,0.118050,0.044288
9766,17.88,-2.106880,0.631705,-9.936197,0.057803,0.134161,0.015195
9766,17.88,-1.969293,0.549751,-10.113265,0.040012,0.172264,-0.015348
9765,17.88,-1.820938,0.595215,-10.228122,0.006643,0.185016,-0.016493
9766,17.88,-1.820938,0.577268,-10.183255,0.010690,0.149738,0.024282
9765,17.88,-1.909473,0.505484,-10.271791,0.039706,0.131183,0.042455
9766,17.88,-2.002793,0.506680,-10.307084,0.097051,0.186238,0.011530
9766,17.94,-2.074577,0.394218,-10.339388,0.130038,0.234343,-0.012446
9765,17.94,-2.052444,0.315254,-10.353147,0.148058,0.227776,-0.023671
9766,17.94,-1.775475,0.282951,-10.383057,0.162185,0.182038,-0.047877
9766,17.94,-1.877768,0.394816,-10.363914,0.169439,0.156382,-0.082238
9765,17.94,-1.613959,0.407378,-10.268800,0.158367,0.133321,-0.084147
9766,17.94,-1.505085,0.391227,-9.959526,0.128740,0.084834,-0.071853
9765,17.94,-1.644467,0.425922,-9.625130,0.108505,0.077885,-0.072464
9766,17.94,-1.666003,0.414557,-9.475578,0.068111,0.081932,-0.078725
9766,17.88,-1.781457,0.384646,-9.539586,0.014203,0.063225,-0.080711
9765,17.88,-1.585245,0.350549,-9.787842,-0.035736,0.043448,-0.080634
9766,17.88,-1.461416,0.410967,-10.017552,-0.035201,0.044440,-0.081703
9766,17.88,-1.483550,0.345165,-10.024133,-0.028100,0.026267,-0.078649
9765,17.81,-1.268794,0.374477,-9.859028,-0.046120,-0.036117,-0.078802
9766,17.81,-1.244866,0.420539,-9.708280,-0.059865,-0.086514,-0.072464
9765,17.88,-1.283749,0.430708,-9.737593,-0.056581,-0.108505,-0.072617
9766,17.88,-1.400400,0.393021,-9.774083,-0.041157,-0.115072,-0.074602
8789,17.94,-1.466202,0.412164,-9.889537,-0.004734,-0.127976,-0.077885
9766,17.94,-1.511068,0.442074,-9.943974,0.042684,-0.128511,-0.075060
9765,17.88,-1.545165,0.554537,-9.947563,0.090484,-0.164552,-0.077809
9766,17.88,-1.573281,0.524626,-9.918250,0.098273,-0.196546,-0.086972
9766,17.81,-1.614557,0.533001,-9.888938,0.048640,-0.217850,-0.123395
9765,17.81,-1.603789,0.574876,-9.890135,-0.030238,-0.215177,-0.152258
9766,17.88,-1.395016,0.534198,-10.021141,-0.099876,-0.187688,-0.144622
9765,17.88,-1.555933,0.539582,-10.113265,-0.148058,-0.166155,-0.128587
9766,17.88,-1.609173,0.512662,-10.262218,-0.178525,-0.175929,-0.101862
9766,17.88,-1.662414,0.475574,-10.277772,-0.182038,-0.188757,-0.088957
9765,17.88,-1.691128,0.491725,-10.270594,-0.151953,-0.224951,-0.103694
9766,17.88,-1.600798,0.578465,-10.087543,-0.126907,-0.256411,-0.112934
9766,17.88,-1.622334,0.600599,-10.116257,-0.108658,-0.301996,-0.127976
9765,17.88,-1.608575,0.628714,-10.138390,-0.085216,-0.364992,-0.126755
9766,17.88,-1.665405,0.695713,-9.967303,-0.098197,-0.423788,-0.105527
9765,17.88,-1.492523,0.805185,-9.851252,-0.090026,-0.450666,-0.100106
9766,17.94,-1.584049,0.707079,-9.908679,-0.030620,-0.377667,-0.128358
9766,17.94,-1.567299,0.649053,-10.114462,-0.046120,-0.277562,-0.173638
9765,17.88,-1.805385,0.614357,-10.222139,-0.062537,-0.204716,-0.195630
9766,17.88,-1.750350,0.719641,-10.328022,-0.064599,-0.220141,-0.210367
9766,17.88,-1.903491,0.626321,-10.346565,-0.049709,-0.296346,-0.215406
9765,17.94,-2.078167,0.815953,-9.664611,0.061468,-0.426002,-0.242972
9766,17.88,-1.915455,0.769293,-9.762717,0.102167,-0.455858,-0.263130
9766,17.88,-1.986043,0.729213,-9.878769,0.143706,-0.467312,-0.330478
9765,17.88,-2.111666,0.794417,-10.026526,0.183107,-0.518243,-0.349033
9766,17.88,-2.184647,0.811167,-10.337593,0.231671,-0.647746,-0.300622
9766,17.88,-2.237887,0.735195,-10.649856,0.288787,-0.812222,-0.282678
9765,17.88,-2.265405,0.661616,-10.647463,0.310320,-0.958295,-0.275424
9766,17.88,-2.220540,0.605982,-10.400404,0.330936,-0.994107,-0.239765
9765,17.88,-2.265405,0.512064,-10.222737,0.273057,-0.872468,-0.255647
9766,17.81,-2.364707,0.510868,-10.096516,0.238467,-0.653473,-0.231289
9766,17.81,-2.384448,0.658624,-10.042080,0.233809,-0.524275,-0.224493
9765,17.88,-2.508276,0.771087,-10.133006,0.240834,-0.529620,-0.252058
9766,17.88,-2.732604,0.699901,-10.162917,0.298179,-0.653778,-0.247782
9766,17.88,-2.684149,0.541974,-10.169497,0.365603,-0.804586,-0.186848
9765,17.88,-2.634498,0.482154,-10.174283,0.443870,-0.929813,-0.163941
9766,17.94,-2.927619,0.449252,-10.134801,0.483271,-1.003499,-0.185398
9765,17.94,-2.831906,0.384048,-10.269397,0.450131,-1.071152,-0.194637
9766,17.88,-2.683551,0.534198,-10.204791,0.433562,-1.092762,-0.225180
9766,17.88,-2.549553,0.565304,-9.863215,0.408898,-1.038547,-0.218384
9765,17.88,-2.721836,0.441476,-9.709477,0.421573,-1.016556,-0.191888
9766,17.88,-2.699703,0.216550,-9.720843,0.406073,-1.035875,-0.173715
9766,17.81,-2.893521,0.129811,-9.597013,0.322308,-1.042060,-0.161803
9765,17.81,-2.960520,0.111864,-9.631710,0.251982,-1.035111,-0.124235
9766,17.81,-3.200999,-0.227318,-9.605987,0.237550,-1.021290,-0.114995
9765,17.81,-3.050849,0.096909,-9.417553,0.214108,-0.982653,-0.198684
9766,17.88,-2.871387,0.410369,-9.316456,0.186161,-0.940732,-0.265803
9766,17.88,-2.790629,0.292523,-9.337393,0.209450,-0.987387,-0.246408
9765,17.88,-2.769094,0.414557,-9.332607,0.259618,-1.095587,-0.266566
8789,17.88,-3.069992,0.260818,-9.061022,0.293215,-1.271134,-0.237856
9766,17.81,-3.274578,0.153739,-8.931808,0.313374,-1.392315,-0.162948
9766,17.81,-3.440879,-0.072383,-8.762517,0.334296,-1.494558,-0.117668
9765,17.88,-3.375077,-0.062213,-8.764312,0.341016,-1.554194,-0.132405
9766,17.88,-3.460620,0.210568,-8.661420,0.299858,-1.586570,-0.209221
9766,17.94,-3.601797,0.332004,-8.607582,0.249920,-1.599703,-0.302760
9765,17.94,-3.941577,0.231506,-8.626125,0.221210,-1.528156,-0.373697
9766,17.94,-4.336991,0.084347,-8.516057,0.181427,-1.422018,-0.385151
9765,17.94,-4.385446,-0.001795,-8.490334,0.120340,-1.346042,-0.357433
9766,17.88,-4.741977,0.044865,-8.429317,0.079336,-1.326876,-0.327806
9766,17.88,-5.041677,-0.182453,-8.515458,0.071242,-1.392544,-0.343688
9765,17.88,-5.184051,-0.266800,-8.597412,0.095142,-1.473636,-0.424551
9766,17.88,-5.094918,-0.284746,-8.546565,0.083001,-1.550071,-0.537103
9766,17.88,-4.685745,0.285344,-8.385049,0.043524,-1.598711,-0.620486
9765,17.88,-4.282555,0.331406,-8.128420,-0.010232,-1.585043,-0.559553
9766,17.88,-3.969693,-0.061017,-8.057831,-0.032376,-1.507386,-0.372246
9765,17.88,-4.162315,-0.597009,-7.984252,-0.039706,-1.390940,-0.254578
9766,17.88,-4.546363,-0.610768,-7.985448,-0.085368,-1.329014,-0.131260
9766,17.88,-4.942974,-0.421137,-8.123034,-0.075747,-1.294653,-0.105298
9765,17.88,-5.213363,-0.337986,-7.864012,-0.120951,-1.230359,-0.199677
9766,17.88,-6.017950,-0.298505,-7.584650,-0.164094,-1.171716,-0.319483
9766,17.81,-5.875576,-0.200997,-7.449456,-0.211436,-1.139875,-0.386449
9765,17.81,-5.761917,-0.155533,-7.245467,-0.211894,-1.115669,-0.444786
9766,17.88,-5.867202,0.011964,-7.076175,-0.180816,-1.096503,-0.467923
9765,17.88,-5.867202,0.048455,-7.071988,-0.118279,-1.128879,-0.366596
9766,17.88,-5.858228,0.025723,-7.116255,-0.074678,-1.243722,-0.234725
9766,17.88,-6.080761,-0.132802,-7.262218,-0.072540,-1.370782,-0.140575
9765,17.88,-6.171090,-0.418146,-7.401001,-0.137063,-1.439580,-0.036957
9766,17.88,-6.123233,-0.534198,-7.462616,-0.171424,-1.372843,0.026420
9766,17.94,-6.421140,-0.438485,-7.308877,-0.199066,-1.174923,0.076893
9765,17.94,-6.458827,-0.540778,-7.144371,-0.266337,-0.903546,0.085674
9766,17.88,-7.217950,-0.455235,-6.703493,-0.247935,-0.565127,0.064141
9766,17.88,-7.217950,-0.457029,-6.677770,-0.156382,-0.677526,0.065668
9765,17.88,-7.556534,-0.479761,-6.852446,-0.046349,-0.780151,0.061392
9766,17.88,-7.654640,-0.345165,-6.847661,0.091859,-0.865978,0.040088
9766,17.94,-7.379466,-0.137587,-6.638886,0.201280,-0.954019,0.029703
9765,17.94,-7.252646,0.042473,-6.157929,0.249157,-1.050612,0.054138
9766,17.88,-7.278369,0.356531,-5.732605,0.250073,-1.054277,0.077504
9765,17.88,-7.262815,0.326022,-5.623732,0.222813,-0.957455,0.075824
9766,17.88,-7.216156,0.330808,-5.663213,0.184329,-0.889573,0.048182
9766,17.88,-7.148558,0.235095,-5.769694,0.160352,-0.885831,-0.003665
9765,17.88,-6.967900,0.237488,-6.020940,0.141797,-0.922330,-0.021228
9766,17.88,-6.224928,0.428315,-6.379266,0.111941,-0.924926,-0.033827
9766,17.81,-7.055238,0.138186,-5.787042,0.107207,-0.947681,-0.069791
9765,17.81,-7.052247,0.392423,-5.519046,0.136834,-0.847041,-0.047724
9766,17.88,-6.918847,0.267996,-5.389833,0.146073,-0.860251,-0.031460
9765,17.88,-7.324430,0.135793,-5.247460,0.156152,-0.927599,-0.027107
9766,17.88,-7.372885,0.146560,-5.459225,0.127824,-1.015105,-0.024740
9766,17.88,-7.338190,0.028116,-5.584250,0.140194,-1.099328,-0.027794
8789,17.88,-7.668399,0.003589,-5.492725,0.144546,-1.147739,-0.007178
9765,17.88,-7.638489,0.105882,-5.179863,0.137368,-1.174236,0.014203
9766,17.88,-7.792227,0.040678,-5.153542,0.092928,-1.161102,0.001909
9766,17.88,-7.810772,0.163310,-4.931608,0.058719,-1.096732,-0.018097
9765,17.81,-7.961519,0.017348,-5.013562,0.026496,-1.011287,-0.046349
9766,17.81,-8.289336,-0.068195,-5.186443,-0.007025,-0.960051,-0.067042
9765,17.94,-8.725429,0.078963,-4.941777,0.002673,-0.973719,-0.073991
9766,17.94,-8.904890,0.080160,-5.000999,0.085597,-1.054506,-0.104458
9766,17.88,-8.503493,0.061017,-5.211568,0.176006,-1.193707,-0.196546
9765,17.88,-8.143972,-0.038285,-5.403592,0.222355,-1.334435,-0.265345
9766,17.81,-7.806584,-0.209970,-5.494520,0.235870,-1.375134,-0.244575
9766,17.81,-7.354939,-0.199801,-5.261817,0.202655,-1.365360,-0.188681
9765,17.88,-7.443473,-0.101097,-4.667201,0.155771,-1.253037,-0.132023
9766,17.88,-7.735996,0.002991,-4.315456,0.082925,-1.095129,-0.141186
9765,17.88,-8.126624,-0.010768,-4.173681,-0.014050,-0.957608,-0.253051
9766,17.88,-8.423334,0.029910,-4.115057,-0.108887,-0.884915,-0.369115
9766,17.88,-8.167901,0.275773,-4.321438,-0.172493,-0.850095,-0.446390
9765,17.88,-7.973484,0.498305,-4.412365,-0.186085,-0.856662,-0.476169
9766,17.94,-7.917252,0.602991,-4.396812,-0.167224,-0.871323,-0.434402
9766,17.94,-7.688139,0.541376,-4.453641,-0.152564,-0.831540,-0.320475
9765,17.94,-7.575677,0.347558,-4.356134,-0.115148,-0.841314,-0.182114
9766,17.94,-7.485348,0.114855,-4.314858,-0.078649,-0.860022,-0.084070
9765,17.88,-7.747362,-0.017946,-3.964309,-0.073838,-0.849561,-0.007330
9766,17.88,-7.735398,0.067597,-3.654438,-0.086056,-0.813978,0.057498
9766,17.94,-8.544770,0.004187,-3.510271,-0.122937,-0.759458,0.062537
9765,17.94,-9.842278,-0.047856,-3.909274,-0.222202,-0.737773,-0.028253
9766,17.94,-11.540585,-0.909273,-4.222136,-0.205098,-0.758771,-0.161879
9766,17.94,-10.538589,-0.044865,-4.606782,-0.063912,-0.905684,-0.173791
9765,17.88,-9.491730,0.266800,-3.723232,0.137674,-0.969978,-0.153251
9766,17.88,-9.131610,0.346361,-2.943172,0.006414,-0.883235,-0.175395
9765,17.94,-8.675777,0.040080,-3.247659,-0.027413,-0.766407,-0.175853
9766,17.94,-8.309675,-0.093320,-3.654438,-0.001374,-0.815963,-0.166537
9766,17.88,-8.286943,-0.540180,-4.124629,0.024740,-0.794583,-0.166155
9765,17.88,-8.740982,-0.512064,-4.200601,-0.006490,-0.713491,-0.152258
9766,17.88,-9.550952,-0.380459,-3.792026,-0.200440,-0.710818,-0.158672
9766,17.88,-9.013165,-0.195613,-3.071786,0.049175,-0.543594,-0.130496
9765,17.94,-9.218349,-0.007777,-2.571088,-0.031918,-0.486249,-0.133398
9766,17.94,-8.937194,-0.047856,-2.941976,-0.126144,-0.370719,-0.182420
9765,17.81,-9.086745,-0.242872,-3.410371,-0.188299,-0.315130,-0.200287
9766,17.81,-8.946166,-0.300299,-3.597609,-0.170431,-0.334372,-0.181809
9766,17.88,-8.997612,-0.175274,-3.366103,-0.101709,-0.422184,-0.131107
9766,17.81,-9.245868,0.137587,-2.440679,-0.072540,-0.529391,-0.110414
9765,17.88,-9.245269,0.004786,-2.762514,-0.100335,-0.474490,-0.119348
9766,17.88,-9.233903,-0.052642,-2.875575,-0.048411,-0.497015,-0.091095
9765,17.81,-9.078369,-0.048455,-2.876771,-0.020693,-0.551459,-0.016417
9766,17.81,-9.179466,-0.025723,-2.956332,-0.033674,-0.548710,0.048793
9766,17.88,-8.976675,-0.086142,-2.848057,-0.037492,-0.547870,0.077427
9765,17.88,-9.040683,-0.176471,-2.644069,-0.049480,-0.508011,0.079260
9766,17.81,-9.282358,-0.366102,-2.647060,-0.014966,-0.442954,0.026344
9766,17.81,-9.451052,-0.418146,-2.571088,0.027489,-0.424246,-0.019624
8789,17.88,-9.465409,-0.468993,-2.723631,0.089263,-0.480522,-0.018402
9765,17.88,-9.490534,-0.256630,-2.531607,0.127900,-0.590478,0.025198
9766,17.88,-9.289536,-0.234497,-2.695515,0.118432,-0.691729,0.075671
9766,17.88,-9.072388,-0.236889,-3.058028,0.093310,-0.715171,0.116752
9765,17.81,-8.989237,-0.217747,-3.269194,0.115606,-0.682871,0.105680
9766,17.81,-8.976076,-0.209970,-3.281756,0.140728,-0.592921,0.048487
9765,17.94,-9.151351,-0.087338,-3.013760,0.158978,-0.488616,-0.016341
9766,17.94,-9.373883,0.153141,-2.325226,0.137216,-0.413250,-0.038943
9766,17.81,-9.504890,0.220140,-1.918446,0.102244,-0.344299,-0.044288
9765,17.81,-9.579666,0.022732,-2.155933,0.070250,-0.330784,-0.052076
9766,17.81,-9.390035,0.076570,-2.236691,0.073762,-0.383318,-0.055283
9766,17.81,-9.235698,0.212363,-2.310869,0.119119,-0.489456,-0.053451
9765,17.88,-9.345169,0.215952,-2.294119,0.168217,-0.603077,-0.056734
9766,17.88,-9.360723,0.609572,-2.015953,0.159970,-0.657444,-0.067424
9765,17.81,-9.455239,0.164507,-2.213361,0.069562,-0.707382,-0.079336
9766,17.81,-9.499507,-0.018544,-2.101497,0.194026,-0.691041,-0.074678
9766,17.88,-9.553944,-0.028714,-2.152344,0.158901,-0.736780,-0.074373
9765,17.88,-9.393025,0.133998,-2.098505,0.164705,-0.766636,-0.068951
9766,17.94,-9.618549,0.309871,-1.922633,0.139430,-0.759611,-0.067882
9766,17.94,-9.482159,0.262014,-1.856232,0.078267,-0.662560,-0.090637
9765,17.94,-9.482757,0.360718,-1.940579,0.058719,-0.499230,-0.104840
9766,17.94,-9.491730,0.347558,-1.792822,0.052611,-0.421955,-0.115835
9765,17.81,-9.665210,0.235693,-1.743770,0.053069,-0.350637,-0.128129
9766,17.81,-9.665210,0.075972,-1.926222,0.056810,-0.277256,-0.145386
9766,17.88,-9.565310,-0.105882,-2.242075,0.074755,-0.220141,-0.138514
9765,17.88,-9.500105,-0.168694,-2.504687,0.086285,-0.221820,-0.126449
9766,17.81,-9.382258,-0.169890,-2.698506,0.124235,-0.246331,-0.106214
9766,17.81,-9.481560,-0.230309,-2.437090,0.136147,-0.244270,-0.096593
9765,17.81,-9.367901,-0.160319,-2.549553,0.142026,-0.146760,-0.093081
9766,17.81,-9.433703,-0.163908,-2.399403,0.169133,-0.114079,-0.089950
9765,17.88,-9.568898,-0.116650,-1.891526,0.177456,-0.156611,-0.086208
9766,17.88,-9.675977,-0.076570,-1.733600,0.180434,-0.182649,-0.083765
9766,17.88,-9.661022,-0.006580,-1.780858,0.187994,-0.240605,-0.069715
9765,17.88,-9.595220,0.074776,-1.928017,0.183260,-0.326049,-0.057574
9766,17.88,-9.507283,0.154935,-1.873580,0.205785,-0.390037,-0.054672
9766,17.88,-9.509676,0.234497,-1.902294,0.208992,-0.383318,-0.056047
9765,17.88,-9.394820,0.238086,-1.895714,0.209832,-0.329791,-0.058719
9766,17.88,-9.361919,0.119043,-1.618146,0.204029,-0.284358,-0.061774
9765,17.94,-9.414561,0.005384,-1.709074,0.200287,-0.253051,-0.063606
9766,17.94,-9.522238,-0.065803,-1.806581,0.234343,-0.303371,-0.061010
9766,17.81,-9.692129,-0.113659,-1.671985,0.259694,-0.357738,-0.060628
9765,17.81,-9.690334,-0.080758,-1.627718,0.246408,-0.288634,-0.078191
9766,17.81,-9.559327,0.099900,-1.649851,0.247935,-0.225562,-0.080100
9766,17.81,-9.513863,0.133400,-1.502095,0.267406,-0.231212,-0.082238
9765,17.94,-9.498908,0.098106,-1.229313,0.259465,-0.230602,-0.090179
9766,17.94,-9.449856,0.107677,-1.171287,0.228616,-0.200364,-0.094531
9765,17.81,-9.535997,-0.189033,-1.245464,0.200975,-0.231594,-0.109650
9766,17.81,-9.595818,-0.291924,-1.442872,0.191506,-0.249538,-0.129427
9766,17.81,-9.689137,-0.308674,-1.382453,0.208076,-0.321468,-0.154014
9766,17.81,-9.651451,-0.117248,-1.110270,0.187536,-0.327882,-0.122708
8789,17.88,-9.482159,-0.182453,-1.119841,0.160428,-0.205327,-0.127976
9765,17.88,-9.543774,-0.186042,-1.197608,0.156840,-0.120417,-0.122937
9766,17.81,-9.580863,-0.158525,-1.260419,0.141797,-0.136528,-0.113163
9765,17.81,-9.675977,-0.300299,-1.152742,0.179442,-0.195171,-0.099724
9766,17.81,-9.714262,-0.301496,-1.111466,0.177151,-0.187383,-0.088575
9766,17.81,-9.751949,-0.297308,-1.107877,0.159894,-0.199600,-0.077045
9765,17.88,-9.688540,-0.321835,-1.086940,0.162567,-0.235183,-0.052687
9766,17.88,-9.653844,-0.224327,-1.125225,0.155160,-0.237321,-0.038255
9766,17.94,-9.627522,-0.173480,-1.343570,0.134467,-0.216704,-0.027107
9765,17.94,-9.686745,-0.089731,-1.284946,0.150578,-0.207847,-0.021533
9766,17.81,-9.768101,-0.026321,-1.088136,0.134772,-0.183260,-0.026725
9765,17.81,-9.751949,-0.011366,-1.024726,0.080787,-0.135383,-0.034132
9766,17.81,-9.567701,-0.074178,-1.170090,0.059636,-0.127900,-0.034743
9766,17.81,-9.544373,-0.022732,-0.958326,0.058490,-0.178525,-0.030085
9765,17.88,-9.515060,0.067597,-0.885943,0.074067,-0.184787,-0.036041
9766,17.88,-9.564113,-0.063410,-1.238884,0.084605,-0.136452,-0.045815
9766,17.81,-9.702896,-0.155533,-1.503291,0.111941,-0.112781,-0.048182
9765,17.81,-9.780066,-0.153141,-1.479363,0.124006,-0.109879,-0.049022
9766,17.88,-9.605987,-0.089133,-1.485943,0.102549,-0.101862,-0.043371
9765,17.88,-9.512069,0.020339,-1.258625,0.110414,-0.152487,-0.041157
9766,17.88,-9.512069,0.116650,-0.936192,0.126831,-0.169057,-0.043524
9766,17.88,-9.659825,0.148355,-0.940379,0.117057,-0.072464,-0.055360
9765,17.88,-9.782458,0.275773,-1.016351,0.112552,0.036423,-0.071853
9766,17.88,-9.977472,0.196211,-0.975075,0.071548,0.117668,-0.096593
9766,17.81,-9.919447,0.047856,-1.019941,0.021304,0.177304,-0.112476
9765,17.81,-9.658629,-0.021535,-1.231706,-0.008170,0.170202,-0.104229
9766,17.88,-9.488141,-0.104088,-1.204786,0.004505,0.091095,-0.103618
9765,17.88,-9.283554,-0.151944,-1.207179,0.015501,0.036270,-0.109421
9766,17.88,-9.381660,-0.035294,-1.135394,0.020159,0.022449,-0.112476
9766,17.88,-9.587442,-0.029910,-1.202394,0.024587,0.014584,-0.128053
9765,17.88,-9.745369,-0.041276,-1.353141,0.022373,0.015959,-0.138743
9766,17.88,-9.811172,0.057428,-1.446461,-0.006643,0.018784,-0.134925
9766,17.81,-9.757931,-0.054437,-1.511666,-0.026649,0.027260,-0.130038
9765,17.81,-9.534801,-0.084945,-1.674378,-0.044059,0.078114,-0.140117
9766,17.88,-9.430713,-0.142373,-1.789832,-0.065668,0.114995,-0.145844
9765,17.88,-9.482159,-0.110070,-1.703092,-0.060705,0.119042,-0.146455
9766,17.88,-9.443873,-0.098106,-1.731207,-0.026954,0.122402,-0.156458
9766,17.88,-9.592826,0.000000,-1.495514,-0.011454,0.086896,-0.160428
9765,17.88,-9.655040,-0.227318,-1.332204,0.015043,0.028176,-0.152182
9766,17.88,-9.444472,-0.432503,-1.374677,0.047877,0.025504,-0.138056
9766,17.81,-9.340384,-0.440878,-1.255036,0.079183,0.010766,-0.131031
9765,17.81,-9.391829,-0.346959,-1.045664,0.067730,0.054520,-0.122097
9766,17.88,-9.565310,-0.291326,-0.996013,0.068875,0.115530,-0.159054
9765,17.88,-9.933206,-0.111266,-0.858425,0.007559,0.237474,-0.187841
9766,17.88,-9.980464,-0.244666,-1.079163,-0.031841,0.319101,-0.136757
9766,17.88,-9.868001,-0.354736,-1.322035,-0.068875,0.305433,-0.101709
9765,17.94,-9.570693,-0.463011,-1.651646,-0.066584,0.249920,-0.087277
9766,17.94,-9.279366,-0.457029,-1.774278,-0.041157,0.167377,-0.066966
9766,17.88,-9.120842,-0.474377,-1.535594,-0.062156,0.086437,-0.046578
9765,17.88,-9.011371,-0.565304,-1.600200,-0.112246,0.213039,-0.043753
9766,17.88,-9.197412,-0.540180,-1.910669,-0.116523,0.453262,-0.049938
9765,17.88,-9.494123,-0.557528,-1.977668,-0.070555,0.565279,-0.045815
8790,17.81,-8.770293,-0.447458,-2.583650,-0.023213,0.541074,-0.046273
9765,17.81,-9.392428,0.013759,-1.536790,-0.026267,0.449902,-0.060781
9766,17.81,-9.980464,0.141775,-1.576272,-0.059788,0.406760,-0.043830
9765,17.81,-9.605389,-0.086142,-1.366302,-0.032758,0.196240,-0.037645
9766,17.88,-9.806984,-0.050847,-1.423730,-0.000076,0.203647,0.020235
9766,17.88,-9.946366,-0.084945,-1.715654,0.012523,0.467465,-0.002673
9766,17.81,-9.136395,-0.846461,-2.712863,0.202120,0.729144,-0.047189
9765,17.81,-8.846266,-0.364307,-2.455036,0.210596,0.431118,-0.006949
9766,17.88,-9.034102,-0.034696,-2.283351,0.112246,0.104763,0.048029
9765,17.88,-8.596216,0.143569,-2.097309,0.071700,0.065821,0.062232
9766,17.94,-8.907881,0.109472,-1.970490,0.012752,0.275348,0.220217
9766,17.94,-9.165110,0.064008,-2.139782,0.029016,0.514959,0.351477
9765,17.88,-9.160922,0.046062,-2.474777,0.057498,0.716316,0.324675
9766,17.88,-10.173086,-0.241077,-2.738586,0.346437,0.895758,0.135078
9766,17.88,-9.150752,-0.189631,-3.344568,0.387060,0.921567,0.109345
9765,17.88,-8.846266,-0.263809,-3.611966,0.288099,0.895605,0.090255
9766,17.81,-8.639287,-0.197408,-3.385844,0.273286,0.743118,0.117973
9765,17.81,-8.706883,0.501296,-3.058028,0.212199,0.550237,0.265726
9766,17.88,-8.894122,0.744766,-2.593222,0.192041,0.484034,0.388434
9766,17.88,-9.195020,0.698704,-2.440081,0.153174,0.548862,0.301844
9765,17.88,-9.166904,0.692124,-2.533401,0.096746,0.593150,0.143324
9766,17.88,-9.479168,0.353540,-3.102295,0.172188,0.632475,0.027107
9766,17.81,-9.094522,0.423530,-3.288935,0.146989,0.724563,-0.015195
9765,17.81,-8.895917,0.255434,-3.625127,0.114843,0.842230,-0.048411
9766,17.88,-8.735598,0.040080,-3.884748,0.134848,0.953637,-0.053909
9765,17.88,-8.512467,0.044865,-4.000201,0.144164,1.077490,-0.089644
9766,17.81,-8.197213,0.137587,-4.335795,0.147906,1.048856,-0.108276
9766,17.81,-8.222338,0.084347,-4.496712,0.140346,0.893696,-0.075289
9765,17.81,-8.742178,-0.072981,-4.222734,0.102473,0.788703,-0.057574
9766,17.81,-8.608779,-0.221934,-4.158726,0.077427,0.874148,-0.059407
9766,17.81,-8.845070,-0.441476,-4.349554,0.139430,1.021596,-0.042761
9765,17.81,-8.403593,0.044267,-4.494319,0.223271,1.081766,-0.002978
9766,17.88,-8.380263,0.358923,-4.313063,0.351018,0.961196,0.023671
9765,17.88,-8.510075,0.374477,-4.044469,0.389808,0.711963,0.016875
9766,17.94,-8.129616,0.225524,-4.220939,0.285503,0.562225,-0.001909
9766,17.94,-6.942775,0.263211,-4.987839,0.159818,0.560392,0.001145
9765,17.88,-7.808379,-0.061615,-5.431708,0.095906,0.604604,0.009163
9766,17.88,-7.958529,-0.072383,-5.291129,0.044822,0.671570,-0.001451
9766,17.88,-7.990233,-0.174676,-5.019544,0.070631,0.894154,0.115377
9765,17.88,-8.901899,-0.260219,-5.243871,0.127900,1.219134,0.239841
9766,17.81,-8.611171,-0.617947,-5.489135,0.086208,1.234482,0.057650
9765,17.81,-7.774879,-0.320040,-5.574081,0.150807,1.017014,0.052000
9766,17.81,-8.151151,0.288933,-5.351548,0.278249,0.822988,0.029932
9766,17.81,-7.570891,0.355932,-5.000401,0.317879,0.667905,-0.125227
9765,17.81,-6.686145,0.493520,-4.613960,0.298179,0.581086,-0.173868
9766,17.81,-6.167500,0.895514,-4.707879,0.187154,0.541456,-0.224569
9766,17.81,-6.899704,0.706481,-5.137390,-0.020540,0.616287,-0.185703
9765,17.81,-9.436695,0.364307,-5.703891,-0.132100,0.644768,-0.074755
9766,17.81,-8.778668,-0.191426,-5.712864,-0.055283,0.610483,-0.038790
9765,17.81,-7.762915,0.655633,-5.708677,0.144241,0.723570,-0.043753
8789,17.81,-6.963712,1.314258,-5.390431,0.037721,0.840856,-0.057269
9766,17.81,-6.888937,0.659223,-5.428717,-0.217315,0.856586,-0.098273
9766,17.88,-7.653443,0.564706,-5.608777,-0.144622,0.838413,-0.115072
9765,17.88,-7.089336,-0.156132,-5.833702,-0.134314,0.958600,-0.103236
9766,17.81,-6.839884,-0.186042,-6.433702,-0.110032,1.136973,-0.086590
9766,17.81,-7.606185,-0.524626,-6.832107,-0.087354,0.955775,0.067882
9765,17.88,-6.940382,-0.003589,-6.276972,0.059407,0.501826,0.394314
9766,17.88,-6.098707,0.629312,-5.608178,0.263741,0.124082,0.640798
9765,17.88,-5.726025,1.165903,-5.258826,0.320322,0.156992,0.629497
9766,17.88,-6.644869,1.140180,-5.509474,0.155465,0.477620,0.452346
9766,17.88,-7.342377,1.043271,-6.394819,0.071013,0.874148,0.288863
9765,17.88,-7.473982,0.492921,-7.783853,0.036805,1.036638,0.139430
9766,17.88,-7.581061,0.258425,-8.432906,0.014584,0.934777,0.072235
9766,17.88,-7.559525,0.148953,-8.563913,0.063377,0.824134,0.065897
9765,17.94,-7.299904,-0.002393,-8.514859,0.123395,0.632093,0.050015
9766,17.94,-6.901499,0.065204,-8.240882,0.166155,0.511371,0.052382
9765,17.88,-6.337989,0.311067,-7.747362,0.187001,0.535271,0.048564
9765,17.94,-6.160921,0.456431,-6.763314,0.220675,0.713796,0.424322
9766,17.81,-6.546763,0.305683,-6.891330,0.212352,0.664392,0.438143
9766,17.81,-6.497710,0.159123,-7.363912,0.169744,0.598877,0.209603
9765,17.88,-6.437291,0.199801,-7.576275,0.155083,0.531453,0.136452
9766,17.88,-6.377471,0.184846,-7.722836,0.168599,0.565967,0.103160
9765,17.88,-5.973084,0.385244,-8.065607,0.093233,0.607047,0.007407
9766,17.88,-6.014958,0.449252,-7.992626,0.016493,0.628504,-0.067577
9766,17.88,-6.283553,0.690329,-7.563713,0.041157,0.636522,-0.081245
9765,17.88,-6.139983,1.223331,-6.781260,0.104229,0.642707,-0.032147
9766,17.88,-5.338387,1.207179,-6.272187,0.173028,0.702190,0.122708
9766,17.88,-5.474180,0.783649,-6.332605,0.223271,0.659734,0.261985
9765,17.88,-5.392226,1.063610,-6.246464,0.125609,0.676915,0.254044
9766,17.88,-5.271389,0.957129,-6.489934,0.049098,0.689209,0.308334
9765,17.88,-4.789235,0.847657,-6.734600,0.065057,0.703946,0.282602
9766,17.88,-6.104690,0.753739,-7.175478,0.067577,0.733725,0.244804
9766,17.81,-6.267401,0.830310,-7.962118,0.041233,0.758542,0.042379
9765,17.81,-6.568897,0.296710,-8.149954,0.009392,0.863993,-0.131947
9766,17.81,-6.468398,-0.058026,-8.575877,0.041157,0.893772,-0.222737
9766,17.81,-5.726025,-0.080160,-8.844471,0.143782,0.937831,-0.268628
9765,17.88,-5.511868,0.027517,-8.742777,0.197004,0.852386,-0.298789
9766,17.88,-5.008776,0.232702,-8.344371,0.200746,0.803822,-0.265421
9765,17.81,-4.912466,1.048056,-7.674979,0.214032,0.819094,-0.176464
9766,17.81,-4.964509,1.362114,-7.034899,0.210214,0.861854,-0.011912
9766,17.88,-5.127819,1.329811,-7.112666,0.202273,0.869108,0.122402
9765,17.88,-5.438887,0.907478,-7.255637,0.219911,0.789162,0.223729
9766,17.88,-5.294120,0.605982,-7.850253,0.215941,0.652939,0.177227
9766,17.88,-5.337191,0.272782,-8.373085,0.189292,0.589332,0.121562
9765,17.88,-5.209774,-0.209372,-9.009576,0.170355,0.667981,0.010996
9766,17.88,-4.679165,-0.370888,-9.580863,0.212734,0.777402,-0.102549
9765,17.81,-4.710870,-0.175872,-9.694521,0.254731,0.885144,-0.142790
9766,17.81,-4.722834,0.113659,-9.565907,0.260763,1.020756,-0.169210
9766,17.81,-4.929813,0.120239,-9.525229,0.266261,1.092380,-0.195401
9765,17.81,-4.917849,0.090329,-9.403195,0.238772,1.064585,-0.165086
8789,17.88,-4.565506,0.319442,-8.913863,0.208305,0.960357,-0.091095
9766,17.88,-4.361518,-1.450649,-6.920641,0.323835,0.885220,-0.048869
9766,17.88,-4.499105,1.537389,-8.548958,0.371101,1.499292,-0.201738
9765,17.88,-4.086343,0.811765,-8.056036,0.125686,1.322523,-0.092622
9766,17.88,-3.897310,0.613759,-8.560922,0.387060,1.077490,0.062232
9766,17.88,-4.092325,0.695713,-8.525628,0.318872,0.982119,0.057803
9765,17.94,-3.994219,0.705883,-8.279167,0.163483,0.630642,0.180511
9766,17.94,-3.362514,0.522234,-8.477173,0.057879,0.741209,0.207389
9765,17.94,-3.495914,0.247657,-9.024531,-0.065592,1.015716,0.139964
9766,17.94,-3.400799,0.198006,-9.796216,-0.221439,1.146212,0.100411
9766,17.88,-3.062215,0.026919,-10.255638,-0.219453,1.260062,0.087736
9765,17.88,-2.956931,0.066401,-10.469796,-0.084987,1.377119,0.052229
9766,17.81,-3.446263,0.035294,-10.347762,0.053145,1.394758,-0.027184
9766,17.81,-3.483352,0.119641,-10.131810,0.100640,1.313742,-0.017715
9765,17.88,-3.490530,0.080758,-9.773484,0.165086,1.193478,-0.026038
9766,17.88,-3.246462,0.384048,-9.460025,0.181656,1.059546,0.037110
9765,17.81,-3.538387,0.579661,-9.112467,0.153556,0.872850,0.138743
9766,17.81,-3.035894,0.766900,-9.111870,0.053451,0.681802,0.239306
9766,17.81,-2.958725,0.781855,-9.326625,-0.063912,0.581544,0.318566
9765,17.81,-2.709274,0.776471,-9.614362,-0.007407,0.461661,0.386296
9766,17.81,-2.401796,0.738186,-9.710074,-0.011606,0.363312,0.402407
9766,17.81,-2.091925,0.575474,-9.872189,0.028482,0.346666,0.329562
9765,17.88,-2.135594,0.607777,-9.754940,0.052229,0.429515,0.277256
9766,17.88,-1.980061,0.521635,-9.738191,0.114003,0.538478,0.317650
9765,17.94,-2.219941,0.780060,-9.678370,0.232434,0.672334,0.374002
9766,17.94,-2.231307,0.951147,-9.690932,0.291917,0.692416,0.369192
9766,17.81,-2.548954,0.742971,-9.531211,0.326202,0.587347,0.221897
9766,17.81,-1.758127,0.716052,-9.644273,0.327958,0.216934,0.027947
9765,17.88,-1.514059,0.840479,-9.678968,0.305127,0.091859,-0.013134
9766,17.88,-1.432703,0.795614,-9.720244,0.241750,-0.005574,-0.051771
9765,17.88,-1.472184,0.735195,-10.344771,0.188376,-0.034208,-0.059330
9766,17.88,-1.275375,0.607777,-10.493126,0.184329,-0.140423,-0.059254
9766,17.88,-1.837688,0.384048,-10.849059,0.291383,-0.097051,-0.055665
9765,17.88,-1.819144,0.295514,-11.074582,0.344757,-0.119271,-0.022907
9766,17.88,-1.774278,0.643071,-10.648062,0.464716,-0.147448,0.030314
9766,17.88,-2.273780,0.689731,-10.315459,0.519694,-0.081398,0.031765
9765,17.88,-2.294119,0.601197,-9.786645,0.360869,0.068875,0.100335
9766,17.88,-2.480161,0.656232,-9.265010,0.293521,0.059178,0.113010
9765,17.81,-2.873780,0.506680,-8.997612,0.205174,-0.009392,0.076053
9766,17.81,-2.945565,0.354736,-9.071790,0.150884,-0.097433,-0.048335
9766,17.88,-2.814558,0.242872,-9.295518,0.123700,-0.131489,-0.119730
9765,17.88,-2.374877,0.198006,-9.512667,0.118890,-0.105985,-0.198913
9766,17.81,-1.898107,0.296710,-9.535997,0.091019,-0.045968,-0.282907
9766,17.81,-1.782055,0.292523,-9.691530,0.049404,0.010919,-0.324446
9765,17.88,-1.628914,0.260818,-9.780663,0.031918,0.062003,-0.326660
9766,17.88,-1.529612,0.309272,-9.687942,0.064064,0.121333,-0.302607
9765,17.81,-1.786840,0.324227,-9.498908,0.129962,0.174784,-0.253433
9766,17.81,-1.816152,0.260219,-9.418150,0.207694,0.210978,-0.205327
9766,17.81,-2.193620,0.104088,-9.354143,0.263130,0.202578,-0.184787
9765,17.81,-2.201397,0.113659,-9.447463,0.201891,0.104687,-0.213421
8789,17.81,-2.038685,0.240479,-9.449257,0.113697,-0.046426,-0.224951
9766,17.81,-1.615155,0.311665,-9.553944,0.054902,-0.166613,-0.223348
9766,17.81,-1.584049,0.364905,-9.733405,0.049786,-0.159589,-0.231136
9765,17.81,-1.438685,0.412164,-9.802198,0.083383,-0.041081,-0.211818
9766,17.81,-1.225724,0.358325,-9.957134,0.132100,0.109956,-0.196851
9765,17.81,-1.426721,0.148953,-9.999607,0.193339,0.253051,-0.161345
9766,17.88,-1.777867,0.083151,-9.977472,0.223653,0.372933,-0.140117
9766,17.88,-1.823331,-0.129212,-10.132408,0.181274,0.441274,-0.127747
9765,17.88,-1.716252,-0.163908,-10.181461,0.100487,0.478155,-0.112781
9766,17.88,-1.606182,-0.020339,-10.119247,0.044822,0.473421,-0.094073
9766,17.94,-1.618745,0.146560,-10.022936,-0.002367,0.472504,-0.084299
9765,17.94,-1.512264,0.414557,-9.865010,-0.051389,0.497855,-0.094455
9766,17.88,-1.481157,0.484547,-9.829716,-0.031612,0.503735,-0.128053
9765,17.88,-1.323231,0.345165,-9.769896,-0.058490,0.479911,-0.197386
9766,17.81,-1.102493,0.265005,-9.720244,-0.097357,0.443717,-0.221362
9766,17.81,-1.082154,0.100499,-9.646665,-0.136681,0.400880,-0.158061
9765,17.88,-1.048655,0.022732,-9.754342,-0.188146,0.340252,-0.103007
9766,17.88,-1.149153,0.101097,-9.785449,-0.222660,0.282754,-0.061926
9766,17.88,-1.116850,0.244068,-9.791430,-0.245721,0.242895,-0.039783
9765,17.88,-1.145564,0.460020,-9.694521,-0.215406,0.221820,-0.037492
9766,17.88,-1.199402,0.617348,-9.656236,-0.166308,0.243048,-0.046502
9765,17.88,-1.205384,0.658026,-9.741780,-0.126907,0.279700,-0.072922
9766,17.81,-1.034298,0.458824,-9.972089,-0.091477,0.261221,-0.102931
9766,17.81,-0.876371,0.312263,-9.943376,-0.043830,0.197080,-0.099953
9765,17.81,-0.839881,0.207577,-9.933206,-0.004200,0.129122,-0.076435
9766,17.81,-0.908076,0.173480,-9.810574,0.042226,0.062079,-0.052458
9766,17.88,-0.878166,0.482154,-9.693325,0.092928,-0.009087,-0.041081
9765,17.88,-1.009771,0.474377,-9.686147,0.110261,-0.064294,-0.041768
9766,17.88,-1.201795,0.588634,-9.592229,0.076587,-0.070250,-0.046197
9765,17.88,-1.091725,0.528814,-9.604192,0.052611,-0.084681,-0.064828
9766,17.88,-0.920040,0.627518,-9.411571,0.097815,-0.119882,-0.084070
9766,17.88,-0.707079,0.567099,-9.500703,0.160352,-0.161650,-0.090484
9765,17.88,-1.013959,0.444467,-9.577871,0.175929,-0.116904,-0.086208
9766,17.88,-0.712463,0.518644,-9.668200,0.204487,-0.140270,-0.083383
9766,17.81,-0.864407,0.272782,-9.650254,0.188376,-0.145462,-0.075976
9765,17.81,-0.902692,0.251845,-9.678968,0.203800,-0.130802,-0.063301
9766,17.88,-0.958924,0.239282,-9.775279,0.217850,-0.129809,-0.036499
9766,17.88,-0.883550,0.453440,-9.730414,0.177533,-0.162337,-0.060247
9765,17.81,-1.109672,0.522832,-9.701102,0.161116,-0.134925,-0.061621
9766,17.81,-1.136591,0.533001,-9.613764,0.116064,-0.133092,-0.066432
9766,17.88,-1.159921,0.449252,-9.562318,0.087506,-0.117057,-0.077656
9765,17.88,-0.968495,0.432503,-9.644870,0.088957,-0.101098,-0.092012
9766,17.81,-0.895514,0.381655,-9.774083,0.073915,-0.100640,-0.095753
9765,17.81,-0.643669,0.340379,-9.865608,0.041310,-0.111712,-0.101327
9766,17.88,-0.651446,0.299701,-9.891930,0.007941,-0.144393,-0.105222
9766,17.88,-0.753739,0.330210,-9.792627,-0.009087,-0.202655,-0.120417
9765,17.88,-0.894318,0.445663,-9.637094,0.001604,-0.238543,-0.128434
9766,17.88,-0.947558,0.449851,-9.606586,0.027184,-0.246484,-0.121104
9766,17.81,-0.979861,0.431905,-9.719049,0.056658,-0.228693,-0.127213
9765,17.81,-0.985245,0.375075,-9.779467,0.080481,-0.215483,-0.136299
8789,17.81,-0.973281,0.378066,-9.734003,0.091706,-0.232892,-0.123089
9766,17.81,-1.007977,0.364307,-9.638290,0.129962,-0.297339,-0.097662
9766,17.81,-1.087538,0.342174,-9.771092,0.166232,-0.352775,-0.085979
9765,17.81,-1.102493,0.323629,-9.900304,0.177380,-0.336205,-0.080711
9766,17.81,-1.102493,0.334995,-9.998410,0.179823,-0.330707,-0.077656
9765,17.81,-1.124627,0.398405,-10.015758,0.172569,-0.349491,-0.077809
9766,17.81,-1.093520,0.460618,-10.116257,0.150502,-0.367588,-0.079031
9766,17.81,-0.991227,0.546760,-10.112667,0.119501,-0.354378,-0.086667
9765,17.88,-1.091725,0.443270,-10.186845,0.082009,-0.346971,-0.100564
9766,17.88,-1.162314,0.270389,-10.286147,0.058719,-0.379347,-0.111407
9766,17.81,-1.123430,0.287139,-10.341182,0.069257,-0.413861,-0.124464
9765,17.81,-1.270589,0.361316,-10.348959,0.084299,-0.452498,-0.129962
9766,17.81,-1.544567,0.437887,-10.463216,0.081092,-0.479529,-0.127289
9765,17.81,-1.055235,0.381057,-10.537394,0.080405,-0.510454,-0.114919
9766,17.88,-0.900300,0.303290,-10.631910,0.107970,-0.534813,-0.096593
9766,17.88,-1.278964,0.272782,-10.465609,0.099342,-0.541532,-0.067806
9765,17.81,-1.352543,0.245264,-10.345369,0.071471,-0.557185,-0.033903
9766,17.81,-1.370489,0.238086,-10.211370,0.041004,-0.563294,-0.006109
9766,17.81,-1.666003,0.256032,-10.201202,0.025962,-0.501902,0.012217
9765,17.81,-1.695315,0.199203,-10.320843,0.052000,-0.409432,-0.012370
9766,17.81,-1.666601,0.281157,-10.399806,0.072846,-0.309098,-0.039630
9765,17.81,-1.649851,0.347558,-10.275379,0.075824,-0.332845,-0.078267
9766,17.88,-1.695913,0.355932,-10.180862,0.078343,-0.467923,-0.116599
9766,17.88,-1.401596,0.471984,-10.051052,0.087277,-0.540463,-0.120340
9765,17.88,-1.486541,0.443869,-10.054642,0.077427,-0.510912,-0.113392
9766,17.88,-1.627718,0.439681,-10.086346,0.069410,-0.538096,-0.120799
9766,17.81,-1.782653,0.363709,-10.226327,0.078191,-0.640110,-0.116599
9765,17.81,-1.746163,0.296112,-10.331013,0.095142,-0.710131,-0.122555
9766,17.81,-1.770091,0.418744,-10.323236,0.129733,-0.707535,-0.133169
9765,17.81,-1.836491,0.429512,-10.217952,0.152411,-0.699975,-0.129122
9766,17.88,-1.868795,0.428315,-10.158730,0.152945,-0.703259,-0.114232
9766,17.88,-1.962713,0.434896,-10.011570,0.141950,-0.768239,-0.103313
9765,17.81,-2.349752,0.364307,-9.787842,0.145844,-0.838489,-0.102473
9766,17.81,-2.489732,0.291924,-9.823734,0.135994,-0.888427,-0.074144
9766,17.81,-2.554338,0.328415,-9.841082,0.118050,-0.893467,-0.061392
9765,17.81,-2.558526,0.468993,-9.685549,0.103618,-0.826348,-0.076282
9766,17.81,-2.516651,0.510269,-9.580863,0.098731,-0.757244,-0.087506
9765,17.81,-2.514259,0.518046,-9.576077,0.091477,-0.739529,-0.114232
9766,17.81,-2.484348,0.549153,-9.498908,0.105603,-0.776868,-0.142026
9766,17.81,-2.400001,0.412762,-9.574283,0.112476,-0.811076,-0.152258
9765,17.88,-2.459822,0.339183,-9.680164,0.134848,-0.843605,-0.137903
9766,17.88,-2.590231,0.226122,-9.717254,0.188452,-0.901866,-0.109879
9766,17.81,-2.477170,0.242273,-9.684352,0.216628,-0.985326,-0.075595
9765,17.81,-2.705086,0.123230,-9.858430,0.228922,-1.119945,-0.082620
9766,17.81,-2.746960,0.233898,-9.809975,0.217163,-1.145067,-0.114232
9765,17.81,-2.959324,0.224327,-9.628120,0.166995,-1.098870,-0.118584
9765,17.81,-3.511467,0.141775,-9.351749,0.127594,-0.902706,-0.095829
9766,17.81,-3.577270,0.041276,-9.327224,0.137216,-0.990518,-0.100945
9766,17.88,-3.948158,0.074776,-9.122038,0.149204,-1.141478,-0.142561
8789,17.88,-3.774080,0.328415,-8.813963,0.172035,-1.282512,-0.214795
9765,17.88,-3.355934,0.464208,-8.732607,0.205785,-1.393384,-0.234190
9766,17.88,-2.745764,0.803988,-8.612368,0.229914,-1.482112,-0.219377
9765,17.88,-2.860021,0.693919,-8.471789,0.239917,-1.516320,-0.192423
9766,17.88,-3.159124,0.329611,-8.303693,0.242361,-1.478065,-0.145844
9766,17.88,-3.529413,0.156132,-8.369496,0.182343,-1.415375,-0.103007
9765,17.88,-4.113861,-0.136989,-8.657232,0.072998,-1.396896,-0.096822
9766,17.81,-4.472186,-0.198604,-8.685349,-0.000840,-1.364215,-0.102320
9766,17.81,-4.567301,-0.118445,-8.627921,-0.036499,-1.297707,-0.107589
9765,17.81,-4.890930,-0.186042,-8.663814,-0.015195,-1.220432,-0.161268
9766,17.81,-4.951348,-0.096311,-8.665607,0.018250,-1.213637,-0.239383
9765,17.88,-4.759923,-0.019741,-8.337193,0.042226,-1.259910,-0.333609
9766,17.88,-4.806583,0.483948,-7.822736,0.054291,-1.313437,-0.395459
9766,17.88,-4.454240,1.009173,-7.280163,0.073762,-1.426905,-0.380645
9765,17.88,-4.105486,0.838684,-7.610373,0.125456,-1.596038,-0.311312
9766,17.88,-4.046862,0.829711,-7.774282,0.217468,-1.713553,-0.277486
9766,17.88,-4.584050,0.504886,-7.825129,0.224188,-1.790599,-0.180129
9765,17.81,-5.167899,0.055633,-7.928618,0.185092,-1.669953,-0.120111
9766,17.81,-5.613563,-0.435494,-8.405987,0.114461,-1.434922,-0.102396
9765,17.81,-5.499305,-0.746561,-8.735598,0.082772,-1.200808,-0.088194
9766,17.81,-5.695516,-0.829113,-8.571091,0.067272,-1.013273,-0.105374
9766,17.81,-5.675178,-0.717847,-8.228917,0.046197,-0.894536,-0.115224
9765,17.81,-5.555536,-0.423530,-7.671988,0.032299,-0.812527,-0.104763
9766,17.81,-5.304290,-0.183649,-7.475178,0.047571,-0.744874,-0.086514
9766,17.81,-5.361718,-0.081356,-7.389635,0.045051,-0.662942,-0.082390
9765,17.88,-5.539983,0.027517,-7.344171,0.020693,-0.644005,-0.071853
9766,17.88,-5.767900,0.169292,-7.239485,-0.027947,-0.723799,-0.063683
9765,17.88,-5.977271,0.254237,-7.091729,-0.037110,-0.848492,-0.063835
9766,17.88,-5.949754,0.156730,-7.318449,-0.016264,-0.943176,-0.073838
9766,17.81,-6.229116,-0.042473,-7.689934,0.029245,-1.018847,-0.081703
9765,17.81,-6.415756,-0.148953,-7.876575,0.069180,-1.071305,-0.084070
9766,17.81,-6.409774,-0.238086,-7.853245,0.087659,-1.095205,-0.078878
9766,17.81,-6.309276,-0.235693,-7.651051,0.060705,-1.058324,-0.069715
9765,17.81,-6.165108,-0.060419,-7.198209,0.040699,-0.987693,-0.059865
9766,17.81,-6.236295,0.044865,-6.905687,0.014813,-0.901866,-0.054291
9765,17.88,-6.445068,0.038883,-6.922436,-0.031765,-0.863153,-0.052229
9766,17.88,-6.478568,0.132802,-6.877571,-0.065286,-0.912327,-0.055131
9766,17.88,-6.523433,0.123829,-6.964909,-0.055894,-1.057790,-0.049938
9765,17.88,-6.521040,0.111266,-6.825527,-0.013744,-1.175305,-0.044059
9766,17.81,-6.597013,0.031107,-6.808777,0.022373,-1.215774,-0.037415
9766,17.81,-6.692725,-0.195015,-7.021141,0.065134,-1.163622,-0.035583
9765,17.81,-6.653244,-0.311665,-7.085148,0.092852,-1.061149,-0.025427
9766,17.81,-6.763314,-0.183649,-6.742975,0.103465,-0.974025,-0.011988
9765,17.81,-6.841080,0.046660,-6.504889,0.099418,-0.903851,0.000764
9766,17.81,-7.197013,0.165703,-6.336793,0.093004,-0.854448,0.004811
9766,17.81,-7.301100,0.281755,-6.189634,0.071777,-0.832762,0.001069
9765,17.81,-7.210772,0.324227,-6.156733,0.016952,-0.793514,-0.002596
9766,17.88,-7.144969,0.294915,-6.221937,-0.011759,-0.764040,-0.006949
9766,17.88,-7.156933,0.217149,-6.317052,-0.013744,-0.792063,-0.014203
9765,17.81,-7.110273,0.236889,-6.092725,-0.022449,-0.839940,-0.018937
9766,17.81,-7.034301,0.044267,-6.305686,-0.035125,-0.879188,-0.021686
9765,17.88,-7.139585,0.039482,-6.144769,0.001069,-0.986166,-0.022373
8790,17.88,-7.421938,-0.057428,-6.309874,-0.013668,-1.023581,-0.017639
9765,17.88,-7.776076,-0.026321,-6.229116,-0.047571,-0.983951,-0.014508
9766,17.88,-7.937592,0.076570,-6.084949,-0.092775,-0.957837,-0.013668
9766,17.81,-7.706086,0.431905,-5.818747,-0.077656,-0.763123,-0.051847
9765,17.81,-7.629515,0.386441,-5.882755,-0.086132,-0.708527,-0.069791
9766,17.81,-7.549356,0.333799,-6.014958,-0.071471,-0.691805,-0.096135
9766,17.81,-7.445866,0.253041,-6.278169,-0.040164,-0.703106,-0.128205
9765,17.81,-7.462616,0.374477,-6.214161,-0.030009,-0.732427,-0.127976
9766,17.81,-7.399804,0.404985,-5.953941,-0.027336,-0.789314,-0.099495
9765,17.81,-7.363314,0.357727,-5.788836,-0.059330,-0.802906,-0.083612
9766,17.81,-7.506883,0.287737,-5.767900,-0.113545,-0.800081,-0.113086
9766,17.81,-7.676774,0.232702,-5.593822,-0.151036,-0.824592,-0.115606
9765,17.81,-7.891530,0.299103,-5.326424,-0.152411,-0.853913,-0.108810
9766,17.88,-8.074581,0.427119,-4.944170,-0.153327,-0.888733,-0.100106
9766,17.88,-8.108080,0.610768,-4.506882,-0.158061,-0.911945,-0.102549
9765,17.81,-8.157731,0.584447,-4.326224,-0.152029,-0.930348,-0.109116
9766,17.81,-8.365309,0.502493,-4.301697,-0.147219,-0.978912,-0.120646
9765,17.81,-8.381460,0.245264,-4.630711,-0.128816,-1.001361,-0.143248
9766,17.81,-8.349157,0.151346,-4.895117,-0.107130,-1.039235,-0.164781
9766,17.81,-8.234301,0.093320,-4.844270,-0.106901,-1.109789,-0.152411
9765,17.81,-8.068599,0.269193,-4.433302,-0.108047,-1.149267,-0.126525
9766,17.81,-8.080563,0.416351,-4.196413,-0.107970,-1.102459,-0.111636
9766,17.81,-8.165507,0.534796,-4.288537,-0.109345,-1.024421,-0.100335
9765,17.81,-8.216953,0.636491,-4.383053,-0.100258,-1.009226,-0.083459
9766,17.81,-8.223534,0.616750,-4.551747,-0.084910,-0.970589,-0.072311
9765,17.81,-8.312667,0.473779,-4.541578,-0.092622,-0.874606,-0.088499
9766,17.81,-8.592627,0.394816,-4.393821,-0.101556,-0.758160,-0.127824
9766,17.88,-8.824132,0.102891,-4.671388,-0.082772,-0.634536,-0.164934
9765,17.88,-8.724232,-0.054437,-4.791029,-0.037568,-0.580398,-0.170050
9766,17.88,-8.636894,-0.117248,-4.658228,0.014661,-0.598190,-0.163254
9766,17.88,-8.503493,0.120239,-4.285545,0.037797,-0.633696,-0.130343
9765,17.88,-8.377273,0.561117,-3.658028,0.056276,-0.679817,-0.086056
9766,17.88,-8.320443,0.763310,-3.302694,0.059254,-0.697226,-0.070402
9765,17.88,-8.564511,0.768694,-3.555735,0.041462,-0.642554,-0.073151
9766,17.88,-9.062817,0.446860,-4.056433,0.042455,-0.581315,-0.083612
9766,17.81,-9.542577,0.161516,-4.414758,0.070402,-0.534507,-0.089034
9765,17.81,-9.497712,0.013161,-4.755735,0.117821,-0.559323,-0.075518
9766,17.88,-9.259027,0.259621,-3.998407,0.161574,-0.634842,-0.053833
9766,17.88,-8.835499,0.534796,-3.423531,0.123318,-0.590096,-0.045204
9765,17.88,-8.654840,0.580260,-3.452245,0.036117,-0.470672,-0.049633
9766,17.88,-8.645866,0.489332,-3.601797,-0.034056,-0.411494,-0.058109
9765,17.81,-8.696116,0.377468,-3.798606,-0.077656,-0.372704,-0.061850
9766,17.81,-8.597412,0.297906,-4.117450,-0.083230,-0.380798,-0.061163
9766,17.88,-8.644670,0.276371,-4.133601,-0.062003,-0.434783,-0.057040
9765,17.88,-8.878569,0.242273,-4.091128,-0.038485,-0.456393,-0.052916
9766,17.81,-9.063415,0.217149,-3.896114,-0.002443,-0.465861,-0.047953
9766,17.81,-9.150155,0.176471,-3.617948,0.034208,-0.491747,-0.040241
9765,17.88,-8.947362,0.272184,-3.639483,0.048869,-0.502284,-0.033521
9766,17.88,-8.801400,0.442672,-3.559922,0.032987,-0.501368,-0.030543
9765,17.81,-8.712866,0.484547,-3.695715,0.013515,-0.485867,-0.033216
9766,17.81,-8.781660,0.549751,-3.621537,0.011836,-0.458149,-0.037339
8789,17.88,-8.749356,0.527617,-3.550351,0.025885,-0.410196,-0.048258
9766,17.88,-8.805588,0.275175,-3.229115,0.041768,-0.363999,-0.051847
9765,17.81,-8.975478,0.464806,-2.816951,0.149433,-0.325897,-0.050091
9766,17.81,-8.913863,0.442672,-2.542972,0.137368,-0.414701,-0.035201
9766,17.75,-9.334402,0.502493,-3.406781,0.109879,-0.685467,-0.048411
9765,17.75,-9.045468,0.526421,-3.145365,0.142942,-0.685238,-0.045051
9766,17.88,-8.913863,0.417548,-2.980859,0.135765,-0.609949,-0.050396
9766,17.88,-8.904890,0.372682,-2.676372,0.108734,-0.528704,-0.064752
9765,17.81,-9.138789,0.340379,-2.596811,0.082161,-0.464868,-0.085063
9766,17.81,-9.373285,0.385244,-2.636293,0.067959,-0.449979,-0.087048
9766,17.81,-9.563515,0.390628,-2.509473,0.059254,-0.495641,-0.090484
9765,17.81,-9.074182,0.622134,-2.743970,0.038332,-0.514196,-0.070631
9766,17.88,-9.011970,0.594616,-2.717649,0.073151,-0.483576,-0.058796
9766,17.88,-9.062219,0.497109,-2.669792,0.105451,-0.410043,-0.049786
9765,17.88,-9.131610,0.480957,-2.675774,0.115759,-0.317115,-0.046655
9766,17.88,-9.281759,0.447458,-2.648855,0.120493,-0.254349,-0.040928
9766,17.81,-9.340981,0.472582,-2.505884,0.119653,-0.251753,-0.038332
9765,17.81,-9.257234,0.738784,-2.285744,0.090026,-0.263512,-0.040470
9766,17.75,-9.284751,0.880559,-2.140380,0.057345,-0.231594,-0.055131
9765,17.75,-9.215359,0.848256,-2.363511,0.037263,-0.128816,-0.079947
9766,17.75,-9.165708,0.674776,-2.481357,0.047571,-0.051924,-0.095219
9766,17.75,-9.381063,0.344566,-2.769692,0.044593,-0.015653,-0.106978
9765,17.75,-9.344572,0.255434,-2.907280,0.033979,-0.073609,-0.114461
9766,17.75,-9.418150,0.272184,-2.764907,0.051771,-0.180969,-0.113239
9766,17.81,-9.298510,0.400200,-2.461616,0.048029,-0.248546,-0.115683
9765,17.81,-9.239885,0.552144,-2.234298,0.039477,-0.259083,-0.113392
9766,17.81,-9.254243,0.700499,-2.045864,0.037950,-0.254120,-0.117210
9765,17.81,-9.369098,0.714258,-2.134398,0.041386,-0.239765,-0.117744
9766,17.88,-9.492926,0.508475,-2.426322,0.060628,-0.212810,-0.121715
9766,17.88,-9.625130,0.380459,-2.603391,0.079336,-0.183565,-0.126296
9765,17.88,-9.572488,0.329013,-2.667399,0.080558,-0.161345,-0.129198
9766,17.88,-9.321241,0.313460,-2.645864,0.082925,-0.145768,-0.122326
9766,17.81,-9.113066,0.310469,-2.490330,0.096593,-0.150655,-0.107741
9765,17.81,-9.034102,0.247059,-2.516053,0.119271,-0.189979,-0.094455
9766,17.88,-9.190833,0.165105,-2.568695,0.142866,-0.223958,-0.079565
9765,17.88,-9.405588,0.159123,-2.571686,0.151647,-0.221973,-0.063606
9766,17.88,-9.519845,0.308076,-2.348556,0.140117,-0.205480,-0.054291
9766,17.88,-9.527024,0.503689,-2.156531,0.109879,-0.188605,-0.053756
9765,17.81,-9.463017,0.647857,-2.045265,0.092088,-0.181503,-0.058109
9766,17.81,-9.411571,0.701695,-1.965704,0.096669,-0.170126,-0.065439
9766,17.88,-9.354740,0.556929,-2.141577,0.103084,-0.117897,-0.074602
9765,17.88,-9.442677,0.379262,-2.258227,0.106672,-0.057803,-0.080634
9766,17.88,-9.489935,0.269791,-2.484946,0.097280,-0.007941,-0.085674
9765,17.88,-9.384053,0.237488,-2.495116,0.084147,0.003894,-0.083230
9766,17.81,-9.283554,0.388236,-2.280958,0.060094,-0.027642,-0.078343
9766,17.81,-9.232108,0.497707,-2.221736,0.048869,-0.056123,-0.077656
9765,17.75,-9.338590,0.549153,-2.178067,0.054978,-0.039019,-0.075824
9766,17.75,-9.483953,0.411566,-2.367698,0.055207,0.025962,-0.078343
8789,17.81,-9.656236,0.337388,-2.352743,0.051465,0.077809,-0.082467
9766,17.81,-9.708879,0.365504,-2.166103,0.061316,0.098273,-0.082314
9765,17.81,-9.476775,0.364307,-2.190031,0.074220,0.063988,-0.084223
9766,17.81,-9.192627,0.235693,-2.484348,0.073762,0.010996,-0.080252
9766,17.81,-9.017353,0.232104,-2.671587,0.079642,-0.021991,-0.075747
9765,17.81,-8.940185,0.280558,-2.803790,0.080634,0.003360,-0.068646
9766,17.81,-9.150155,0.266202,-2.910869,0.087430,0.047877,-0.061621
9765,17.81,-9.312267,0.351745,-2.855236,0.100335,0.083689,-0.054672
9766,17.75,-9.470793,0.470788,-2.611766,0.114843,0.077962,-0.051389
9766,17.75,-9.360723,0.463011,-2.605784,0.139964,0.047877,-0.050244
9765,17.88,-9.229715,0.436690,-2.691327,0.154167,0.015806,-0.050473
9766,17.88,-9.269795,0.373280,-2.582454,0.182267,-0.001680,-0.050320
9766,17.81,-9.337393,0.348156,-2.655435,0.186467,0.003436,-0.052534
9765,17.81,-9.439686,0.314058,-2.797808,0.185169,-0.008476,-0.051924
9766,17.75,-9.516256,0.369093,-2.470590,0.197920,-0.029703,-0.050549
9766,17.75,-9.216555,0.469591,-2.389234,0.101251,0.157909,-0.062919
9765,17.88,-9.125628,0.529412,-2.167897,0.073838,0.227547,-0.068188
9766,17.88,-9.330215,0.523430,-1.982454,0.056963,0.255494,-0.075060
9766,17.81,-9.553944,0.334397,-2.317449,0.034819,0.291230,-0.082849
9765,17.81,-9.637094,0.288933,-2.664408,0.025580,0.342161,-0.088270
9766,17.81,-9.491730,0.357129,-2.595614,0.045051,0.356822,-0.088728
9765,17.81,-9.357134,0.467797,-2.431108,0.071319,0.367665,-0.086590
9766,17.94,-8.972487,0.384048,-2.491527,0.068570,0.381638,-0.093539
9766,17.94,-9.090933,0.226720,-2.453840,0.016875,0.300698,-0.068188
9766,17.81,-9.369098,0.247059,-2.648257,0.019929,0.345062,-0.059559
9765,17.81,-9.638888,0.186640,-2.728416,0.031841,0.372628,-0.062537
9766,17.81,-9.556335,0.101097,-2.809772,0.025351,0.362090,-0.091706
9765,17.81,-9.198609,0.078365,-2.815754,0.001527,0.364457,-0.088423
9766,17.81,-8.787642,-0.101695,-2.815754,0.028329,0.399964,-0.059101
9766,17.81,-8.482556,-0.168096,-2.702693,0.005192,0.401949,-0.064675
9765,17.88,-8.449058,-0.013161,-2.666203,-0.062995,0.380035,-0.093386
9766,17.88,-8.510075,0.111864,-2.475375,-0.093386,0.380722,-0.077427
9766,17.88,-8.916854,0.500698,-2.399403,-0.124387,0.430507,-0.049709
9765,17.88,-9.439087,0.666401,-2.609373,-0.112017,0.432340,-0.050091
9766,17.81,-9.322437,0.882353,-2.964109,-0.060094,0.437227,-0.044364
9765,17.81,-9.297912,0.808176,-3.016752,-0.050473,0.518701,-0.106978
9766,17.81,-9.080763,0.533599,-3.461816,-0.072235,0.687452,-0.201051
9766,17.81,-8.429915,0.130409,-4.062415,-0.071242,0.835129,-0.275882
9765,17.81,-7.959127,-0.200399,-4.468597,-0.056047,0.925155,-0.362472
9766,17.81,-7.730014,-0.183649,-4.164110,-0.071700,0.983875,-0.424780
9766,17.81,-7.684550,0.206381,-3.657430,-0.104076,0.996779,-0.443259
9765,17.81,-7.887342,0.679562,-3.147758,-0.097815,0.948139,-0.375988
9766,17.81,-8.410772,0.862014,-3.225525,-0.083307,0.880944,-0.250378
9765,17.81,-8.758330,0.541376,-3.561118,-0.065134,0.776486,-0.147982
9766,17.81,-8.581261,0.308076,-4.091128,-0.007636,0.659200,-0.071853
9766,17.81,-8.410174,0.253041,-4.338786,0.045891,0.587500,-0.042302
9765,17.81,-8.075777,0.248854,-4.497311,0.094150,0.558560,-0.073533
9766,17.81,-7.459027,0.262612,-4.817949,0.075442,0.569174,-0.102625
8789,17.81,-7.146763,0.570090,-4.908278,0.005727,0.614989,-0.062003
9766,17.81,-6.975079,0.607777,-4.899304,-0.023518,0.638507,0.054291
9765,17.88,-7.362716,0.573679,-4.703691,-0.036881,0.674166,0.156840
9766,17.88,-8.238489,0.465404,-4.724030,-0.098960,0.764269,0.164552
9765,17.94,-8.772089,0.231506,-5.092525,-0.145310,0.876821,0.088575
9766,17.94,-8.546565,0.226122,-5.529215,-0.097357,0.882013,0.045051
9766,17.88,-7.784451,-0.233898,-5.773283,0.011759,0.807869,0.048640
9765,17.88,-6.858428,0.975075,-5.825925,0.147600,1.030911,0.069639
9766,17.88,-6.792625,0.090329,-6.643673,0.051389,1.098565,0.067882
9766,17.88,-6.830911,0.317647,-6.062217,0.066966,0.673632,0.077733
9765,17.88,-6.314660,1.039083,-5.166105,0.077504,0.757778,0.082238
9766,17.88,-7.272985,0.796212,-4.913661,-0.073609,0.821919,0.135688
9765,17.81,-7.841280,0.864407,-5.027321,-0.121944,0.855669,0.186772
9766,17.81,-8.129616,0.867398,-5.365905,-0.129885,0.763887,0.125151
9766,17.75,-8.099705,0.706481,-5.978468,-0.112323,0.737314,0.081703
9765,17.75,-7.683354,0.504287,-6.661020,-0.066355,0.715323,0.064446
9766,17.75,-7.135398,0.454636,-7.060024,-0.010919,0.613843,0.053603
9766,17.75,-6.579066,0.352343,-6.985248,0.031230,0.625373,0.053069
9765,17.81,-6.442676,0.376271,-6.729216,0.073151,0.725250,0.064064
9766,17.81,-6.141180,0.594616,-6.004789,0.093462,0.836885,0.095753
9765,17.88,-6.197411,0.836890,-5.356932,0.098197,0.929126,0.151036
9766,17.88,-6.808777,0.982852,-4.822734,0.135765,0.895147,0.209450
9766,17.81,-7.515857,0.662812,-5.067999,0.168828,0.779159,0.239536
9765,17.81,-7.492527,0.424128,-5.645267,0.233503,0.554971,0.149509
9766,17.88,-7.267003,0.406780,-6.327820,0.321315,0.367741,0.072464
9766,17.88,-6.778867,0.228515,-7.195218,0.414625,0.312610,0.059941
9765,17.81,-6.547959,0.267398,-7.662417,0.512516,0.377973,0.058643
9766,17.81,-6.055038,0.579063,-7.539186,0.587118,0.509003,0.036270
9765,17.81,-5.891130,0.975673,-6.814759,0.620486,0.678824,-0.024206
9766,17.81,-5.743971,1.182653,-6.323633,0.563294,0.865749,-0.065744
9766,17.88,-6.417551,1.046860,-6.037092,0.485485,0.981355,-0.073991
9765,17.88,-6.675378,0.910469,-6.245866,0.378889,0.903393,-0.038790
9766,17.81,-6.662217,0.660419,-7.074979,0.352240,0.770836,-0.031154
9766,17.81,-6.668199,0.476770,-7.705488,0.423177,0.682947,-0.071777
9765,17.88,-6.675378,0.636491,-7.886146,0.598419,0.717614,-0.103771
9766,17.75,-5.894719,1.068994,-6.719645,0.503429,1.424156,0.080711
9766,17.81,-2.628516,1.452443,-7.520642,0.476933,1.684461,0.100640
9765,17.81,-4.603791,1.073779,-7.384850,0.526031,2.046398,-0.087277
9766,17.81,-6.287740,-0.384048,-8.465807,0.549550,1.588479,-0.187154
9766,17.81,-7.475178,-0.534796,-8.529816,0.461585,1.049237,-0.153404
9765,17.88,-7.365109,-0.980459,-8.497512,0.601015,0.710665,0.041157
9766,17.88,-7.052845,-0.592224,-8.641082,0.661414,0.726777,-0.054443
9765,17.88,-6.471987,-0.598206,-8.683555,0.544739,0.644005,-0.108200
9766,17.88,-5.541179,-0.128614,-8.810374,0.517785,0.757015,-0.100029
9766,17.81,-4.158726,-0.002393,-9.145967,0.455476,1.013502,-0.083765
9765,17.81,-4.076174,-0.134596,-9.463017,0.361327,1.189126,0.016188
9766,17.81,-4.117450,-0.244666,-9.309875,0.277180,1.218065,0.198989
9766,17.81,-4.652844,-0.132203,-8.673385,0.345597,1.110018,0.322842
9765,17.81,-4.893921,0.125623,-7.868798,0.402713,0.898965,0.268093
9766,17.81,-5.374280,0.094517,-7.754540,0.333838,0.633238,0.058719
8789,17.81,-5.434101,0.382852,-7.887941,0.235183,0.522519,-0.072617
9766,17.81,-5.170890,0.354736,-8.377273,0.155542,0.535652,-0.119653
9765,17.81,-4.594818,0.137587,-9.041879,0.082849,0.587041,-0.139125
9766,17.81,-4.428517,-0.336790,-9.451651,0.050549,0.633009,-0.036652
9765,17.81,-3.153740,-0.342772,-9.708879,0.047113,0.758160,0.284052
9766,17.81,-2.806183,-0.396012,-9.780066,0.154243,1.044351,0.465098
9766,17.81,-3.678965,0.005384,-9.670593,0.246102,1.396591,0.570548
9765,17.81,-4.071388,0.123230,-9.584452,0.247706,1.546863,0.603000
9766,17.88,-4.817949,0.424128,-9.106485,0.262443,1.451798,0.436540
9766,17.88,-5.277969,0.196211,-8.513065,0.217621,1.143616,0.146073
9765,17.88,-4.808377,0.063410,-8.566903,0.066432,0.723417,-0.076587
9766,17.88,-3.818347,0.239880,-8.788239,-0.006261,0.491212,-0.185856
9765,17.88,-2.842674,0.528216,-9.200404,0.062385,0.443259,-0.134314
9766,17.88,-2.492723,0.437288,-9.458230,0.126067,0.584445,-0.079565
9766,17.81,-2.927619,0.321835,-9.763315,0.159665,0.797408,-0.009239
9765,17.81,-3.461816,0.111864,-9.995420,0.178144,1.004644,0.092241
9766,17.81,-4.155137,-0.414557,-10.125828,0.135307,1.120021,0.126831
9766,17.81,-4.016353,-0.530010,-10.190434,0.112552,1.052063,0.113239
9765,17.75,-3.291328,-0.165105,-9.950554,0.102396,0.874530,0.114919
9766,17.75,-3.841079,0.191426,-9.210573,0.055894,0.736780,0.034667
9765,17.81,-3.608377,0.559322,-9.130414,-0.000382,0.676304,-0.026878
9766,17.81,-3.625127,0.555733,-9.067602,-0.072158,0.415770,-0.059941
9766,17.88,-2.554338,0.561715,-9.622139,-0.066813,0.394084,-0.059178
9765,17.88,-1.928017,0.255434,-10.271791,-0.010537,0.756938,-0.061621
9766,17.81,-2.468795,-0.323031,-11.417952,-0.040012,1.225319,0.109269
9766,17.81,-2.964109,-0.285344,-11.732609,-0.008705,1.551598,0.386678
9765,17.75,-3.563511,-0.844666,-11.999409,-0.093004,1.533959,0.512134
9766,17.75,-3.139982,-0.040678,-11.506486,-0.251906,1.399950,0.358883
9765,17.81,-2.767898,0.320638,-10.530813,-0.290161,1.169425,0.118126
9766,17.81,-3.025724,1.020539,-9.528220,-0.246408,1.015563,0.078573
9766,17.81,-2.496911,0.656830,-8.578868,-0.252135,0.756786,0.027107
9765,17.81,-2.494518,0.816551,-8.023134,-0.118202,0.600710,-0.080100
9766,17.88,-2.042872,0.651446,-8.739785,0.015653,0.546190,-0.195782
9766,17.88,-1.727020,0.145364,-9.826127,0.132023,0.563523,-0.240146
9765,17.81,-1.140778,-0.137587,-11.152349,0.216934,0.675617,-0.189750
9766,17.81,-1.019343,0.060419,-12.383456,0.169668,0.865138,-0.067959
9765,17.75,-1.908874,-0.230309,-12.199209,0.029627,0.854142,0.050167
9766,17.75,-1.482354,-0.525225,-11.686547,-0.076664,0.557949,0.251829
9766,17.81,-1.810170,0.946960,-10.045669,-0.035201,0.270384,0.428522
9765,17.81,-2.600998,0.557528,-8.014162,-0.083230,0.221057,0.205403
9766,17.81,-2.443670,0.433101,-7.098309,-0.138666,0.313679,-0.106978
9766,17.81,-1.635494,1.115654,-7.493124,-0.053374,0.319253,-0.385303
9765,17.81,-0.128614,1.254437,-8.965309,-0.039935,0.393092,-0.319635
9766,17.81,-1.142573,0.886541,-10.375279,-0.067730,0.591623,-0.178754
9765,17.81,-1.076770,0.294915,-11.228919,-0.145997,0.726701,-0.025962
9765,17.81,-1.363311,0.620339,-9.148360,-0.106367,0.344604,-0.040699
9766,17.81,-1.797010,0.673580,-8.762517,-0.065592,0.362778,-0.136147
9766,17.81,-1.410569,0.957727,-8.921041,-0.073915,0.421879,-0.194866
9765,17.81,-0.915853,0.928415,-9.320045,-0.064446,0.475482,-0.222355
9766,17.81,-0.791426,0.845265,-9.942179,-0.078649,0.515036,-0.181274
8789,17.81,-0.533599,0.679562,-10.238889,-0.096975,0.488463,-0.125075
9765,17.81,-0.642473,0.404387,-10.203594,-0.114766,0.410960,-0.094684
9766,17.81,-0.348754,0.241077,-10.174880,-0.106138,0.320093,-0.060323
9766,17.81,-0.520439,0.285942,-10.212568,-0.034896,0.229991,-0.026573
9765,17.88,-1.066003,0.515653,-9.853644,0.053069,0.194866,0.005040
9766,17.88,-1.176671,0.684347,-9.525229,0.090637,0.170126,0.020311
9766,17.81,-0.940978,0.804587,-9.285349,0.094073,0.188757,-0.019319
9765,17.81,-0.614955,0.719043,-9.379866,0.096517,0.191812,-0.025962
9766,17.81,-0.745364,0.654437,-9.241081,0.095753,0.212810,-0.017104
9765,17.81,-0.966700,0.509671,-9.437293,0.087736,0.215635,-0.008247
9766,17.81,-0.882353,0.607777,-9.762717,0.083459,0.216246,-0.013439
9766,17.81,-1.099502,0.713061,-9.875778,0.067119,0.226402,-0.035277
9765,17.81,-0.628714,0.734597,-9.754342,0.046197,0.197844,-0.103313
9766,17.81,-0.343370,0.719043,-9.632308,0.072158,0.174707,-0.154473
9766,17.88,-0.312263,0.686142,-9.611969,0.092622,0.174937,-0.104840
9765,17.88,-0.228515,0.504886,-9.559925,0.104382,0.135154,-0.027031
9766,17.81,0.208774,0.554537,-9.668200,0.145386,0.078038,0.014203
9765,17.81,-0.244666,0.603590,-9.781261,0.171271,0.066890,0.055818
9766,17.81,-0.867996,0.509671,-9.814162,0.184863,0.059941,0.092088
9766,17.81,-0.879362,0.643669,-9.776476,0.187612,0.048258,0.067806
9765,17.88,-0.535992,0.687937,-9.954741,0.196164,0.034056,0.001451
9766,17.88,-0.408574,0.711865,-10.238889,0.222355,0.053069,-0.039324
9766,17.81,-0.325424,0.624527,-10.351950,0.200898,0.031460,-0.026344
9765,17.81,-0.133400,0.582652,-10.101302,0.173180,-0.045280,0.008094
9766,17.81,0.020937,0.567099,-9.780066,0.174478,-0.139964,0.032987
9765,17.81,0.089731,0.573081,-9.384651,0.201356,-0.201280,0.044059
9766,17.81,-0.090927,0.653839,-8.722437,0.277333,-0.261832,0.034056
9766,17.81,-0.187238,0.589831,-8.453244,0.416763,-0.344681,0.027565
9765,17.88,-0.335593,0.705883,-9.521042,0.615905,-0.336052,0.018631
9766,17.88,-0.530608,0.535992,-10.488340,0.645379,-0.195324,-0.001451
9766,17.81,-0.687338,0.578465,-10.581661,0.524962,-0.143935,-0.014508
9765,17.81,-0.461815,0.640678,-10.310075,0.398131,-0.166003,-0.019090
9766,17.81,-0.768694,0.552742,-9.719049,0.268781,-0.155236,-0.023671
9765,17.81,-0.664607,0.515055,-9.388241,0.201967,-0.150120,-0.030161
9766,17.81,-0.515055,0.334397,-9.557532,0.151113,-0.108581,-0.048106
9766,17.81,-0.450449,0.332602,-9.589836,0.072311,-0.042684,-0.052534
9765,17.81,-0.437288,0.368495,-9.570095,0.035507,-0.010766,-0.053603
9766,17.81,-0.359522,0.365504,-9.726227,0.029016,0.010690,-0.056963
9766,17.81,-0.351147,0.374477,-9.802796,0.057345,-0.047877,-0.062308
9765,17.81,-0.267996,0.350549,-9.858430,0.086743,-0.102320,-0.062308
9766,17.81,-0.540778,0.367896,-9.642478,0.080329,-0.114155,-0.065744
9765,17.81,-0.486939,0.346959,-9.705888,0.065973,-0.129885,-0.068035
9766,17.81,-0.460020,0.322433,-9.882957,0.020769,-0.072617,-0.067959
9766,17.81,-0.418744,0.324826,-9.732208,-0.059101,-0.042761,-0.103007
9765,17.81,-0.376870,0.410369,-9.413365,-0.093615,-0.070250,-0.155160
9766,17.81,-0.336790,0.467199,-9.355339,-0.056352,-0.076205,-0.164017
9766,17.75,-0.325424,0.450449,-9.391829,0.013668,-0.084681,-0.158825
9765,17.75,-0.352343,0.423530,-9.615559,0.094302,-0.109345,-0.147295
9766,17.81,-0.302692,0.475574,-9.784253,0.114461,-0.110948,-0.140194
9765,17.81,-0.354138,0.410967,-9.802796,0.106596,-0.115835,-0.120340
9766,17.88,-0.200997,0.464208,-9.910474,0.116064,-0.124464,-0.100869
9766,17.88,-0.440878,0.310469,-9.993625,0.100716,-0.133627,-0.094990
8789,17.88,-0.549153,0.324826,-9.720843,0.051313,-0.156687,-0.083918
9765,17.88,-0.454636,0.411566,-9.421740,0.011683,-0.156687,-0.082085
9766,17.81,-0.477368,0.305683,-9.455239,-0.028100,-0.100640,-0.131641
9766,17.88,-0.285942,0.435494,-9.673584,-0.059788,-0.034667,-0.267941
9766,17.81,-0.350549,0.244068,-9.834502,-0.021457,-0.070402,-0.204258
9765,17.81,-0.433101,0.364905,-9.815957,-0.002978,-0.093615,-0.201586
9766,17.75,-0.339781,0.547956,-9.734003,0.000764,-0.131183,-0.146073
9765,17.75,-0.281755,0.611366,-9.656835,0.022373,-0.156000,-0.055436
9766,17.81,-0.413360,0.792623,-9.495319,0.048029,-0.163636,-0.053451
9766,17.81,-0.332004,0.573679,-9.582658,0.090637,-0.171882,-0.151571
9765,17.81,-0.318844,0.437288,-9.530614,0.121028,-0.171577,-0.312992
9766,17.81,-0.193819,0.461815,-9.476176,0.134925,-0.138285,-0.486936
9766,17.81,-0.409771,0.690928,-9.495319,0.160887,-0.124693,-0.535042
9765,17.81,-0.464806,0.371486,-9.872189,0.165239,-0.109116,-0.385838
9766,17.81,-0.503689,0.378664,-9.827922,0.142179,-0.128740,-0.337121
9765,17.81,-0.470788,0.387637,-9.729218,0.121104,-0.143172,-0.205862
9766,17.75,-0.445663,0.387637,-9.698112,0.090943,-0.124006,-0.137292
9766,17.75,-0.379262,0.367896,-9.711271,0.065973,-0.090179,-0.101251
9765,17.81,-0.321835,0.397807,-9.745968,0.075976,-0.085750,-0.068188
9766,17.81,-0.377468,0.432503,-9.724432,0.107665,-0.115835,-0.038637
9766,17.81,-0.413958,0.485145,-9.596416,0.130649,-0.153174,-0.025504
9765,17.81,-0.444467,0.518644,-9.302099,0.160276,-0.184710,-0.025122
9766,17.81,-0.465404,0.510269,-9.324831,0.207618,-0.188223,-0.043448
9765,17.81,-0.455833,0.421137,-9.622139,0.225867,-0.138208,-0.056887
9766,17.81,-0.438485,0.409173,-9.764512,0.206549,-0.094837,-0.061316
9766,17.81,-0.430110,0.407378,-9.792029,0.187230,-0.075671,-0.063148
9765,17.88,-0.421137,0.385244,-9.745968,0.179136,-0.063835,-0.065439
9766,17.88,-0.414557,0.361316,-9.652647,0.193797,-0.075900,-0.053603
9766,17.81,-0.441476,0.317049,-9.652049,0.204182,-0.080329,-0.031154
9765,17.81,-0.445065,0.284148,-9.714262,0.206778,-0.071624,-0.013210
9766,17.88,-0.451645,0.346959,-9.682558,0.196011,-0.052763,0.014126
9765,17.88,-0.345165,0.351147,-9.556934,0.189368,-0.084681,0.017639
9766,17.81,-0.323629,0.339781,-9.654442,0.205709,-0.144011,0.004811
9766,17.81,-0.356531,0.382253,-9.540185,0.205556,-0.146837,-0.010003
9765,17.81,-0.405583,0.299103,-9.457034,0.214795,-0.110719,-0.033750
9766,17.81,-0.433101,0.285344,-9.710673,0.240375,-0.083918,-0.041386
9766,17.81,-0.452842,0.245863,-9.814761,0.241750,-0.060170,-0.039401
9765,17.81,-0.505484,0.306281,-9.709477,0.241368,-0.072388,-0.028023
9766,17.81,-0.498904,0.333799,-9.549756,0.253585,-0.088957,-0.010461
9765,17.81,-0.703490,0.407378,-9.612567,0.253356,-0.084070,0.010996
9766,17.81,-0.400200,0.339781,-9.774681,0.223653,-0.089721,0.037721
9766,17.81,-0.156730,0.086142,-9.897313,0.200287,-0.102167,0.023900
9765,17.75,-0.299701,0.108873,-9.760324,0.190361,-0.129503,-0.014432
9766,17.75,-0.398405,0.163310,-9.790833,0.189826,-0.165544,-0.029856
9766,17.81,-0.107079,0.066999,-9.812368,0.171882,-0.179518,-0.025198
9765,17.81,-0.329013,0.105284,-9.626327,0.153480,-0.157832,-0.037797
9766,17.88,-0.323031,0.083151,-9.558729,0.152716,-0.146073,-0.041539
9765,17.88,-0.375673,0.139980,-9.508479,0.154091,-0.144699,-0.040393
9766,17.81,-0.387637,0.223131,-9.453444,0.152258,-0.145615,-0.053298
8789,17.81,-0.368495,0.144766,-9.627522,0.149127,-0.122478,-0.076816
9766,17.75,-0.367298,0.282353,-9.714262,0.147142,-0.120340,-0.089797
9765,17.75,-0.368495,0.123829,-9.796815,0.160505,-0.163559,-0.119806
9766,17.81,-0.392423,0.071785,-9.893724,0.148364,-0.207847,-0.140041
9766,17.81,-0.422931,0.056231,-9.896116,0.113086,-0.237932,-0.130802
9765,17.81,-0.446261,0.022732,-9.899707,0.086896,-0.275271,-0.119653
9766,17.81,-0.368495,0.021535,-9.801003,0.064141,-0.291154,-0.090713
9765,17.81,-0.432503,0.254237,-9.561122,0.078725,-0.283518,-0.055131
9766,17.81,-0.467797,0.152542,-9.471989,0.115606,-0.272599,-0.064981
9766,17.81,-0.624527,0.295514,-9.297912,0.135154,-0.252745,-0.078954
9765,17.81,-0.552742,0.141775,-9.405588,0.155160,-0.252364,-0.129198
9766,17.81,-0.512662,0.087936,-9.738789,0.152487,-0.265421,-0.150578
9766,17.81,-0.555135,0.147757,-9.899108,0.136987,-0.297110,-0.145080
9765,17.81,-0.661017,-0.067597,-9.316456,0.103771,-0.208152,-0.120188
9766,17.81,-0.681955,-0.100499,-9.361919,0.107207,-0.112476,-0.090408
9766,17.75,-0.613161,-0.092124,-9.569496,0.094608,-0.025122,-0.079947
9765,17.75,-0.598804,0.075972,-9.713066,0.092164,0.015043,-0.046426
9766,17.81,-0.511466,-0.013759,-9.841681,0.083001,-0.016035,-0.039630
9766,17.81,-0.544965,0.330210,-10.030115,0.077580,-0.079031,-0.038332
